[1,["ecpdLyjvZBwrvm+cedCcQy","70Ppzqoe1H9abMsOg/WCul","3fEZ0LAuxFLKpQia3mZMq0","0a+AjKdsJE0ZjE93fgQYqM","8ceab/iFtAe7dOg5TRrEMu","3bp1cb5shLP4yUB6+6wpya","3bEvPcbsZIPI1f+08H4Lz7"],["node","_textureSetter","_spriteFrame","root","tileBg_chaonan","tileBg","sp_icon","data"],[["cc.Node",["_name","_active","_prefab","_components","_contentSize","_parent","_children","_trs"],1,4,9,5,1,2,7],"cc.SpriteFrame",["cc.Sprite",["_sizeMode","node","_materials","_spriteFrame"],2,1,3,6],["cc.PrefabInfo",["fileId","root","asset"],2,1,1],["cc.Prefab",["_name"],2],["cc.Node",["_name","_parent","_components","_prefab","_contentSize","_trs"],2,1,2,4,5,7],["41d0ckKEF9HJ6aGQqoRLAyG",["node","sp_icon","tileBg","tileBg_chaonan"],3,1,1,1,1]],[[3,0,1,2,2],[0,0,1,5,3,2,4,7,3],[2,0,1,2,3,2],[4,0,2],[0,0,6,3,2,4,2],[0,0,5,6,2,2],[0,0,5,3,2,4,7,2],[5,0,1,2,3,4,5,2],[6,0,1,2,3,1],[3,1,2,1],[2,1,2,3,1],[2,1,2,1]],[[[{"name":"fk2","rect":[0,0,126,142],"offset":[0,0],"originalSize":[126,142],"capInsets":[0,0,0,0]}],[1],0,[0],[1],[1]],[[{"name":"ydi","rect":[0,0,122,137],"offset":[0,0],"originalSize":[122,137],"capInsets":[0,0,0,0]}],[1],0,[0],[1],[2]],[[{"name":"tilebg","rect":[0,0,143,149],"offset":[0,0],"originalSize":[143,149],"capInsets":[0,0,0,0]}],[1],0,[0],[1],[3]],[[[3,"Tile"],[4,"Tile",[-6,-7,-8],[[8,-5,-4,-3,-2]],[9,-1,0],[5,76,76]],[1,"tilebg",false,1,[[10,-9,[0],1]],[0,"e3D3iAX59ACq00JlPCgf3T",1,0],[5,143,149],[5,-6,0,0,0,0,1,0.68,0.68,0.68]],[5,"chaonan",1,[-10,-11],[0,"2fK6Oe4ylEjLzjWvF38PTt",1,0]],[6,"fk",3,[[2,0,-12,[2],3]],[0,"beT2hMsapPm6ZhIitpFUJC",1,0],[5,122,137],[0,4,0,0,0,0,1,0.76,0.76,1]],[1,"fk2",false,3,[[2,0,-13,[4],5]],[0,"31aBShkI5BVqBtrXieIssD",1,0],[5,126,140],[0,4,0,0,0,0,1,0.65,0.65,1]],[7,"0",1,[-14],[0,"25tNRqo29PYbXMUsOelqea",1,0],[5,58,57],[0,4,0,0,0,0,1,0.72,0.72,0.72]],[11,6,[6]]],0,[0,3,1,0,4,4,0,5,2,0,6,7,0,0,1,0,-1,2,0,-2,3,0,-3,6,0,0,2,0,-1,4,0,-2,5,0,0,4,0,0,5,0,-1,7,0,7,1,14],[0,0,0,0,0,0,0],[-1,2,-1,2,-1,2,-1],[0,4,0,5,0,6,0]]]]