[1,["aaVkxuOKZBBoVfEDn7TgAM","7dvK2cSKJAvoWYgfNaf8Ih","43kpwCnRBA7qczh5t1fGU/","45F3ic1PJAb5P1RnEetIoa","8eW43rwYRBr5p+Mlx6cvMH","c3Bo0K+7dJFq14ISRY6KEq","ecpdLyjvZBwrvm+cedCcQy","76389YmzlF+pstX7gPCqA6","a5/h7SCO1Etra4tofBj6iQ","8bYfQ7NYxEUK7TKp5hgdue","85ig/V851MpZcFTZrH18IQ","e9zG3dGVJAZ75Dsq1vNyxf","a6bkahnnBM0YniuktdTNC6","a0ogAi56lFD49iKLxcIo3q","3bLwmPCAxCCJLpCOw2mQ4k","48MC0gytpK2KPR83qOsMW7","feqL6oARdMSLch/b7Gi/UC","23jqoDUJpHxbR2cj7UcFOT","6612sRfspNGowTsnT+q+dX","1e0XKyz69AzJ953dNDKjLh","b2Ue//ikRI35Pw7qLeWofU","a1ZDNq4BhKxqS3dY8JjhzT","712JXSRWNKF4Jx/WobOtMJ","42HZf8KpZP4aGMG4IJyuim","5cGI3IEu9NsbzZYi3xTn6O","83RerYXZFDLr/xTioABhXI","8aEBQkop5DoogzzCcx9bWn"],["_textureSetter","root","node","data","_spriteFrame"],["cc.SpriteFrame",["cc.Node",["_name","_prefab","_children","_parent","_components","_contentSize"],2,4,2,1,9,5],["cc.PrefabInfo",["fileId","root","asset"],2,1,1],["cc.Prefab",["_name"],2],["cc.ParticleSystem",["_dstBlendFactor","_custom","totalParticles","duration","emissionRate","life","lifeVar","angle","angleVar","startSize","startSizeVar","endSize","endSizeVar","startSpinVar","endSpin","endSpinVar","_positionType","speed","speedVar","tangentialAccel","radialAccel","node","_materials","_startColor","_startColorVar","_endColor","_endColorVar","posVar","_spriteFrame"],-18,1,3,8,8,8,8,5,6]],[[2,0,1,2,2],[3,0,2],[1,0,2,1,2],[1,0,3,2,1,2],[1,0,3,4,1,5,2],[2,1,2,1],[4,0,1,2,3,4,5,6,7,8,9,10,11,12,13,14,15,16,17,18,19,20,21,22,23,24,25,26,27,28,22]],[[[{"name":"que_4","rect":[0,0,121,98],"offset":[0,0],"originalSize":[121,98],"capInsets":[0,0,0,0]}],[0],0,[0],[0],[0]],[[{"name":"que_2","rect":[0,0,121,100],"offset":[0,0],"originalSize":[121,100],"capInsets":[0,0,0,0]}],[0],0,[0],[0],[1]],[[{"name":"quan_5","rect":[0,0,121,104],"offset":[0,0],"originalSize":[121,104],"capInsets":[0,0,0,0]}],[0],0,[0],[0],[2]],[[{"name":"que_3","rect":[0,0,121,100],"offset":[0,0],"originalSize":[121,100],"capInsets":[0,0,0,0]}],[0],0,[0],[0],[3]],[[{"name":"quedingbtn","rect":[0,0,385,154],"offset":[0,0],"originalSize":[385,154],"capInsets":[0,0,0,0]}],[0],0,[0],[0],[4]],[[{"name":"bj","rect":[0,0,720,1280],"offset":[0,0],"originalSize":[720,1280],"capInsets":[0,0,0,0]}],[0],0,[0],[0],[5]],[[[1,"xingxing_animate1"],[2,"xingxing_animate1",[-2],[5,-1,0]],[3,"particle",1,[-3],[0,"9enSAgDflJ/qn89G6/GzKL",1,0]],[4,"start2",2,[[6,1,true,100,0.4,25,0.5,0.3,360,360,20,20,20,20,100,100,20,1,100,100,0,-600,-4,[0],[4,4284412403],[4,0],[4,4284412403],[4,0],[0,50,0],1]],[0,"6ej565ECZEO6iQ4HGt2mpi",1,0],[5,80,80]]],0,[0,1,1,0,-1,2,0,-1,3,0,2,3,0,3,1,4],[0,0],[-1,4],[6,7]],[[{"name":"quan_1","rect":[0,0,121,102],"offset":[0,0],"originalSize":[121,102],"capInsets":[0,0,0,0]}],[0],0,[0],[0],[8]],[[{"name":"luosi_zhuang","rect":[0,0,91,200],"offset":[0,0],"originalSize":[91,200],"capInsets":[0,0,0,0]}],[0],0,[0],[0],[9]],[[{"name":"que_1","rect":[0,0,121,97],"offset":[0,0],"originalSize":[121,97],"capInsets":[0,0,0,0]}],[0],0,[0],[0],[10]],[[{"name":"quan_4","rect":[0,0,121,105],"offset":[0,0],"originalSize":[121,105],"capInsets":[0,0,0,0]}],[0],0,[0],[0],[11]],[[{"name":"quan_9","rect":[0,0,120,103],"offset":[0,0],"originalSize":[120,103],"capInsets":[0,0,0,0]}],[0],0,[0],[0],[12]],[[{"name":"que_8","rect":[0,0,121,101],"offset":[0,0],"originalSize":[121,101],"capInsets":[0,0,0,0]}],[0],0,[0],[0],[13]],[[{"name":"fx_star01","rect":[0,0,128,128],"offset":[0,0],"originalSize":[128,128],"capInsets":[0,0,0,0]}],[0],0,[0],[0],[14]],[[{"name":"que_7","rect":[0,0,121,101],"offset":[0,0],"originalSize":[121,101],"capInsets":[0,0,0,0]}],[0],0,[0],[0],[15]],[[{"name":"quan_7","rect":[0,0,121,104],"offset":[0,0],"originalSize":[121,104],"capInsets":[0,0,0,0]}],[0],0,[0],[0],[16]],[[{"name":"que_6","rect":[0,0,121,99],"offset":[0,0],"originalSize":[121,99],"capInsets":[0,0,0,0]}],[0],0,[0],[0],[17]],[[{"name":"quan_6","rect":[0,0,120,104],"offset":[0,0],"originalSize":[120,104],"capInsets":[0,0,0,0]}],[0],0,[0],[0],[18]],[[{"name":"que_10","rect":[0,0,120,100],"offset":[0,0],"originalSize":[120,100],"capInsets":[0,0,0,0]}],[0],0,[0],[0],[19]],[[{"name":"que_5","rect":[0,0,121,100],"offset":[0,0],"originalSize":[121,100],"capInsets":[0,0,0,0]}],[0],0,[0],[0],[20]],[[{"name":"quan_10","rect":[0,0,120,104],"offset":[0,0],"originalSize":[120,104],"capInsets":[0,0,0,0]}],[0],0,[0],[0],[21]],[[{"name":"que_9","rect":[0,0,120,101],"offset":[0,0],"originalSize":[120,101],"capInsets":[0,0,0,0]}],[0],0,[0],[0],[22]],[[{"name":"quan_2","rect":[0,0,121,104],"offset":[0,0],"originalSize":[121,104],"capInsets":[0,0,0,0]}],[0],0,[0],[0],[23]],[[{"name":"phb","rect":[0,0,74,79],"offset":[0,0],"originalSize":[74,79],"capInsets":[0,0,0,0]}],[0],0,[0],[0],[24]],[[{"name":"quan_3","rect":[0,0,121,104],"offset":[0,0],"originalSize":[121,104],"capInsets":[0,0,0,0]}],[0],0,[0],[0],[25]],[[{"name":"quan_8","rect":[0,0,120,104],"offset":[0,0],"originalSize":[120,104],"capInsets":[0,0,0,0]}],[0],0,[0],[0],[26]]]]