[1,["ecpdLyjvZBwrvm+cedCcQy","eehYmpmJBMw4q5eYsfY4n5","eeoPrjQ41B+JQnXjtLblXL","67lwpiUgVK9LGda0UNCIGy","addXa+K8pMRbCn/lBMiTp9","745LS0gKZDioFQkZazPfE7","7aR76tBdNBF6QX8NE2VrdZ","77+4VmDuJGy5dmLgR4btTP","0c0K3//uVDvoVafstEtLK0","daQO4TBD9DHJ+3fGFs+74P","99K1Z2amJLd4zArgcrkrZ5","1f7zhB7bVKwIJCg9ycALnS","a2MjXRFdtLlYQ5ouAFv/+R","e42srEif5JPL2PezL7k26Z","2dbtG0vPZMZ5NcbqE5p1gk","a0ao9hUAVD9apv8yqKWkdE","f9auQNMhRHNoO8XEAFKhSh","51pOYjHoRPKJW2OHsMl3TI","00in64ifFIUL0A+uuR41ez","487JNKWLlAjJDxHFyFyDvx","3eVHrMintMmJerda524MoN","b1RIrlAbNNypt1F42G9zC5","13CwKXXMNH74Zs101GBdZw","1e8Twp1ANPF48tC4klvvI5","03tY9M4jNDSZ4PbMJ1rGk1","c88q3LlB5NWpt+p2sTAzRT"],["node","_spriteFrame","_textureSetter","root","data","_parent","_N$normalSprite"],["cc.SpriteFrame",["cc.Node",["_name","_opacity","_prefab","_contentSize","_children","_components","_parent","_trs","_color"],1,4,5,2,9,1,7,5],["cc.Button",["zoomScale","_N$transition","node","_N$normalSprite"],1,1,6],["cc.PrefabInfo",["fileId","root","asset"],2,1,1],["cc.Sprite",["_sizeMode","node","_materials","_spriteFrame"],2,1,3,6],["cc.Prefab",["_name"],2],["7598f5/8pNLAJOhzx/dDCi3",["node"],3,1],["cc.BlockInputEvents",["node"],3,1]],[[3,0,1,2,2],[4,1,2,3,1],[1,0,6,5,2,3,7,2],[2,0,1,2,3],[1,0,6,4,5,2,3,7,2],[5,0,2],[1,0,4,5,2,3,2],[1,0,4,2,2],[1,0,6,4,2,3,7,2],[1,0,1,6,5,2,8,3,3],[6,0,1],[3,1,2,1],[4,0,1,2,3,2],[7,0,1],[2,2,1],[2,0,1,2,3,3]],[[[{"name":"3","rect":[0,0,231,93],"offset":[0,0],"originalSize":[231,93],"capInsets":[0,0,0,0]}],[0],0,[0],[2],[2]],[[{"name":"9","rect":[0,0,231,93],"offset":[0,0],"originalSize":[231,93],"capInsets":[0,0,0,0]}],[0],0,[0],[2],[3]],[[{"name":"7","rect":[0,0,231,93],"offset":[0,0],"originalSize":[231,93],"capInsets":[0,0,0,0]}],[0],0,[0],[2],[4]],[[{"name":"8","rect":[0,0,231,93],"offset":[0,0],"originalSize":[231,93],"capInsets":[0,0,0,0]}],[0],0,[0],[2],[5]],[[{"name":"bt","rect":[0,0,281,57],"offset":[0,0],"originalSize":[281,57],"capInsets":[0,0,0,0]}],[0],0,[0],[2],[6]],[[{"name":"5","rect":[0,0,231,93],"offset":[0,0],"originalSize":[231,93],"capInsets":[0,0,0,0]}],[0],0,[0],[2],[7]],[[{"name":"4","rect":[0,0,231,93],"offset":[0,0],"originalSize":[231,93],"capInsets":[0,0,0,0]}],[0],0,[0],[2],[8]],[[{"name":"ms","rect":[1,0,192,49],"offset":[0.5,0],"originalSize":[193,49],"capInsets":[0,0,0,0]}],[0],0,[0],[2],[9]],[[{"name":"6","rect":[0,0,231,93],"offset":[0,0],"originalSize":[231,93],"capInsets":[0,0,0,0]}],[0],0,[0],[2],[10]],[[{"name":"10","rect":[0,0,231,93],"offset":[0,0],"originalSize":[231,93],"capInsets":[0,0,0,0]}],[0],0,[0],[2],[11]],[[[5,"shuzihuarongdao_sel_mode"],[6,"shuzihuarongdao_sel_mode",[-3,-4,-5],[[10,-2]],[11,-1,0],[5,720,1280]],[7,"mode",[-6,-7,-8,-9,-10,-11,-12,-13],[0,"49KBB/L8ZC3rg6KNK62dCB",1,0]],[8,"node_ui",1,[-14,-15,-16,2],[0,"81X53698hG3byi5zA80T2Z",1,0],[5,720,1280],[0,0,0,0,0,0,1,1,1,0]],[9,"bk",200,1,[[12,0,-17,[0],1],[13,-18],[14,-19]],[0,"d2sjuDLihB5KpqXIikgn+1",1,0],[4,4278190080],[5,1000,2000]],[4,"5",2,[-22],[[1,-20,[17],18],[3,1.1,3,-21]],[0,"bbdjqWACFBboR0pqNJcpyE",1,0],[5,231,93],[-160,102.96199999999999,0,0,0,0,1,1,1,0]],[4,"6",2,[-25],[[1,-23,[21],22],[3,1.1,3,-24]],[0,"74lnHk4TdM2pNE3lbN0ePk",1,0],[5,231,93],[160,102.31400000000002,0,0,0,0,1,1,1,0]],[4,"7",2,[-28],[[1,-26,[25],26],[3,1.1,3,-27]],[0,"d1n075umlCdL+8Yfk2S6a3",1,0],[5,231,93],[-160,-71.03800000000001,0,0,0,0,1,1,1,0]],[4,"8",2,[-31],[[1,-29,[29],30],[3,1.1,3,-30]],[0,"3cGHMdy0RJmbjF2zaYJyHd",1,0],[5,231,93],[160,-71.68599999999998,0,0,0,0,1,1,1,0]],[4,"9",2,[-34],[[1,-32,[33],34],[3,1.1,3,-33]],[0,"94gBFNbLxNEYKHT9H5+yOs",1,0],[5,231,93],[-160,-265.038,0,0,0,0,1,1,1,0]],[4,"10",2,[-37],[[1,-35,[37],38],[3,1.1,3,-36]],[0,"46EunJtYtBRaO73KlB/67U",1,0],[5,231,93],[160,-265.686,0,0,0,0,1,1,1,0]],[2,"exit",3,[[1,-38,[8],9],[15,1.1,3,-39,10]],[0,"983AWb0cdKS5gi1ZWxzSmJ",1,0],[5,84,89],[-280.256,560.631,0,0,0,0,1,1,1,0]],[2,"3",2,[[1,-40,[11],12],[3,1.1,3,-41]],[0,"21nEA3/6BJ84GuFw3e3mRi",1,0],[5,231,93],[-160,284.962,0,0,0,0,1,1,1,0]],[2,"4",2,[[1,-42,[13],14],[3,1.1,3,-43]],[0,"b9SzOpj/RBdbzFdioH9nQG",1,0],[5,231,93],[160,284.314,0,0,0,0,1,1,1,0]],[2,"bj",1,[[1,-44,[2],3]],[0,"54fFM3ka9IdYgdOMWrnJU8",1,0],[5,720,1280],[0,0,0,0,0,0,1,1.5,1.5,1]],[2,"bt",3,[[1,-45,[4],5]],[0,"93LmClN3lIVJfNSxKLPHNz",1,0],[5,281,57],[0,548.452,0,0,0,0,1,1,1,1]],[2,"ms",3,[[1,-46,[6],7]],[0,"8bqkR97JxDWqzqTwInI0zo",1,0],[5,192,49],[-5.706,470.719,0,0,0,0,1,1,1,1]],[2,"sp",5,[[1,-47,[15],16]],[0,"5beTTAo6dAKZVwExnVqBPq",1,0],[5,38,30],[102.271,34.772,0,0,0,0,1,1,1,1]],[2,"sp",6,[[1,-48,[19],20]],[0,"f0ry5DXX1N94fnnRhkHwCd",1,0],[5,38,30],[102.271,34.772,0,0,0,0,1,1,1,1]],[2,"sp",7,[[1,-49,[23],24]],[0,"4aOTXGqZNOEbZL1YzwiU4E",1,0],[5,38,30],[102.271,34.772,0,0,0,0,1,1,1,1]],[2,"sp",8,[[1,-50,[27],28]],[0,"c71mQijT9NLaOUsaw3Ol4i",1,0],[5,38,30],[102.271,34.772,0,0,0,0,1,1,1,1]],[2,"sp",9,[[1,-51,[31],32]],[0,"167N09y6JKh7jXysPvwcbh",1,0],[5,38,30],[102.271,34.772,0,0,0,0,1,1,1,1]],[2,"sp",10,[[1,-52,[35],36]],[0,"a2cZFbL1BN+ZHP4taUTI0X",1,0],[5,38,30],[102.271,34.772,0,0,0,0,1,1,1,1]]],0,[0,3,1,0,0,1,0,-1,4,0,-2,14,0,-3,3,0,-1,12,0,-2,13,0,-3,5,0,-4,6,0,-5,7,0,-6,8,0,-7,9,0,-8,10,0,-1,15,0,-2,16,0,-3,11,0,0,4,0,0,4,0,0,4,0,0,5,0,0,5,0,-1,17,0,0,6,0,0,6,0,-1,18,0,0,7,0,0,7,0,-1,19,0,0,8,0,0,8,0,-1,20,0,0,9,0,0,9,0,-1,21,0,0,10,0,0,10,0,-1,22,0,0,11,0,0,11,0,0,12,0,0,12,0,0,13,0,0,13,0,0,14,0,0,15,0,0,16,0,0,17,0,0,18,0,0,19,0,0,20,0,0,21,0,0,22,0,4,1,2,5,3,52],[0,0,0,0,0,0,0,0,0,0,0,0,0,0,0,0,0,0,0,0,0,0,0,0,0,0,0,0,0,0,0,0,0,0,0,0,0,0,0],[-1,1,-1,1,-1,1,-1,1,-1,1,6,-1,1,-1,1,-1,1,-1,1,-1,1,-1,1,-1,1,-1,1,-1,1,-1,1,-1,1,-1,1,-1,1,-1,1],[0,12,0,13,0,14,0,15,0,16,17,0,18,0,19,0,1,0,20,0,1,0,21,0,1,0,22,0,1,0,23,0,1,0,24,0,1,0,25]]]]