[1,["7f9gCqJihPGYqPV5Xe+V+x"],0,[["sp.SkeletonData",["_name","_atlasText","textureNames","_skeletonJson","textures"],-1,3]],[[0,0,1,2,3,4,5]],[[0,"jqzy","\njqzy.png\nsize: 1260,264\nformat: RGBA8888\nfilter: Linear,Linear\nrepeat: none\neffect_d03_01\n  rotate: true\n  xy: 1074, 64\n  size: 198, 184\n  orig: 285, 260\n  offset: 48, 38\n  index: -1\neffect_d03_02\n  rotate: true\n  xy: 853, 23\n  size: 239, 219\n  orig: 285, 260\n  offset: 26, 19\n  index: -1\neffect_d03_03\n  rotate: false\n  xy: 570, 7\n  size: 281, 255\n  orig: 285, 260\n  offset: 3, 1\n  index: -1\neffect_d03_04\n  rotate: false\n  xy: 2, 2\n  size: 283, 260\n  orig: 285, 260\n  offset: 2, 0\n  index: -1\neffect_d03_05\n  rotate: false\n  xy: 287, 2\n  size: 281, 260\n  orig: 285, 260\n  offset: 2, 0\n  index: -1\njq\n  rotate: false\n  xy: 1074, 22\n  size: 127, 40\n  orig: 127, 41\n  offset: 0, 0\n  index: -1\n",["jqzy.png"],{"skeleton":{"hash":"xe88f0kduGXkY+Do3T+myUfyPNI","spine":"3.8.75","x":-197.77,"y":-96.5,"width":368.14,"height":260.97,"images":"","audio":""},"bones":[{"name":"root"},{"name":"bone","parent":"root","x":224.5,"y":2.5},{"name":"jq","parent":"bone","x":-230,"y":32},{"name":"effect_d03_01","parent":"bone","x":-222,"y":26},{"name":"effect_d03_1","parent":"bone","x":-169.91,"y":20.09,"scaleX":0.864,"scaleY":0.864},{"name":"effect_d03_2","parent":"bone","x":-291.81,"y":45.33,"scaleX":0.864,"scaleY":0.864}],"slots":[{"name":"effect_d03_01","bone":"effect_d03_01","attachment":"effect_d03_01"},{"name":"effect_d03_1","bone":"effect_d03_1","attachment":"effect_d03_01"},{"name":"effect_d03_2","bone":"effect_d03_2","attachment":"effect_d03_01"},{"name":"jq","bone":"jq","attachment":"jq"}],"skins":[{"name":"default","attachments":{"effect_d03_01":{"effect_d03_01":{"x":-8.5,"y":5,"width":285,"height":260},"effect_d03_02":{"x":-8.5,"y":5,"width":285,"height":260},"effect_d03_03":{"x":-8.5,"y":5,"width":285,"height":260},"effect_d03_04":{"x":-8.5,"y":5,"width":285,"height":260},"effect_d03_05":{"x":-8.5,"y":5,"width":285,"height":260}},"effect_d03_1":{"effect_d03_01":{"x":-8.5,"y":5,"width":285,"height":260},"effect_d03_02":{"x":-8.5,"y":5,"width":285,"height":260},"effect_d03_03":{"x":-8.5,"y":5,"width":285,"height":260},"effect_d03_04":{"x":-8.5,"y":5,"width":285,"height":260},"effect_d03_05":{"x":-8.5,"y":5,"width":285,"height":260}},"effect_d03_2":{"effect_d03_01":{"x":-8.5,"y":5,"width":285,"height":260},"effect_d03_02":{"x":-8.5,"y":5,"width":285,"height":260},"effect_d03_03":{"x":-8.5,"y":5,"width":285,"height":260},"effect_d03_04":{"x":-8.5,"y":5,"width":285,"height":260},"effect_d03_05":{"x":-8.5,"y":5,"width":285,"height":260}},"jq":{"jq":{"x":5,"y":1,"width":127,"height":41}}}}],"animations":{"jiqiang":{"slots":{"effect_d03_2":{"attachment":[{"name":null},{"time":0.8,"name":"effect_d03_01"},{"time":0.8667,"name":"effect_d03_02"},{"time":0.9333,"name":"effect_d03_03"},{"time":1,"name":"effect_d03_04"},{"time":1.0667,"name":"effect_d03_05"},{"time":1.1333,"name":null}]},"effect_d03_1":{"attachment":[{"name":null},{"time":1,"name":"effect_d03_01"},{"time":1.0667,"name":"effect_d03_02"},{"time":1.1333,"name":"effect_d03_03"},{"time":1.2,"name":"effect_d03_04"},{"time":1.2667,"name":"effect_d03_05"},{"time":1.3333,"name":null}]},"jq":{"color":[{"time":0.5,"color":"ffffffff"},{"time":0.5667,"color":"ffffff00"}]},"effect_d03_01":{"attachment":[{"name":null},{"time":0.5667,"name":"effect_d03_01"},{"time":0.6333,"name":"effect_d03_02"},{"time":0.7,"name":"effect_d03_03"},{"time":0.7667,"name":"effect_d03_04"},{"time":0.8333,"name":"effect_d03_05"},{"time":0.9,"name":null}]}},"bones":{"jq":{"scale":[{},{"time":0.2667,"x":0.839,"y":0.839},{"time":0.5,"x":1.27,"y":1.27}]}}}}},[0]]],0,0,[0],[-1],[0]]