[1,["ecpdLyjvZBwrvm+cedCcQy","bdF6zH9UhGJINCdB6L7Cm5","aag2ZEAWNK97Z9bMdoyy1B","181srGEu5FGqzkb/u6g8t+","8cUaZYdylCw6TgWNhiomFd","a4DGS23v5BMKvNpwxZAaow","59qB4loFhPypwoEbmMuP8d","aeWDe7oslGE7wNij5/5IS1","8dqnd2vhtBmKewiB7PU0mv","aeRQpNLlxIw60jJKLCWYe3","dadU+xDmZE9Io8t4yLy41n","15w/u+rNRPjK4ePznyHrE+","ae0KXsu4ZOkoh/ucpXUZcI","8e7J5lcn5PQYKniXyPIrFe","85qCukqdxNfZeH+Sqimifg"],["node","_textureSetter","_spriteFrame","root","data"],[["cc.Node",["_name","_opacity","_prefab","_components","_parent","_contentSize","_trs","_eulerAngles","_children","_anchorPoint"],1,4,9,1,5,7,5,2,5],"cc.SpriteFrame",["cc.PrefabInfo",["fileId","root","asset"],2,1,1],["cc.Prefab",["_name"],2],["895c4RRsHdCyIqh01g1YTQL",["node"],3,1],["cc.Sprite",["_sizeMode","node","_materials","_spriteFrame"],2,1,3,6]],[[2,0,1,2,2],[5,0,1,2,3,2],[0,0,4,8,2,2],[0,0,1,4,3,2,5,6,3],[3,0,2],[0,0,8,3,2,2],[0,0,1,4,3,2,5,9,6,7,3],[0,0,1,4,3,2,5,6,7,3],[0,0,4,3,2,5,9,6,7,2],[0,0,4,3,2,5,6,7,2],[0,0,4,3,2,5,6,2],[4,0,1],[2,1,2,1]],[[[{"name":"2","rect":[0,1,94,99],"offset":[0,-0.5],"originalSize":[94,100],"capInsets":[0,0,0,0]}],[1],0,[0],[1],[1]],[[{"name":"yuanquan2","rect":[0,0,100,100],"offset":[0,0],"originalSize":[100,100],"capInsets":[0,0,0,0]}],[1],0,[0],[1],[2]],[[{"name":"18","rect":[0,1,90,94],"offset":[0,-0.5],"originalSize":[90,95],"capInsets":[0,0,0,0]}],[1],0,[0],[1],[3]],[[[4,"ping_dongwu"],[5,"ping_dongwu",[-3,-4,-5],[[11,-2]],[12,-1,0]],[2,"bk_hua",1,[-6,-7,-8],[0,"3dcz5Dy3FKVKew1GTeta9X",1,0]],[2,"hua",1,[-9,-10,-11],[0,"d3RNudqmtP35b87y/GzARE",1,0]],[3,"yuanquan2",50,1,[[1,0,-12,[0],1]],[0,"baNTBXJVxEj59PgOT+C+lS",1,0],[5,160,160],[-1,54,0,0,0,0,1,1,1,1]],[6,"1",100,2,[[1,0,-13,[2],3]],[0,"f63V+ikFFAeKnRrA/eq6Gz",1,0],[5,70,70],[0,0.5,0],[-65,54.234,0,0,0,0.17364817766693033,0.984807753012208,1,1,1],[1,0,0,20]],[7,"3",100,2,[[1,0,-14,[4],5]],[0,"01iuARMRlL87bi02wEHOC0",1,0],[5,70,70],[66,81.986,0,0,0,-0.17364817766693033,0.984807753012208,1,1,1],[1,0,0,-20]],[3,"2",100,2,[[1,0,-15,[6],7]],[0,"824JpPUkxK25ZHZYA+cziM",1,0],[5,70,70],[-18,18.421,0,0,0,0,1,1,1,1]],[8,"1",3,[[1,0,-16,[8],9]],[0,"e6syY085pBgbM5/o2cgzki",1,0],[5,70,70],[0,0.5,0],[-50,61,0,0,0,0.17364817766693033,0.984807753012208,1,1,1],[1,0,0,20]],[9,"3",3,[[1,0,-17,[10],11]],[0,"72gEzJU7hOmoyUUW0Z/o70",1,0],[5,70,70],[51,94,0,0,0,-0.17364817766693033,0.984807753012208,1,1,1],[1,0,0,-20]],[10,"2",3,[[1,0,-18,[12],13]],[0,"9eQtdiJ1NEfqy5Tmvyw34g",1,0],[5,70,70],[1.421,26.808999999999997,0,0,0,0,1,1,1,1]]],0,[0,3,1,0,0,1,0,-1,4,0,-2,2,0,-3,3,0,-1,5,0,-2,6,0,-3,7,0,-1,8,0,-2,9,0,-3,10,0,0,4,0,0,5,0,0,6,0,0,7,0,0,8,0,0,9,0,0,10,0,4,1,18],[0,0,0,0,0,0,0,0,0,0,0,0,0,0],[-1,2,-1,2,-1,2,-1,2,-1,2,-1,2,-1,2],[0,4,0,5,0,6,0,7,0,8,0,9,0,10]],[[{"name":"1","rect":[0,0,97,91],"offset":[0,0],"originalSize":[97,91],"capInsets":[0,0,0,0]}],[1],0,[0],[1],[11]],[[{"name":"21","rect":[0,0,92,83],"offset":[0,0],"originalSize":[92,83],"capInsets":[0,0,0,0]}],[1],0,[0],[1],[12]],[[{"name":"9","rect":[0,0,97,86],"offset":[0,0],"originalSize":[97,86],"capInsets":[0,0,0,0]}],[1],0,[0],[1],[13]],[[{"name":"22","rect":[0,0,94,92],"offset":[0,0],"originalSize":[94,92],"capInsets":[0,0,0,0]}],[1],0,[0],[1],[14]]]]