[1,["ecpdLyjvZBwrvm+cedCcQy","b30KESiEtMk7JxQwSkBjJY","20oUnMOlxJLK0TBmcL/NFU","a2MjXRFdtLlYQ5ouAFv/+R","38xMIxoqxLgoj3QsWhhEba","7eHH3bX6pPk6oYlcnStgxu"],["node","_spriteFrame","_textureSetter","root","_parent","data"],[["cc.Node",["_name","_groupIndex","_opacity","_active","_prefab","_components","_parent","_contentSize","_color","_trs","_children","_anchorPoint","_eulerAngles"],-1,4,9,1,5,5,7,12,5,5],["cc.Node",["_name","_children","_prefab","_parent","_components","_contentSize"],2,2,4,1,9,5],"cc.SpriteFrame",["cc.PrefabInfo",["fileId","root","asset"],2,1,1],["cc.Sprite",["_sizeMode","node","_materials","_spriteFrame"],2,1,3,6],["cc.Prefab",["_name"],2],["ba9d42yz85IW5gkW6PHJFo/",["node"],3,1],["cc.Mask",["_N$alphaThreshold","_N$inverted","node","_materials"],1,1,3],["cc.BlockInputEvents",["node"],3,1],["cc.Label",["_string","_fontSize","_lineHeight","_styleFlags","_N$horizontalAlign","_N$verticalAlign","_N$overflow","node","_materials"],-4,1,3]],[[3,0,1,2,2],[4,0,1,2,3,2],[4,1,2,3,1],[5,0,2],[0,0,1,10,5,4,3],[0,0,6,4,7,2],[0,0,2,6,5,4,8,7,3],[0,0,1,6,5,4,7,11,3],[0,0,6,5,4,7,2],[0,0,3,6,5,4,7,9,12,3],[0,0,6,5,4,8,7,9,2],[1,0,1,2,2],[1,0,3,1,4,2,5,2],[1,0,3,1,2,2],[3,1,2,1],[6,0,1],[7,0,1,2,3,3],[8,0,1],[9,0,1,2,3,4,5,6,7,8,8]],[[[{"name":"shoushi","rect":[2,2,122,125],"offset":[-0.5,-1],"originalSize":[127,127],"capInsets":[0,0,0,0]}],[2],0,[0],[2],[2]],[[[3,"yingdao_shou_dianji"],[4,"yingdao_shou_dianji",1,[[[5,"btn",-4,[0,"cf0SOWPWJNLKoCd5/4wSfN",-3,0],[5,1000,2000]],-5,-6,-7],4,1,1,1],[[15,-2]],[14,-1,0]],[11,"info",[-8,-9,-10],[0,"f3lnx0i3VIgJZ36STk97Xi",1,0]],[12,"mask_zhezhao",1,[-12],[[16,0,true,-11,[2]]],[0,"edij9eDGBM9LxjbfiCth7i",1,0],[5,1000,2000]],[6,"bk",150,3,[[1,0,-13,[0],1],[17,-14]],[0,"f4ZVnQ0HJJqYoN4H3YS/75",1,0],[4,4278190080],[5,1000,2000]],[7,"finger",1,1,[[1,0,-15,[3],4]],[0,"81ANx6mo5PRJma+5I+BQ1i",1,0],[5,80,82],[0,0.44,0.94]],[13,"qipaotishi",1,[2],[0,"6ednsfx4FOG4tBzXguZif6",1,0]],[8,"bk",2,[[2,-16,[5],6]],[0,"22phaBPEVNJZzjH3cAJu42",1,0],[5,210,102]],[9,"bk2",false,2,[[2,-17,[7],8]],[0,"dfkXVc9XNDsYzx+XwnjKAe",1,0],[5,210,102],[-1.28,20.479,0,0,0,1,6.123233995736766e-17,1,1,1],[1,0,0,180]],[10,"stip",2,[[18,"可铲除不需要的花朵",24,28,1,1,1,3,-18,[9]]],[0,"5da6aQuhdKgIXnd3kzkHCd",1,0],[4,4282285619],[5,190,63.279999999999994],[0,10,0,0,0,0,1,1,1,1]]],0,[0,3,1,0,0,1,0,3,1,0,4,1,0,-2,3,0,-3,5,0,-4,6,0,-1,7,0,-2,8,0,-3,9,0,0,3,0,-1,4,0,0,4,0,0,4,0,0,5,0,0,7,0,0,8,0,0,9,0,5,1,2,4,6,18],[0,0,0,0,0,0,0,0,0,0],[-1,1,-1,-1,1,-1,1,-1,1,-1],[0,3,0,0,4,0,1,0,1,0]],[[{"name":"qipaotishi","rect":[0,0,210,102],"offset":[0,0],"originalSize":[210,102],"capInsets":[0,0,0,0]}],[2],0,[0],[2],[5]]]]