[1,["ecpdLyjvZBwrvm+cedCcQy","e4GVAXjfdMlqT557J44j1p","a2MjXRFdtLlYQ5ouAFv/+R","b6PYYEETJHEq7yzOTWYCln","f57ZegAc9NhKUBjHpgio9f","d1uBRI2CZIvKBq8dMXvdAe","74ug/ysftA/ILEizkvv1Mb","80CxgCajtFyota7svvmLYG","a9Ktem6ZdORoQR2pdodQ+4","a42xcvArZNn5JJvlEza7qQ","c1twSPkhFJM5c3T8MQtYwy","55dk/3H+9GArswffc2Hold","00DTUXarBBY4/xsdqxZuhe"],["node","_spriteFrame","_textureSetter","root","exitbtn","data","_parent"],[["cc.Node",["_name","_opacity","_active","_prefab","_components","_parent","_contentSize","_trs","_children","_color","_anchorPoint"],0,4,9,1,5,7,2,5,5],"cc.SpriteFrame",["cc.Sprite",["_sizeMode","node","_materials","_spriteFrame"],2,1,3,6],["cc.PrefabInfo",["fileId","root","asset"],2,1,1],["cc.Button",["_N$transition","zoomScale","node"],1,1],["cc.Label",["_string","_styleFlags","_N$verticalAlign","_fontSize","_lineHeight","_N$horizontalAlign","node","_materials"],-3,1,3],["cc.Prefab",["_name"],2],["f7adbzVjyxN1ZVWT+a1LClA",["node"],3,1],["ca966QzSppLHYFm8m8/0jbW",["node","exitbtn"],3,1,1]],[[3,0,1,2,2],[0,0,5,4,3,6,7,2],[2,1,2,3,1],[5,0,3,4,1,5,2,6,7,7],[2,0,1,2,3,2],[0,0,5,8,4,3,6,7,2],[0,0,5,4,3,6,10,7,2],[0,0,5,4,3,9,6,7,2],[4,1,0,2,3],[4,0,2,2],[2,1,2,1],[6,0,2],[0,0,8,4,3,2],[0,0,5,8,3,2],[0,0,8,4,3,6,7,2],[0,0,1,5,4,3,9,6,3],[0,0,5,8,3,7,2],[0,0,5,4,3,6,2],[0,0,2,5,4,3,6,7,3],[0,0,5,4,3,9,6,2],[7,0,1],[8,0,1,1],[3,1,2,1],[5,0,1,2,6,7,4]],[[[[11,"fuhuo_sel_dlg"],[12,"fuhuo_sel_dlg",[-5,-6],[[20,-2],[21,-4,-3]],[22,-1,0]],[13,"panel",1,[-7,-8,-9,-10,-11,-12,-13,-14,-15],[0,"29tUucL8VOQI3h20vIeNSg",1,0]],[14,"addjinbi",[-17,-18,-19,-20],[[8,1.1,3,-16]],[0,"1cj3kwy71DyJuEZx9cELzk",1,0],[5,224,51],[-94.625,367.497,0,0,0,0,1,1,1,0]],[5,"jinbigoumai",2,[-23,-24],[[2,-21,[23],24],[9,3,-22]],[0,"6bOm83mY1OW73ie6Pt1KBS",1,0],[5,308,86],[0,-53.010000000000005,0,0,0,0,1,1,1,0]],[5,"bg",2,[-26,-27],[[2,-25,[5],6]],[0,"4fZbowvpVFcbf5TH33RCT6",1,0],[5,453,531],[0,20,0,0,0,0,1,1,1,1]],[1,"gb",2,[[2,-28,[9],10],[8,1.1,3,-29]],[0,"a8NiJnKY9DxrGkRmmF83i/",1,0],[5,64,67],[215.792,272.049,0,0,0,0,1,1,1,0]],[1,"mianfeibtn",2,[[2,-30,[25],26],[9,3,-31]],[0,"5aJWQfh65FNoVOxD+LvMz9",1,0],[5,308,86],[0,-162.765,0,0,0,0,1,1,1,0]],[15,"bk",180,1,[[4,0,-32,[0],1]],[0,"a9tyoPddZGTKm2pcpI3DQN",1,0],[4,4278190080],[5,1000,2000]],[1,"clock1",5,[[2,-33,[2],3]],[0,"76ma+UJX9IHqt+EcYuFYyj",1,0],[5,42,44],[-91.16,232.741,0,0,0,0,1,1,1,1]],[6,"t",5,[[3,"时间到了!!",30,30,1,1,1,-34,[4]]],[0,"edMWxHEOBC+4cFLzIitcz6",1,0],[5,139.98,37.8],[0,0,0.5],[-53.301,232.521,0,0,0,0,1,1,1,1]],[1,"texiao",2,[[10,-35,[7]]],[0,"210+piqo1DBLMO5ErjsDxj",1,0],[5,261,251],[0,29,0,0,0,0,1,1,1,1]],[1,"icon_start",2,[[10,-36,[8]]],[0,"36hLJ/B0lPgZ60XQa/bFYa",1,0],[5,133,123],[0,29,0,0,0,0,1,1,1,1]],[16,"top",2,[3],[0,"b9fpylBZFFa6jcBXBNNBGI",1,0],[0,-30,0,0,0,0,1,1,1,1]],[17,"1tiao",3,[[2,-37,[11],12]],[0,"8aI9XbhnBIdZKvse6KvCus",1,0],[5,208,57]],[1,"1",3,[[4,0,-38,[13],14]],[0,"5cXOjaDXxFtqhYWKp1BXCd",1,0],[5,55,55],[-95.825,0,0,0,0,0,1,1,1,1]],[18,"plus",false,3,[[2,-39,[15],16]],[0,"468JO0w75Dhouf3qF+enuo",1,0],[5,46,48],[-76.307,-20.339,0,0,0,0,1,1,1,1]],[19,"c",3,[[3,"100",30,30,1,1,1,-40,[17]]],[0,"d8sTX4fXVCyJuGY+R7loUF",1,0],[4,4288887728],[5,50.05,37.8]],[7,"stip",2,[[3,"复活游戏，增加游戏时间",26,26,1,1,1,-41,[18]]],[0,"56rbfZsTNNYKRztNkqxCPC",1,0],[4,4294803102],[5,286,32.76],[0,169.614,0,0,0,0,1,1,1,1]],[7,"addsec",2,[[3,"+60s",60,60,1,1,1,-42,[19]]],[0,"bbTzUfmw5AZZZ9hyii4V9B",1,0],[4,4281638169],[5,135.15,75.6],[0,88.613,0,0,0,0,1,1,1,1]],[1,"1",4,[[4,0,-43,[20],21]],[0,"8958LDd2xJ1aIHZiRGtDL3",1,0],[5,55,55],[-77.403,-1.108,0,0,0,0,1,1,1,1]],[6,"c",4,[[23,"500",1,1,-44,[22]]],[0,"8e3C3BymJLAqE5LD0DcAoF",1,0],[5,66.74,50.4],[0,0,0.5],[-16.867,0,0,0,0,0,1,1,1,1]]],0,[0,3,1,0,0,1,0,4,6,0,0,1,0,-1,8,0,-2,2,0,-1,5,0,-2,11,0,-3,12,0,-4,6,0,-5,13,0,-6,18,0,-7,19,0,-8,4,0,-9,7,0,0,3,0,-1,14,0,-2,15,0,-3,16,0,-4,17,0,0,4,0,0,4,0,-1,20,0,-2,21,0,0,5,0,-1,9,0,-2,10,0,0,6,0,0,6,0,0,7,0,0,7,0,0,8,0,0,9,0,0,10,0,0,11,0,0,12,0,0,14,0,0,15,0,0,16,0,0,17,0,0,18,0,0,19,0,0,20,0,0,21,0,5,1,3,6,13,44],[0,0,0,0,0,0,0,0,0,0,0,0,0,0,0,0,0,0,0,0,0,0,0,0,0,0,0],[-1,1,-1,1,-1,-1,1,-1,-1,-1,1,-1,1,-1,1,-1,1,-1,-1,-1,-1,1,-1,-1,1,-1,1],[0,2,0,3,0,0,4,0,0,0,5,0,6,0,1,0,7,0,0,0,0,1,0,0,8,0,9]],[[{"name":"clock1","rect":[0,0,42,44],"offset":[0,0],"originalSize":[42,44],"capInsets":[0,0,0,0]}],[1],0,[0],[2],[10]],[[{"name":"gb","rect":[0,0,64,67],"offset":[0,0],"originalSize":[64,67],"capInsets":[0,0,0,0]}],[1],0,[0],[2],[11]],[[{"name":"2banzi","rect":[0,0,453,531],"offset":[0,0],"originalSize":[453,531],"capInsets":[0,0,0,0]}],[1],0,[0],[2],[12]]]]