[1,["fd5sxktTZNxIplFK1aTCvO"],0,[["sp.SkeletonData",["_name","_atlasText","textureNames","_skeletonJson","textures"],-1,3]],[[0,0,1,2,3,4,5]],[[0,"zhujidi_jc","\nzhujidi_jc.png\nsize: 1649,650\nformat: RGBA8888\nfilter: Linear,Linear\nrepeat: none\nbaozha22/01\n  rotate: true\n  xy: 384, 14\n  size: 204, 180\n  orig: 454, 281\n  offset: 127, 30\n  index: -1\nbaozha22/02\n  rotate: true\n  xy: 1080, 246\n  size: 402, 223\n  orig: 454, 281\n  offset: 48, 30\n  index: -1\nbaozha22/03\n  rotate: false\n  xy: 566, 24\n  size: 316, 196\n  orig: 454, 281\n  offset: 78, 23\n  index: -1\nbaozha22/04\n  rotate: false\n  xy: 2, 2\n  size: 380, 212\n  orig: 454, 281\n  offset: 56, 15\n  index: -1\nbaozha22/05\n  rotate: true\n  xy: 829, 237\n  size: 411, 249\n  orig: 454, 281\n  offset: 26, 9\n  index: -1\nbaozha22/06\n  rotate: false\n  xy: 884, 2\n  size: 364, 233\n  orig: 454, 281\n  offset: 31, 29\n  index: -1\nbaozha22/07\n  rotate: true\n  xy: 1305, 248\n  size: 400, 267\n  orig: 454, 281\n  offset: 11, 7\n  index: -1\nbaozha22/08\n  rotate: true\n  xy: 2, 216\n  size: 432, 274\n  orig: 454, 281\n  offset: 0, 7\n  index: -1\nbaozha22/09\n  rotate: true\n  xy: 554, 222\n  size: 426, 273\n  orig: 454, 281\n  offset: 11, 5\n  index: -1\nbaozha22/10\n  rotate: true\n  xy: 278, 220\n  size: 428, 274\n  orig: 454, 281\n  offset: 11, 0\n  index: -1\neffect/fx_handgun_fire\n  rotate: false\n  xy: 1574, 307\n  size: 60, 57\n  orig: 68, 65\n  offset: 4, 4\n  index: -1\neffect/fx_punch\n  rotate: false\n  xy: 1295, 10\n  size: 57, 44\n  orig: 65, 52\n  offset: 4, 4\n  index: -1\neffect/fx_shadow\n  rotate: true\n  xy: 1574, 435\n  size: 134, 70\n  orig: 160, 99\n  offset: 13, 15\n  index: -1\neffect/fx_stick_swing\n  rotate: true\n  xy: 1448, 148\n  size: 98, 124\n  orig: 106, 132\n  offset: 4, 4\n  index: -1\neffect/fx_stick_swing_2\n  rotate: false\n  xy: 1405, 58\n  size: 133, 88\n  orig: 142, 96\n  offset: 4, 4\n  index: -1\nfighter_level1/body\n  rotate: false\n  xy: 1250, 6\n  size: 43, 48\n  orig: 45, 50\n  offset: 1, 1\n  index: -1\nfighter_level1/front_arm\n  rotate: false\n  xy: 593, 2\n  size: 24, 20\n  orig: 26, 22\n  offset: 1, 1\n  index: -1\nfighter_level1/front_foot\n  rotate: false\n  xy: 384, 3\n  size: 14, 9\n  orig: 16, 11\n  offset: 1, 1\n  index: -1\nfighter_level1/front_hand\n  rotate: false\n  xy: 1574, 252\n  size: 27, 25\n  orig: 29, 27\n  offset: 1, 1\n  index: -1\nfighter_level1/front_leg\n  rotate: true\n  xy: 644, 5\n  size: 17, 22\n  orig: 19, 24\n  offset: 1, 1\n  index: -1\nfighter_level1/front_shoulder\n  rotate: true\n  xy: 1574, 279\n  size: 26, 33\n  orig: 28, 35\n  offset: 1, 1\n  index: -1\nfighter_level1/front_thigh\n  rotate: true\n  xy: 1574, 229\n  size: 21, 26\n  orig: 23, 28\n  offset: 1, 1\n  index: -1\nfighter_level1/head\n  rotate: true\n  xy: 1574, 366\n  size: 67, 68\n  orig: 69, 70\n  offset: 1, 1\n  index: -1\nfighter_level1/helmet\n  rotate: true\n  xy: 1574, 571\n  size: 77, 73\n  orig: 77, 73\n  offset: 0, 0\n  index: -1\nfighter_level1/neck\n  rotate: false\n  xy: 692, 6\n  size: 21, 16\n  orig: 23, 18\n  offset: 1, 1\n  index: -1\nfighter_level1/rear_arm\n  rotate: false\n  xy: 619, 3\n  size: 23, 19\n  orig: 25, 21\n  offset: 1, 1\n  index: -1\nfighter_level1/rear_foot\n  rotate: false\n  xy: 400, 3\n  size: 14, 9\n  orig: 16, 11\n  offset: 1, 1\n  index: -1\nfighter_level1/rear_hand\n  rotate: false\n  xy: 1603, 252\n  size: 27, 25\n  orig: 29, 27\n  offset: 1, 1\n  index: -1\nfighter_level1/rear_leg\n  rotate: true\n  xy: 668, 5\n  size: 17, 22\n  orig: 19, 24\n  offset: 1, 1\n  index: -1\nfighter_level1/rear_shoulder\n  rotate: true\n  xy: 1609, 279\n  size: 26, 33\n  orig: 28, 35\n  offset: 1, 1\n  index: -1\nfighter_level1/rear_thigh\n  rotate: true\n  xy: 566, 2\n  size: 20, 25\n  orig: 22, 27\n  offset: 1, 1\n  index: -1\njcjd\n  rotate: true\n  xy: 1250, 56\n  size: 188, 153\n  orig: 192, 155\n  offset: 2, 2\n  index: -1\nweapons/smg_AS-VAL\n  rotate: false\n  xy: 1354, 14\n  size: 92, 40\n  orig: 100, 80\n  offset: 0, 19\n  index: -1\n",["zhujidi_jc.png"],{"skeleton":{"hash":"S8IUuk/fl5gotgkWqWwWlZopJss","spine":"3.8.75","x":-87.25,"y":-130.55,"width":192.02,"height":241.31,"images":"","audio":"E:/2021/4月/警察打僵尸/警察僵尸/jingchajiangshi/jc"},"bones":[{"name":"root","scaleX":-1},{"name":"attack_effect","parent":"root","length":16.99,"rotation":180,"x":-103.93,"y":51.57},{"name":"heap","parent":"root","x":-4.62,"y":20.09,"scaleX":0.8,"scaleY":0.8},{"name":"body","parent":"heap","length":25.54,"rotation":90.58,"x":4.39,"y":3.61},{"name":"front_ankle_IK","parent":"root","x":7.67,"y":0.74,"color":"ff3f00ff"},{"name":"front_weapon_gun_angle","parent":"heap","rotation":180,"x":5.99,"y":28.23},{"name":"front_weapon_gun_target","parent":"front_weapon_gun_angle","length":23.61,"rotation":0.21,"x":0.05,"y":0.01},{"name":"front_arm_IK","parent":"front_weapon_gun_target","rotation":179.77,"x":-16.18,"y":24.03,"color":"ff3f00ff"},{"name":"front_shoulder","parent":"body","length":17.32,"rotation":163.93,"x":27.7,"y":-11.17},{"name":"front_arm","parent":"front_shoulder","length":9.29,"rotation":-61.64,"x":18.82,"y":0.36},{"name":"front_thigh","parent":"heap","length":12.28,"rotation":-79.98,"x":7.39,"y":-1.65},{"name":"front_leg","parent":"front_thigh","length":10.22,"rotation":2.33,"x":12.2,"y":0.42},{"name":"front_foot","parent":"front_leg","length":6.13,"rotation":-95.66,"x":10.39,"y":0.01},{"name":"front_hand_IK","parent":"front_arm_IK","x":-0.11,"y":-16,"color":"ff3f00ff"},{"name":"front_hand_dummy","parent":"front_arm","rotation":109.64,"x":8.67,"y":-0.14},{"name":"front_hand","parent":"front_hand_dummy","length":16.22,"rotation":-115.81,"x":0.06,"y":-0.04},{"name":"front_weapon_hand","parent":"front_hand","length":27.28,"rotation":360,"x":13.51,"y":-4.31,"scaleX":1.121,"scaleY":1.121},{"name":"front_weapons_fire","parent":"front_weapon_gun_target","length":18.57,"x":32.96,"y":-5.03},{"name":"neck angle","parent":"body","rotation":180,"x":27.36,"y":1.31},{"name":"neck","parent":"neck angle","length":6.02,"rotation":-161.6,"x":-0.01,"y":0.04},{"name":"head","parent":"neck","length":25.09,"rotation":71.54,"x":7.26,"y":-0.58,"scaleX":1.2,"scaleY":1.2},{"name":"object","parent":"root","rotation":-180,"y":55.56},{"name":"rear_ankle_IK","parent":"root","x":-4,"y":0.74,"color":"ff3f00ff"},{"name":"rear_arm_IK","parent":"front_weapon_gun_target","rotation":179.78,"x":16.48,"y":22.94,"color":"ff3f00ff"},{"name":"rear_shoulder","parent":"body","length":16.8,"rotation":-156.7,"x":25.92,"y":13.48},{"name":"rear_arm","parent":"rear_shoulder","length":8.63,"rotation":-63.94,"x":18.69,"y":0.04},{"name":"rear_thigh","parent":"heap","length":11.54,"rotation":-80.01,"x":-4.16,"y":-1.65},{"name":"rear_leg","parent":"rear_thigh","length":9.65,"rotation":2.4,"x":12.57,"y":0.21},{"name":"rear_foot","parent":"rear_leg","length":6.25,"rotation":-94.1,"x":9.37,"y":-0.02},{"name":"rear_hand_IK","parent":"rear_arm_IK","x":-10.43,"y":-12.61,"color":"ff3f00ff"},{"name":"rear_hand_dummy","parent":"rear_arm","x":8.28,"y":0.53},{"name":"rear_hand","parent":"rear_hand_dummy","length":15.5,"rotation":0.8,"x":0.05,"y":0.07},{"name":"rear_weapon_hand","parent":"rear_hand","length":31.03,"rotation":270,"x":9.48,"y":-0.03},{"name":"rear_weapons_fire","parent":"front_weapon_gun_target","length":18.57,"x":51.13,"y":-5.03},{"name":"shadow","parent":"root","length":11.39,"rotation":180},{"name":"警察基地","parent":"root","length":28.09,"rotation":89.29,"x":-13.87,"y":-55.59,"scaleY":-1},{"name":"baozha22/01","parent":"root","length":48.81,"rotation":90,"x":-21.83,"y":-96.39,"color":"ff7500ff"}],"slots":[{"name":"shadow","bone":"shadow","attachment":"effect/fx_shadow"},{"name":"rear_shoulder","bone":"rear_shoulder","attachment":"rear_shoulder"},{"name":"rear_arm","bone":"rear_arm","attachment":"rear_arm"},{"name":"rear_weapon_hand","bone":"rear_weapon_hand"},{"name":"rear_hand","bone":"rear_hand","attachment":"rear_hand"},{"name":"rear_thigh","bone":"rear_thigh","attachment":"rear_thigh"},{"name":"rear_foot","bone":"rear_foot","attachment":"rear_foot"},{"name":"rear_leg","bone":"rear_leg","attachment":"rear_leg"},{"name":"body","bone":"body","attachment":"body"},{"name":"neck","bone":"neck","attachment":"neck"},{"name":"head","bone":"head","attachment":"head"},{"name":"healmet","bone":"head","attachment":"healmet"},{"name":"front_thigh","bone":"front_thigh","attachment":"front_thigh"},{"name":"front_foot","bone":"front_foot","attachment":"front_foot"},{"name":"front_leg","bone":"front_leg","attachment":"front_leg"},{"name":"front_shoulder","bone":"front_shoulder","attachment":"front_shoulder"},{"name":"front_weapon_hand","bone":"front_weapon_hand","attachment":"weapons/smg_AS-VAL"},{"name":"front_arm","bone":"front_arm","attachment":"front_arm"},{"name":"front_hand","bone":"front_hand","attachment":"front_hand"},{"name":"weapons_handgun_fire","bone":"front_weapons_fire"},{"name":"weapons_handgun_fire2","bone":"rear_weapons_fire"},{"name":"attack","bone":"attack_effect"},{"name":"object","bone":"object","attachment":"object 1"},{"name":"attack2","bone":"attack_effect"},{"name":"jcjd","bone":"警察基地","attachment":"jcjd"},{"name":"baozha22/01","bone":"baozha22/01"}],"ik":[{"name":"front_ankle","target":"front_ankle_IK","bones":["front_thigh","front_leg"]},{"name":"front_arm_IK","order":1,"target":"front_arm_IK","mix":0,"bendPositive":false,"bones":["front_shoulder","front_arm"]},{"name":"front_hand_IK","order":2,"target":"front_hand_IK","mix":0,"bendPositive":false,"bones":["front_hand_dummy","front_hand"]},{"name":"rear_ankle","order":3,"target":"rear_ankle_IK","bones":["rear_thigh","rear_leg"]},{"name":"rear_arm_IK","order":4,"target":"rear_arm_IK","mix":0,"bendPositive":false,"bones":["rear_shoulder","rear_arm"]},{"name":"rear_hand_IK","order":5,"target":"rear_hand_IK","mix":0,"bones":["rear_hand_dummy","rear_hand"]}],"skins":[{"name":"default","attachments":{"weapons_handgun_fire2":{"effect/fx_handgun_fire":{"x":26.64,"y":1.77,"rotation":-178.46,"width":68,"height":65}},"attack":{"effect/fx_punch":{"x":-9.83,"y":-1.87,"rotation":180,"width":65,"height":52},"effect/fx_stick_swing":{"x":-27.8,"y":-3.62,"rotation":180,"width":106,"height":132},"effect/fx_stick_swing_2":{"x":-46.22,"y":1.91,"rotation":180,"width":142,"height":96}},"rear_weapon_hand":{"weapons/handgundual_G17":{"x":0.22,"y":4.74,"rotation":270,"width":44,"height":32},"weapons/handgundual_G18":{"x":0.67,"y":3.25,"rotation":270,"width":44,"height":33},"weapons/handgundual_M9":{"x":1.6,"y":4.94,"rotation":270,"width":44,"height":30},"weapons/handgundual_M1911":{"x":0.01,"y":3.49,"rotation":270,"width":44,"height":34},"weapons/handgundual_MAGNUM":{"x":4.51,"y":8.55,"rotation":270,"width":44,"height":28},"weapons/handgundual_MP412REX":{"x":0.09,"y":3.39,"rotation":270,"width":44,"height":35},"weapons/handgundual_MP443":{"x":0.67,"y":2.49,"rotation":270,"width":50,"height":36},"weapons/handgundual_magnumex":{"x":3.11,"y":4.79,"rotation":270,"width":52,"height":38},"weapons/handgundual_rivoler":{"x":5.54,"y":6.16,"rotation":270,"width":39,"height":26},"weapons/stick":{"x":32.79,"y":0.75,"rotation":180,"width":106,"height":39},"weapons/stick_bat":{"x":34.56,"y":-0.59,"rotation":180,"width":106,"height":39},"weapons/stick_hardbat":{"x":33.08,"y":0.75,"rotation":180,"width":106,"height":39},"weapons/stick_hocky":{"x":34,"y":0.75,"rotation":180,"width":106,"height":39},"weapons/stick_t":{"x":21.34,"y":9.96,"rotation":-178.65,"width":79,"height":32},"weapons/sword_0":{"x":20.79,"y":0.97,"rotation":176.89,"width":100,"height":21},"weapons/sword_1":{"x":22.81,"y":1.31,"rotation":179.55,"width":97,"height":20},"weapons/sword_electric":{"x":21.58,"y":1.61,"rotation":177.61,"width":97,"height":22},"weapons/sword_fire":{"x":20.48,"y":-3.88,"rotation":175.87,"width":97,"height":27},"weapons/sword_great":{"x":30.91,"y":-2.57,"rotation":177.51,"width":150,"height":20},"weapons/sword_long":{"x":23.43,"y":-1.46,"rotation":174.27,"width":135,"height":20}},"front_weapon_hand":{"weapons/smg_AS-VAL":{"x":4.85,"y":2.47,"rotation":180,"width":100,"height":80}},"shadow":{"effect/fx_shadow":{"scaleX":0.5,"scaleY":0.7,"rotation":180,"width":160,"height":99}},"attack2":{"effect/fx_stick_swing2":{"path":"effect/fx_stick_swing","x":-52.45,"y":-3.62,"rotation":-164.48,"width":106,"height":132},"effect/fx_stick_swing_3":{"path":"effect/fx_stick_swing_2","x":-62.84,"y":1.91,"scaleY":-1,"rotation":-180,"width":142,"height":96},"effect/fx_stick_swing_4":{"path":"effect/fx_stick_swing_2","x":-48.44,"y":35.71,"scaleX":1.213,"scaleY":-0.186,"rotation":-180,"width":142,"height":96}},"weapons_handgun_fire":{"effect/fx_handgun_fire":{"x":26.64,"y":1.77,"rotation":-178.46,"width":68,"height":65}},"baozha22/01":{"baozha22/01":{"x":60.28,"y":-7.8,"rotation":-90,"width":454,"height":281},"baozha22/02":{"x":60.28,"y":-7.8,"rotation":-90,"width":454,"height":281},"baozha22/03":{"x":60.28,"y":-7.8,"rotation":-90,"width":454,"height":281},"baozha22/04":{"x":60.28,"y":-7.8,"rotation":-90,"width":454,"height":281},"baozha22/05":{"x":60.28,"y":-7.8,"rotation":-90,"width":454,"height":281},"baozha22/06":{"x":60.28,"y":-7.8,"rotation":-90,"width":454,"height":281},"baozha22/07":{"x":60.28,"y":-7.8,"rotation":-90,"width":454,"height":281},"baozha22/08":{"x":60.28,"y":-7.8,"rotation":-90,"width":454,"height":281},"baozha22/09":{"x":60.28,"y":-7.8,"rotation":-90,"width":454,"height":281},"baozha22/10":{"x":60.28,"y":-7.8,"rotation":-90,"width":454,"height":281}},"jcjd":{"jcjd":{"x":2.62,"y":5.08,"rotation":-90.7,"width":192,"height":155}}}},{"name":"fighter_1","attachments":{"front_thigh":{"front_thigh":{"name":"fighter_level1/front_thigh","x":4.28,"y":0.63,"rotation":79.94,"width":23,"height":28}},"rear_arm":{"rear_arm":{"name":"fighter_level1/rear_arm","x":3.76,"y":1.87,"rotation":130.2,"width":25,"height":21}},"front_foot":{"front_foot":{"name":"fighter_level1/front_foot","x":2.25,"y":-0.9,"rotation":174.58,"width":16,"height":11}},"front_hand":{"front_hand":{"name":"fighter_level1/front_hand","x":4.29,"y":-1.31,"rotation":123.77,"width":29,"height":27},"front_hand2":{"name":"fighter_level1/front_hand","x":4.29,"y":-1.31,"rotation":123.77,"width":29,"height":27}},"front_arm":{"front_arm":{"name":"fighter_level1/front_arm","x":4.38,"y":0.95,"rotation":126.91,"width":26,"height":22}},"rear_shoulder":{"rear_shoulder":{"name":"fighter_level1/rear_shoulder","x":8.91,"rotation":65.93,"width":28,"height":35}},"neck":{"neck":{"name":"fighter_level1/neck","x":4.56,"y":0.11,"rotation":-109.25,"width":23,"height":18}},"head":{"head":{"name":"fighter_level1/head","x":3.09,"y":-22.32,"rotation":179.89,"width":69,"height":70}},"body":{"body":{"name":"fighter_level1/body","x":11.24,"y":2.42,"rotation":-90.58,"width":45,"height":50}},"rear_foot":{"rear_foot":{"name":"fighter_level1/rear_foot","x":1.9,"y":-0.59,"rotation":171.83,"width":16,"height":11}},"rear_hand":{"rear_hand2":{"name":"fighter_level1/front_hand","rotation":129.43,"width":29,"height":27},"rear_hand":{"name":"fighter_level1/rear_hand","x":3.09,"y":-1.13,"rotation":129.43,"width":29,"height":27}},"rear_leg":{"rear_leg":{"name":"fighter_level1/rear_leg","x":2.21,"y":-0.98,"rotation":77.56,"width":19,"height":24}},"healmet":{"healmet":{"name":"fighter_level1/helmet","x":4.23,"y":-26.02,"rotation":179.91,"width":77,"height":73}},"front_shoulder":{"front_shoulder":{"name":"fighter_level1/front_shoulder","x":8.68,"y":-0.26,"rotation":64.81,"width":28,"height":35}},"front_leg":{"front_leg":{"name":"fighter_level1/front_leg","x":2.95,"y":-1.33,"rotation":77.59,"width":19,"height":24}},"rear_thigh":{"rear_thigh":{"name":"fighter_level1/rear_thigh","x":3.72,"y":-0.22,"rotation":79.98,"width":22,"height":27}}}}],"events":{"hit count":{},"no hit frame":{},"shoot":{},"sound":{}},"animations":{"dead":{"slots":{"front_leg":{"color":[{"time":1.1667,"color":"ffffffff"},{"time":2.1667,"color":"ffffff00"}]},"front_foot":{"color":[{"time":1.1667,"color":"ffffffff"},{"time":2.1667,"color":"ffffff00"}]},"body":{"color":[{"time":1.1667,"color":"ffffffff"},{"time":2.1667,"color":"ffffff00"}]},"rear_shoulder":{"color":[{"time":1.1667,"color":"ffffffff"},{"time":2.1667,"color":"ffffff00"}]},"rear_arm":{"color":[{"time":1.1667,"color":"ffffffff"},{"time":2.1667,"color":"ffffff00"}]},"front_weapon_hand":{"color":[{"time":1.1667,"color":"ffffffff"},{"time":2.1667,"color":"ffffff00"}]},"shadow":{"color":[{"time":1.1667,"color":"ffffffff"},{"time":2.1667,"color":"ffffff00"}]},"rear_hand":{"color":[{"time":1.1667,"color":"ffffffff"},{"time":2.1667,"color":"ffffff00"}]},"attack":{"color":[{"color":"ffffff00"}]},"rear_foot":{"color":[{"time":1.1667,"color":"ffffffff"},{"time":2.1667,"color":"ffffff00"}]},"rear_weapon_hand":{"color":[{"time":1.1667,"color":"ffffffff"},{"time":2.1667,"color":"ffffff00"}]},"rear_leg":{"color":[{"time":1.1667,"color":"ffffffff"},{"time":2.1667,"color":"ffffff00"}]},"front_hand":{"color":[{"time":1.1667,"color":"ffffffff"},{"time":2.1667,"color":"ffffff00"}]},"weapons_handgun_fire":{"color":[{"color":"ffffff00"}]},"healmet":{"color":[{"time":1.1667,"color":"ffffffff"},{"time":2.1667,"color":"ffffff00"}]},"front_thigh":{"color":[{"time":1.1667,"color":"ffffffff"},{"time":2.1667,"color":"ffffff00"}]},"front_shoulder":{"color":[{"time":1.1667,"color":"ffffffff"},{"time":2.1667,"color":"ffffff00"}]},"jcjd":{"color":[{"time":1.1667,"color":"ffffffff"},{"time":2.1667,"color":"ffffff00"}]},"neck":{"color":[{"time":1.1667,"color":"ffffffff"},{"time":2.1667,"color":"ffffff00"}]},"rear_thigh":{"color":[{"time":1.1667,"color":"ffffffff"},{"time":2.1667,"color":"ffffff00"}]},"front_arm":{"color":[{"time":1.1667,"color":"ffffffff"},{"time":2.1667,"color":"ffffff00"}]},"head":{"color":[{"time":1.1667,"color":"ffffffff"},{"time":2.1667,"color":"ffffff00"}]},"baozha22/01":{"attachment":[{"time":2,"name":"baozha22/01"},{"time":2.0667,"name":"baozha22/02"},{"time":2.1333,"name":"baozha22/03"},{"time":2.2,"name":"baozha22/04"},{"time":2.2667,"name":"baozha22/05"},{"time":2.3333,"name":"baozha22/06"},{"time":2.4,"name":"baozha22/07"},{"time":2.4667,"name":"baozha22/08"},{"time":2.5333,"name":"baozha22/09"},{"time":2.6,"name":"baozha22/10"},{"time":2.6667,"name":null}]}},"bones":{"body":{"rotate":[{},{"time":0.1,"angle":7.37},{"time":0.3333,"angle":-6.55},{"time":0.6667,"angle":6.28},{"time":0.7,"angle":-14.3},{"time":0.8,"angle":2.29},{"time":1.0333,"angle":-6.08},{"time":1.1333,"angle":3.06},{"time":1.1667,"angle":-1.52}]},"front_arm":{"rotate":[{},{"time":0.1,"angle":31.22},{"time":0.4,"angle":48.91},{"time":0.6667,"angle":32.57},{"time":0.9,"angle":57.17},{"time":1.1667,"angle":68.73},{"time":2.6667,"angle":75.51}]},"front_foot":{"rotate":[{},{"time":0.0667,"angle":-17.33},{"time":0.6333,"angle":-5.85}]},"front_hand":{"rotate":[{},{"time":0.1,"angle":17.94},{"time":0.6667,"angle":4.98},{"time":0.9,"angle":1.14},{"time":1.1667,"angle":9}]},"front_shoulder":{"rotate":[{},{"time":0.1,"angle":-24.41},{"time":0.4,"angle":-4.68},{"time":0.6667,"angle":-38.73},{"time":0.9,"angle":-14.47},{"time":1.1667,"angle":-16.62},{"time":2.6667,"angle":-28.58}],"translate":[{},{"time":1.1333,"x":-1.33,"y":3.01},{"time":1.1667,"x":-3.9,"y":8.43}]},"front_weapon_hand":{"rotate":[{"time":1.1333},{"time":1.1667,"angle":7.51}]},"neck":{"rotate":[{},{"time":0.1,"angle":12.04},{"time":0.4,"angle":-21.97},{"time":0.5333,"angle":16.96},{"time":0.6667,"angle":-32.1},{"time":0.7,"angle":18.84},{"time":0.8,"angle":18.02},{"time":1.0333,"angle":-21.4},{"time":1.0667,"angle":-47.36},{"time":1.1333,"angle":-61.24},{"time":1.1667,"angle":25.05}]},"rear_arm":{"rotate":[{},{"time":0.1,"angle":29.84},{"time":0.4,"angle":47.02},{"time":0.6667,"angle":40.01},{"time":0.9,"angle":63.54}]},"rear_hand":{"rotate":[{},{"time":0.4,"angle":13.05},{"time":0.6667,"angle":-1.91},{"time":1.0667,"angle":9.13}]},"rear_shoulder":{"rotate":[{},{"time":0.1,"angle":-34.82},{"time":0.4,"angle":-24.09},{"time":0.6667,"angle":-42.91},{"time":0.9,"angle":-14.64},{"time":1.1333,"angle":-1.56}],"translate":[{"time":0.9},{"time":1.0333,"x":0.45,"y":-1.95},{"time":1.1333,"x":0.85,"y":-2.87}]},"rear_thigh":{"translate":[{"y":0.27,"curve":"stepped"},{"time":0.6667,"y":0.27},{"time":0.7,"x":0.59,"y":8.22},{"time":1.0667,"x":7.38,"y":3.64},{"time":1.1333,"x":4.99,"y":2.53}]},"rear_weapon_hand":{"rotate":[{"time":1.0333},{"time":1.1667,"angle":-96.23}]},"shadow":{"translate":[{"time":1.0667},{"time":1.1333,"x":-43.88}],"scale":[{"time":1.0667},{"time":1.1333,"x":1.986}]},"heap":{"rotate":[{},{"time":0.1,"angle":5.03},{"time":0.3333,"angle":-7.72},{"time":0.6333,"angle":6.2},{"time":0.7,"angle":4.22},{"time":1.0333,"angle":-7.58},{"time":1.1333,"angle":65.53}],"translate":[{},{"time":0.1,"x":8.77,"y":-1.64},{"time":0.3333,"x":0.55,"y":-3.84},{"time":0.6333,"x":12.33,"y":-1.37},{"time":0.7,"x":-1.92,"y":-13.7},{"time":0.8,"x":-2.69,"y":-11.51},{"time":1.0333,"x":4.38,"y":-13.43},{"time":1.1333,"x":-20.55,"y":-24.66}]},"front_ankle_IK":{"translate":[{},{"time":0.1,"x":9.32,"y":0.55}]},"rear_ankle_IK":{"translate":[{"time":1.1},{"time":1.1333,"x":4.66,"y":1.37}]}}},"run_1":{"slots":{"attack":{"color":[{"color":"ffffff00"}]},"weapons_handgun_fire":{"color":[{"color":"ffffff00"}]}},"bones":{"rear_ankle_IK":{"translate":[{"x":-17.64,"y":2.42},{"time":0.1,"x":-9.75,"y":0.94},{"time":0.2,"x":-3.21,"y":0.38},{"time":0.2333,"x":-1.03,"y":0.31},{"time":0.2667,"x":1.16,"y":0.52},{"time":0.5,"x":15.38,"y":2.2},{"time":0.7667,"x":1.2,"y":10.3},{"time":1,"x":-17.64,"y":2.42}]},"front_ankle_IK":{"translate":[{"x":10.6,"y":4.84},{"time":0.2667,"x":-7.28,"y":9.63},{"time":0.5,"x":-23.08,"y":3.31},{"time":0.6,"x":-15.23,"y":1.27},{"time":0.7667,"x":-1.18,"y":1.62},{"time":1,"x":10.6,"y":4.84}]},"heap":{"translate":[{"y":-2.64},{"time":0.1,"y":-5.91},{"time":0.2667,"y":-0.64},{"time":0.5,"y":-2.64},{"time":0.6,"x":0.26,"y":-5.64},{"time":0.7667,"y":0.27},{"time":1,"y":-2.64}]},"rear_foot":{"rotate":[{},{"time":0.1,"angle":-2.51},{"time":0.1333,"angle":-6.85},{"time":0.1667,"angle":-9.56},{"time":0.2,"angle":-9.83},{"time":0.2333,"angle":-7.36},{"time":0.2667,"angle":-1.42},{"time":0.3,"angle":-6.02},{"time":0.3333,"angle":-2.5},{"time":0.5,"angle":25.55},{"time":0.7333,"angle":36.06},{"time":1}]},"front_foot":{"rotate":[{"angle":4.38},{"time":0.2333,"angle":49.44},{"time":0.2667,"angle":56.16},{"time":0.5,"angle":0.53},{"time":0.6,"angle":10.9},{"time":0.6333,"angle":2.97},{"time":0.6667,"angle":-2.53},{"time":0.7,"angle":-5.03},{"time":0.7333,"angle":-1.38},{"time":0.7667,"angle":1.92},{"time":1,"angle":4.38}]},"front_shoulder":{"rotate":[{"angle":-30.54},{"time":0.5,"angle":0.95},{"time":1,"angle":-30.54}],"translate":[{"x":0.01,"y":1},{"time":0.5,"x":-0.01,"y":-1},{"time":1,"x":0.01,"y":1}]},"rear_shoulder":{"rotate":[{"angle":14.89},{"time":0.5,"angle":-32.33},{"time":1,"angle":14.89}]},"front_arm":{"rotate":[{"angle":24.72},{"time":0.1,"angle":9.62},{"time":0.5,"angle":33.19},{"time":0.6,"angle":41.1},{"time":1,"angle":24.72}]},"front_hand":{"rotate":[{"angle":-9.97},{"time":0.1,"angle":-24.44},{"time":0.5,"angle":2.47},{"time":0.6,"angle":13.8},{"time":1,"angle":-9.97}]},"rear_arm":{"rotate":[{"angle":21.28},{"time":0.1,"angle":27.47},{"time":0.5,"angle":30.34},{"time":0.6,"angle":22.11},{"time":1,"angle":21.28}]},"rear_hand":{"rotate":[{"angle":-0.93},{"time":0.1,"angle":3.49},{"time":0.5,"angle":-19.92},{"time":0.6,"angle":-31.73},{"time":1,"angle":-0.93}]},"body":{"rotate":[{},{"time":0.1,"angle":5.61},{"time":0.5,"angle":-2},{"time":0.6,"angle":6.48},{"time":1}]},"head":{"rotate":[{},{"time":0.1,"angle":-4.8},{"time":0.5},{"time":0.6,"angle":-4.79},{"time":1}]},"rear_thigh":{"translate":[{},{"time":0.5,"x":2},{"time":0.5667,"x":1.73,"y":2},{"time":1}]},"front_thigh":{"translate":[{"x":1},{"time":0.0667,"x":0.6,"y":2},{"time":0.5,"x":-2},{"time":1,"x":1}]},"neck":{"translate":[{},{"time":0.1333,"x":2.48,"y":-3.03},{"time":0.5},{"time":0.6333,"x":1.97,"y":-3.67},{"time":1}]}}},"run_2":{"slots":{"attack":{"color":[{"color":"ffffff00"}]},"weapons_handgun_fire":{"color":[{"color":"ffffff00"}]}},"bones":{"rear_ankle_IK":{"translate":[{"x":-28.6,"y":12.57},{"time":0.0667,"x":-8.76,"y":0.76},{"time":0.1333,"x":3.51,"y":0.53},{"time":0.2,"x":15.77,"y":11.15},{"time":0.3,"x":18.05,"y":17.62},{"time":0.4,"x":20.33,"y":28.54},{"time":0.5,"x":12.93,"y":9.41},{"time":0.6,"x":-5.59,"y":14.71},{"time":0.8,"x":-28.6,"y":12.57}]},"front_ankle_IK":{"translate":[{"x":19.4,"y":33.09},{"time":0.1,"x":3.19,"y":10.18},{"time":0.2,"x":-11.44,"y":16.72},{"time":0.4,"x":-32.72,"y":15.45},{"time":0.4667,"x":-21.59,"y":1.22},{"time":0.5333,"x":-11.59,"y":0.82},{"time":0.6,"x":6.48,"y":5},{"time":0.8,"x":19.4,"y":33.09}]},"heap":{"rotate":[{"angle":13.71},{"time":0.1667,"angle":2.45},{"time":0.4,"angle":10.72},{"time":0.6,"angle":5.64},{"time":0.8,"angle":13.71}],"translate":[{"y":7.47},{"time":0.0667,"y":-7.11},{"time":0.2667,"y":4.7},{"time":0.4,"y":5.58},{"time":0.4667,"y":-7.11},{"time":0.6333,"y":3.36},{"time":0.8,"y":7.47}]},"rear_foot":{"rotate":[{},{"time":0.0333,"angle":5.88},{"time":0.0667,"angle":-17.15},{"time":0.1333,"angle":-32.95},{"time":0.2,"angle":3.82},{"time":0.4,"angle":29.85},{"time":0.8}]},"front_foot":{"rotate":[{"angle":39.65},{"time":0.4,"angle":14.98},{"time":0.4333,"angle":18.11},{"time":0.4667,"angle":4.7},{"time":0.5,"angle":-11.65},{"time":0.5333,"angle":-23.53},{"time":0.8,"angle":39.65}]},"front_thigh":{"translate":[{"x":4},{"time":0.1,"x":1.26,"y":5.21},{"time":0.2,"x":-1.05,"y":-0.68},{"time":0.4,"x":-6.1,"y":-1.36},{"time":0.8,"x":4}]},"rear_thigh":{"translate":[{},{"time":0.4,"x":3.84},{"time":0.8}]},"front_shoulder":{"rotate":[{"angle":-87.79},{"time":0.0667,"angle":-92.24},{"time":0.4,"angle":58.63},{"time":0.4667,"angle":64.24},{"time":0.7333,"angle":-66.85},{"time":0.8,"angle":-87.79}],"translate":[{"x":0.07,"y":6.5},{"time":0.4,"x":-0.01,"y":-1},{"time":0.8,"x":0.07,"y":6.5}]},"front_arm":{"rotate":[{"angle":8.87},{"time":0.0667,"angle":-1.66},{"time":0.4,"angle":23.02},{"time":0.4667,"angle":29.12},{"time":0.7333,"angle":11.01},{"time":0.8,"angle":8.87}]},"front_hand":{"rotate":[{"angle":8.77},{"time":0.0667,"angle":7.94},{"time":0.3333,"angle":-9.48},{"time":0.4,"angle":-12.16},{"time":0.4667,"angle":-18.49},{"time":0.8,"angle":8.77}]},"rear_shoulder":{"rotate":[{"angle":64.55},{"time":0.0667,"angle":56.36},{"time":0.4,"angle":-86.28},{"time":0.4667,"angle":-91.9},{"time":0.8,"angle":64.55}],"translate":[{"x":-0.08,"y":-7.5},{"time":0.4,"x":0.01,"y":1},{"time":0.8,"x":-0.08,"y":-7.5}]},"rear_arm":{"rotate":[{"angle":13.43},{"time":0.0667,"angle":31.82},{"time":0.4,"angle":-7.86},{"time":0.4667,"angle":-12.66},{"time":0.8,"angle":13.43}]},"rear_hand":{"rotate":[{"angle":-18.89}]},"body":{"rotate":[{},{"time":0.1333,"angle":27.56},{"time":0.2667,"angle":-10.82},{"time":0.4},{"time":0.5333,"angle":27.17},{"time":0.6,"angle":23.73},{"time":0.7,"angle":-10.06},{"time":0.8}]},"head":{"rotate":[{"angle":-17.48},{"time":0.1,"angle":-10.39},{"time":0.4,"angle":-23.26},{"time":0.5,"angle":-15.37},{"time":0.8,"angle":-17.48}],"translate":[{},{"time":0.1,"x":-2.56,"y":9.53},{"time":0.4},{"time":0.5,"x":-1.84,"y":6.92},{"time":0.8}]}}},"shengli":{"slots":{"attack":{"color":[{"color":"ffffff00"}]},"weapons_handgun_fire":{"color":[{"color":"ffffff00"}]}},"bones":{"body":{"rotate":[{"angle":13.14},{"time":0.3667,"angle":-2.09},{"time":0.5333,"angle":1.98},{"time":0.7,"angle":-11},{"time":0.8667,"angle":1.64},{"time":1.0333,"angle":-13.47},{"time":1.6667,"angle":13.14}]},"rear_arm":{"translate":[{"time":1.3333,"x":-0.06,"y":-0.24}]},"heap":{"translate":[{"x":1.74,"y":-2.74},{"time":0.3333,"x":1.34,"y":0.86},{"time":0.5,"x":-0.06,"y":-0.74},{"time":0.6667,"x":1.34,"y":0.86},{"time":0.8333,"x":-0.06,"y":-0.74},{"time":1,"x":1.34,"y":0.86},{"time":1.6667,"x":1.74,"y":-2.74}]},"head":{"rotate":[{},{"time":0.4,"angle":-20.53},{"time":0.5667,"angle":-2.92},{"time":0.7333,"angle":-23.26},{"time":0.9,"angle":-2.92},{"time":1.0667,"angle":-23.26},{"time":1.6667}]},"front_ankle_IK":{"translate":[{"x":-1,"y":1.49},{"time":0.3333,"x":0.6,"y":1.49,"curve":"stepped"},{"time":1,"x":0.6,"y":1.49},{"time":1.6667,"x":-1,"y":1.49}]},"rear_ankle_IK":{"translate":[{"x":-5.97,"y":0.5},{"time":0.3333,"x":-6.57,"y":0.5,"curve":"stepped"},{"time":1,"x":-6.57,"y":0.5},{"time":1.6667,"x":-5.97,"y":0.5}]},"rear_foot":{"rotate":[{},{"time":0.3333,"angle":17.95,"curve":"stepped"},{"time":1,"angle":17.95},{"time":1.6667}]},"rear_thigh":{"translate":[{"y":0.27}]},"front_arm_IK":{"translate":[{"x":15.54,"y":-4.72},{"time":0.0667,"x":28.51,"y":-12.02},{"time":0.1667,"x":34.2,"y":-29.17},{"time":0.3333,"x":16.86,"y":-52.98},{"time":0.5,"x":23.15,"y":-41.75},{"time":0.6667,"x":16.86,"y":-52.98},{"time":0.8333,"x":23.15,"y":-41.75},{"time":1,"x":16.86,"y":-52.98},{"time":1.1667,"x":28.03,"y":-41.71},{"time":1.3333,"x":34.37,"y":-27.67},{"time":1.5,"x":27.25,"y":-4.7},{"time":1.6667,"x":15.54,"y":-4.72}]},"front_hand_IK":{"translate":[{"x":-13.5,"y":11.75},{"time":0.1667,"x":-12.13,"y":27.62},{"time":0.3333,"x":4.74,"y":26,"curve":"stepped"},{"time":1,"x":4.74,"y":26},{"time":1.1667,"x":1.43,"y":23.19},{"time":1.5,"x":-13.03,"y":13.06},{"time":1.6667,"x":-13.5,"y":11.75}]},"rear_arm_IK":{"translate":[{"x":22.07,"y":-4.75},{"time":0.3333,"x":17.92,"y":-47.23},{"time":0.5,"x":23.98,"y":-29},{"time":0.6667,"x":17.92,"y":-47.23},{"time":0.8333,"x":23.98,"y":-29},{"time":1,"x":17.92,"y":-47.23},{"time":1.1667,"x":22.45,"y":-36.87},{"time":1.3333,"x":27.58,"y":-23.93},{"time":1.5,"x":21.87,"y":-4.08},{"time":1.6667,"x":22.07,"y":-4.75}]},"rear_hand_IK":{"translate":[{"x":-5.75,"y":6.75},{"time":0.3333,"x":-1,"y":15.25},{"time":0.5,"x":3.75,"y":20},{"time":0.6667,"x":-1,"y":15.25},{"time":0.8333,"x":3.75,"y":20},{"time":1,"x":2,"y":21.75},{"time":1.1667,"x":1.81,"y":21.88},{"time":1.5,"x":-2.48,"y":14.54},{"time":1.6667,"x":-5.75,"y":6.75}]}},"ik":{"rear_hand_IK":[{"mix":0.996}],"front_hand_IK":[{"bendPositive":false}],"rear_arm_IK":[{"bendPositive":false}],"front_arm_IK":[{"bendPositive":false}]}},"shibai":{"slots":{"attack":{"color":[{"color":"ffffff00"}]},"weapons_handgun_fire":{"color":[{"color":"ffffff00"}]}},"bones":{"body":{"rotate":[{},{"time":0.3333,"angle":-1.72},{"time":0.5,"angle":17.22},{"time":0.6667,"angle":23.59},{"time":1.3333,"angle":27.1},{"time":2,"angle":23.59}]},"front_shoulder":{"rotate":[{},{"time":0.3333,"angle":1.63}],"translate":[{},{"time":0.3333,"x":0.35,"y":-0.84}]},"rear_shoulder":{"rotate":[{},{"time":0.3333,"angle":3.48}],"translate":[{},{"time":0.3333,"x":0.18,"y":-0.67}]},"front_arm":{"rotate":[{},{"time":0.3333,"angle":7.71}]},"rear_arm":{"rotate":[{},{"time":0.3333,"angle":3.7}]},"front_hand":{"rotate":[{},{"time":0.3333,"angle":-1.67}]},"rear_hand":{"rotate":[{},{"time":0.3333,"angle":-0.11}]},"neck":{"rotate":[{},{"time":0.3333,"angle":-1.13,"curve":"stepped"},{"time":1.1667,"angle":26.75}]},"heap":{"translate":[{},{"time":0.3333,"x":-3.24,"y":-6.47},{"time":1.3333,"x":-1.99,"y":-7.22},{"time":2,"x":-2.99,"y":-6.62}]},"head":{"rotate":[{},{"time":0.3333,"angle":-17.05},{"time":0.6667,"angle":15.82},{"time":1.3333,"angle":19.93},{"time":2,"angle":15.82}]},"rear_ankle_IK":{"translate":[{},{"time":0.3333,"x":-17.92,"y":1}]},"rear_thigh":{"translate":[{"y":0.27}]},"front_arm_IK":{"translate":[{"time":0.3333},{"time":0.6667,"x":34.8,"y":-11.95}]},"rear_arm_IK":{"translate":[{"time":0.5},{"time":0.6667,"x":18.96,"y":-4.43}]}},"ik":{"rear_arm_IK":[{"bendPositive":false}],"front_arm_IK":[{"bendPositive":false}]}},"stand_1":{"slots":{"attack":{"color":[{"color":"ffffff00"}]},"weapons_handgun_fire":{"color":[{"color":"ffffff00"}]}},"bones":{"rear_weapon_hand":{"rotate":[{},{"time":0.5667,"angle":-1.07},{"time":1,"angle":-0.26}]},"front_shoulder":{"rotate":[{"angle":-15.18,"curve":0.243,"c3":0.658,"c4":0.64},{"time":0.5667,"angle":-7.57,"curve":0.381,"c2":0.59,"c3":0.729},{"time":1,"angle":-15.18}],"translate":[{"x":-0.86,"y":-0.37,"curve":0.246,"c3":0.633,"c4":0.54},{"time":0.5667,"x":0.12,"y":-0.57,"curve":0.38,"c2":0.53,"c3":0.745},{"time":1,"x":-0.86,"y":-0.37}]},"body":{"rotate":[{"angle":5.79},{"time":0.5,"angle":11.62},{"time":1,"angle":5.79}]},"head":{"rotate":[{"angle":-2.04},{"time":0.5,"angle":-3.83},{"time":1,"angle":-1.3}]},"front_hand":{"rotate":[{"angle":-8.34,"curve":0.252,"c3":0.622,"c4":0.48},{"time":0.5,"angle":-14.55,"curve":0.361,"c2":0.43,"c3":0.729,"c4":0.89},{"time":1,"angle":-8.34}],"translate":[{"x":0.87,"y":0.43},{"time":0.5,"x":-1.99,"y":0.07},{"time":1,"x":0.87,"y":0.43}]},"front_arm":{"rotate":[{"angle":12.38},{"time":0.5,"angle":17.34},{"time":1,"angle":12.38}]},"rear_shoulder":{"rotate":[{"angle":-44.38,"curve":0.25,"c3":0.75},{"time":0.7333,"angle":-52.87,"curve":0.25,"c3":0.75},{"time":1,"angle":-44.38}]},"rear_arm":{"rotate":[{"angle":7.88},{"time":0.5667,"angle":17.68},{"time":1,"angle":7.88}]},"rear_hand":{"rotate":[{"angle":19.71,"curve":0.25,"c3":0.75},{"time":0.5667,"angle":1.75,"curve":0.25,"c3":0.75},{"time":1,"angle":19.71}]},"neck":{"rotate":[{"angle":-3.06},{"time":0.5,"angle":-6.49},{"time":1,"angle":-3.06}]}}},"stand_2":{"slots":{"attack":{"color":[{"color":"ffffff00"}]},"weapons_handgun_fire":{"color":[{"color":"ffffff00"},{"time":1,"color":"ffffffff"}]}},"bones":{"front_weapon_hand":{"rotate":[{"angle":0.05}]},"front_weapons_fire":{"translate":[{"x":29.22,"y":-9.07}]},"neck":{"rotate":[{"angle":-5}]},"rear_shoulder":{"translate":[{"x":3.83,"y":3.96}]},"rear_arm_IK":{"translate":[{"x":28.85,"y":-26.22}]},"front_arm_IK":{"rotate":[{"angle":-89.59}],"translate":[{"x":36.66,"y":-19.82},{"time":0.5,"x":36.66,"y":-18.82},{"time":1,"x":36.66,"y":-19.82}]},"front_shoulder":{"translate":[{"x":0.66,"y":5.96},{"time":0.5,"x":0.14,"y":6.01},{"time":1,"x":0.66,"y":5.96}]},"rear_hand_IK":{"translate":[{"x":-12.04,"y":11.93}]},"body":{"rotate":[{"angle":5.79},{"time":0.5,"angle":1.21},{"time":1,"angle":5.79}]},"head":{"rotate":[{"angle":-1.3}]}},"ik":{"rear_hand_IK":[{}],"front_hand_IK":[{"bendPositive":false}],"rear_arm_IK":[{"bendPositive":false}],"front_arm_IK":[{"bendPositive":false}]}},"take rifle attack":{"slots":{"attack":{"color":[{"color":"ffffff00"}]},"weapons_handgun_fire":{"color":[{"color":"ffffffff"},{"time":0.1,"color":"ffffff00"}],"attachment":[{"name":"effect/fx_handgun_fire"}]}},"bones":{"front_weapon_hand":{"rotate":[{"angle":0.54}],"scale":[{},{"time":0.0333,"x":0.95},{"time":0.2}]},"front_weapons_fire":{"rotate":[{"angle":-0.23}],"translate":[{"x":53.28,"y":-0.97},{"time":0.1667,"x":50.99,"y":-2.67}],"scale":[{"x":0.864,"y":0.576},{"time":0.1667,"x":2.306,"y":1.009}]},"body":{"rotate":[{},{"time":0.0333,"angle":-4.49},{"time":0.3333}]},"head":{"rotate":[{"angle":4.88},{"time":0.0333,"angle":14.38},{"time":0.3333,"angle":4.88}]},"neck":{"rotate":[{"angle":-5},{"time":0.0333,"angle":-11.39},{"time":0.3333,"angle":-5}]},"rear_shoulder":{"translate":[{"x":-0.33,"y":-2.98},{"time":0.0333,"x":-0.3,"y":-4.98},{"time":0.3333,"x":-0.33,"y":-2.98}]},"rear_arm_IK":{"translate":[{"x":20.86,"y":-21.06},{"time":0.0333,"x":13.86,"y":-21.06},{"time":0.2667,"x":20.86,"y":-21.06}]},"front_arm_IK":{"translate":[{"x":26.06,"y":-15.58},{"time":0.0333,"x":18.06,"y":-15.57},{"time":0.2667,"x":26.06,"y":-15.58}]},"front_shoulder":{"translate":[{"x":-0.5,"y":-0.02},{"time":0.0333,"x":-0.48,"y":-3.02},{"time":0.2667,"x":-0.5,"y":-0.02}]},"front_hand_IK":{"translate":[{"x":-13.62,"y":16}]},"rear_hand_IK":{"translate":[{"x":-9,"y":12.61}]},"front_weapon_gun_target":{"translate":[{"y":5}]},"front_weapon_gun_angle":{"translate":[{"y":5}]}},"ik":{"rear_hand_IK":[{}],"front_hand_IK":[{"bendPositive":false}],"rear_arm_IK":[{"bendPositive":false}],"front_arm_IK":[{"bendPositive":false}]},"events":[{"name":"shoot","string":"bullet"},{"name":"sound","string":"wpn_shoot"}]},"take smg attack":{"slots":{"attack":{"color":[{"color":"ffffff00"}]},"weapons_handgun_fire":{"color":[{"color":"ffffffff"},{"time":0.0667,"color":"ffffff00"},{"time":0.1,"color":"ffffffff"},{"time":0.1667,"color":"ffffff00"},{"time":0.2,"color":"ffffffff"},{"time":0.2667,"color":"ffffff00"}],"attachment":[{"name":"effect/fx_handgun_fire"}]}},"bones":{"front_weapon_hand":{"rotate":[{"angle":0.54}],"scale":[{},{"time":0.0333,"x":0.95},{"time":0.0667,"curve":"stepped"},{"time":0.1},{"time":0.1333,"x":0.95},{"time":0.1667,"curve":"stepped"},{"time":0.2},{"time":0.2333,"x":0.95},{"time":0.2667}]},"front_weapons_fire":{"rotate":[{"angle":-0.23}],"translate":[{"x":54.21,"y":-1.99,"curve":"stepped"},{"time":0.1,"x":54.21,"y":-1.99,"curve":"stepped"},{"time":0.2,"x":52.55,"y":-0.74},{"time":0.5,"x":55.41,"y":-0.79}],"scale":[{"x":0.946,"y":0.63},{"time":0.0667,"x":1.497,"y":0.998},{"time":0.1,"x":0.908,"y":0.605},{"time":0.1667,"x":1.752,"y":0.766},{"time":0.2,"x":0.856,"y":0.571},{"time":0.2667,"x":1.832,"y":0.801}]},"body":{"rotate":[{},{"time":0.0333,"angle":-4.49},{"time":0.1},{"time":0.1333,"angle":-4.49},{"time":0.2},{"time":0.2333,"angle":-4.49},{"time":0.5}]},"head":{"rotate":[{"angle":4.88},{"time":0.0333,"angle":14.38},{"time":0.1,"angle":4.88},{"time":0.1333,"angle":14.38},{"time":0.2,"angle":4.88},{"time":0.2333,"angle":14.38},{"time":0.5,"angle":4.88}]},"neck":{"rotate":[{"angle":-5},{"time":0.0333,"angle":-11.39},{"time":0.1,"angle":-5},{"time":0.1333,"angle":-11.39},{"time":0.2,"angle":-5},{"time":0.2333,"angle":-11.39},{"time":0.5,"angle":-5}]},"rear_shoulder":{"translate":[{"x":-0.33,"y":-2.98},{"time":0.0333,"x":-0.3,"y":-4.98},{"time":0.1,"x":-0.33,"y":-2.98},{"time":0.1333,"x":-0.3,"y":-4.98},{"time":0.2,"x":-0.33,"y":-2.98},{"time":0.2333,"x":-0.3,"y":-4.98},{"time":0.5,"x":-0.33,"y":-2.98}]},"rear_arm_IK":{"translate":[{"x":20.86,"y":-21.06},{"time":0.0333,"x":13.86,"y":-21.06},{"time":0.1,"x":20.86,"y":-21.06},{"time":0.1333,"x":13.86,"y":-21.06},{"time":0.2,"x":20.86,"y":-21.06},{"time":0.2333,"x":13.86,"y":-21.06},{"time":0.3667,"x":20.86,"y":-21.06}]},"front_arm_IK":{"translate":[{"x":26.06,"y":-15.58},{"time":0.0333,"x":18.06,"y":-15.57},{"time":0.1,"x":26.06,"y":-15.58},{"time":0.1333,"x":18.06,"y":-15.57},{"time":0.2,"x":26.06,"y":-15.58},{"time":0.2333,"x":18.06,"y":-15.57},{"time":0.3667,"x":26.06,"y":-15.58}]},"front_shoulder":{"translate":[{"x":-0.5,"y":-0.02},{"time":0.0333,"x":-0.48,"y":-3.02},{"time":0.1,"x":-0.5,"y":-0.02},{"time":0.1333,"x":-0.48,"y":-3.02},{"time":0.2,"x":-0.5,"y":-0.02},{"time":0.2333,"x":-0.48,"y":-3.02},{"time":0.3667,"x":-0.5,"y":-0.02}]},"front_hand_IK":{"translate":[{"x":-13.62,"y":16}]},"rear_hand_IK":{"translate":[{"x":-9,"y":12.61}]},"front_weapon_gun_target":{"translate":[{"y":5}]},"front_weapon_gun_angle":{"translate":[{"y":5}]}},"ik":{"rear_hand_IK":[{}],"front_hand_IK":[{"bendPositive":false}],"rear_arm_IK":[{"bendPositive":false}],"front_arm_IK":[{"bendPositive":false}]},"drawOrder":[{"offsets":[{"slot":"front_shoulder","offset":1}]}],"events":[{"name":"shoot","string":"bullet"},{"name":"sound","string":"wpn_shoot"},{"time":0.1,"name":"shoot","string":"bullet"},{"time":0.1,"name":"sound","string":"wpn_shoot"},{"time":0.2,"name":"shoot","string":"bullet"},{"time":0.2,"name":"sound","string":"wpn_shoot"}]},"take sniper attack":{"slots":{"attack":{"color":[{"color":"ffffff00"}]},"weapons_handgun_fire":{"color":[{"color":"ffffffff"},{"time":0.1,"color":"ffffff00"}],"attachment":[{"name":"effect/fx_handgun_fire"}]}},"bones":{"front_weapon_hand":{"rotate":[{"angle":0.54}],"scale":[{},{"time":0.0333,"x":0.9},{"time":0.1667}]},"front_weapons_fire":{"rotate":[{"angle":-0.23}],"translate":[{"x":52.78,"y":-0.67}],"scale":[{"x":1.012,"y":0.622},{"time":0.1667,"x":1.476,"y":0.907}]},"body":{"rotate":[{},{"time":0.0333,"angle":-4.49},{"time":0.8}]},"head":{"rotate":[{"angle":4.88},{"time":0.0333,"angle":14.38},{"time":0.8,"angle":4.88}]},"neck":{"rotate":[{"angle":-5},{"time":0.0333,"angle":-11.39},{"time":0.8,"angle":-5}]},"rear_shoulder":{"translate":[{"x":-0.33,"y":-2.98},{"time":0.0333,"x":-0.3,"y":-4.98},{"time":0.8,"x":-0.33,"y":-2.98}]},"rear_arm_IK":{"translate":[{"x":20.86,"y":-21.06},{"time":0.0333,"x":13.86,"y":-21.06},{"time":0.8,"x":20.86,"y":-21.06}]},"front_arm_IK":{"translate":[{"x":26.06,"y":-15.58},{"time":0.0333,"x":18.06,"y":-15.57},{"time":0.8,"x":26.06,"y":-15.58}]},"front_shoulder":{"translate":[{"x":-0.5,"y":-0.02},{"time":0.0333,"x":-0.48,"y":-3.02},{"time":0.8,"x":-0.5,"y":-0.02}]},"front_hand_IK":{"translate":[{"x":-13.62,"y":16}]},"rear_hand_IK":{"translate":[{"x":-9,"y":12.61}]},"front_weapon_gun_target":{"translate":[{"y":5}]},"front_weapon_gun_angle":{"translate":[{"y":5}]}},"ik":{"rear_hand_IK":[{}],"front_hand_IK":[{"bendPositive":false}],"rear_arm_IK":[{"bendPositive":false}],"front_arm_IK":[{"bendPositive":false}]},"drawOrder":[{"offsets":[{"slot":"front_shoulder","offset":1}]}],"events":[{"name":"shoot","string":"sniper"},{"name":"sound","string":"wpn_shoot"}]}}},[0]]],0,0,[0],[-1],[0]]