[1,["22NjNX3CVMkK9HTJAPSyM9","9cmQ9HbH5OorsIp2UX0zcS","3aY3k49OZD3JxpVdixDUeJ","1csZhFywZP7rLDfdDgg6Vt"],["_textureSetter"],["cc.SpriteFrame"],0,[[[{"name":"xiangzi_1","rect":[0,0,105,98],"offset":[0,0],"originalSize":[105,98],"capInsets":[0,0,0,0]}],[0],0,[0],[0],[0]],[[{"name":"xx","rect":[0,0,40,38],"offset":[0,0],"originalSize":[40,38],"capInsets":[0,0,0,0]}],[0],0,[0],[0],[1]],[[{"name":"xiangzi_2","rect":[0,0,105,98],"offset":[0,0],"originalSize":[105,98],"capInsets":[0,0,0,0]}],[0],0,[0],[0],[2]],[[{"name":"juxing","rect":[0,0,160,36],"offset":[0,0],"originalSize":[160,36],"capInsets":[0,0,0,0]}],[0],0,[0],[0],[3]]]]