[1,["ecpdLyjvZBwrvm+cedCcQy","eehYmpmJBMw4q5eYsfY4n5","47B60fDD1OzpUe4L+hU7kr","d2Wa5JuIFITrhrTzw8oVg+","8eAss6iNtNnrE8zRxgzmaG","c8Hku8Oe9OnYSolbvDP0/s","1e3u1zLVFObL0OkeBXT65w","80lmqi4XJGp6UJJiYWcGTn","50dTTsbllEHIRxLZh/Ri30","20IT/0axtGyqMtUmZ3yGLU","c1d2QZD3tKXZWIa/xxx+Rb","a1ItcbmVNAWJL2DEbn9Qze","17acw4rstO+Z9auObA73/S","9eQQ0K9KpOA4If5CablMJi","17P8uddDNF5KBr8432+34n","d0UmamgoRGN7tpvENVyxDu","9auyZUffRCbL6aWxKMoo37","13sYiCRMZLL7O0B5KBoVTH","8bymjbadJBB42LMaJ65UEy","7fyPf1LshJsoA9CsIehksu","fb0+n+jsxDXpypuqChLE5P","c3+X3Fs/xDqrtOM7+KhPvt","e9IUeR7j5ODL4Y+o25N++3","66MmQmKaxCiLJnTA1MnZqO","33/zid2WVKobKE6SCAvP1s","1f66CP2u5EM5TirL1d15Zv","99UwzpITZAtYG/DsU3PYD1","74DEeWbp5KAbwWvabNaH5H","efIdft6v9JCYiOkGqjZik0","c6uf+dnYpLva8hzSSJEtd0","256+TrRKBK3LNcKt9FMt4j","38yIg4kX9A4bpunMO3/TUm","78v94JQPtCoJQh2TFt9N8y","031/Zcv1RBFLMnPY1K7/WK","7bsK7EFLdPdZtCIsF/GNC5","3fYL24JpFDspHIloyVkN/v","35eYtnUGVG/58dtbPXb9/q","c79aVjT4FFCLrdsV2QkmmY","8bB/Q+VrBOJ7JuUyVvVLC9","f4ZTf0plZDOrjAcH+o/rT0","6e9c565LFIGY7D3JS3YYcv","76p5tLHERPqp3d+hWhr9sL","bbwF5iubhPiLx3syZgevXS","0cpd6tUQtPi4/58/3ks2Ta","71Fmk3SD9IC6GvArQCEGOO"],["node","_spriteFrame","_parent","_textureSetter","scene","shezi_dlg","paixu_line_preab","juba_game_success","yingdao_tip_info_dlg","delaytimeDlg","shouzhiZhiyingDlg","gamesuccess_new","root","data"],[["cc.Node",["_name","_active","_id","_parent","_children","_components","_contentSize","_trs","_prefab"],0,1,2,9,5,7,4],"cc.SpriteFrame",["d47f4KA8v5OfYEIGgeo6CdK",["heiping_algin_bottom","node"],2,1],["cc.Sprite",["_sizeMode","node","_materials","_spriteFrame"],2,1,3,6],["cc.Label",["_string","_fontSize","_lineHeight","_N$horizontalAlign","_N$verticalAlign","_styleFlags","node","_materials"],-3,1,3],["cc.LabelOutline",["_width","node","_color"],2,1,5],["cc.PrefabInfo",["fileId","root","asset"],2,1,1],["cc.SceneAsset",["_name","asyncLoadAssets"],1],["cc.Node",["_name","_parent","_children","_components"],2,1,9,9],["cc.Canvas",["_fitWidth","node","_designResolution"],2,1,5],["cc.Widget",["_alignFlags","node"],2,1],["8c526FiJTBPraxKHe3VPzxs",["node","jc_jiubei_preab_arr","js_jiubei_preab_arr","shezi_dlg","paixu_line_preab","juba_game_success","yingdao_tip_info_dlg","delaytimeDlg","shouzhiZhiyingDlg","gamesuccess_new"],3,1,12,12,6,6,6,6,6,6,6],["7633c/ow0xHYZwa4BLlsdtU",["node"],3,1],["cc.Button",["_N$transition","node"],2,1],["cc.Scene",["_name","_active","_children","_anchorPoint","_trs"],1,2,5,7],["cc.Camera",["_clearFlags","_depth","node","_backgroundColor"],1,1,5],["cc.Prefab",["_name"],2]],[[0,0,3,5,6,7,2],[3,0,1,2,3,2],[5,0,1,2,2],[4,0,1,2,3,4,6,7,6],[4,0,1,2,5,3,4,6,7,7],[3,1,2,3,1],[13,0,1,2],[0,0,4,5,6,7,2],[0,0,3,4,6,7,2],[0,0,3,5,6,2],[6,0,1,2,2],[0,0,3,4,5,2],[0,0,3,2],[0,0,1,3,4,7,3],[0,0,1,3,5,8,6,7,3],[7,0,1,3],[0,0,2,4,5,6,7,3],[0,0,3,4,5,6,2],[0,0,3,4,7,2],[0,0,3,4,5,6,7,2],[0,0,4,8,2],[0,0,3,5,8,6,2],[8,0,1,2,3,2],[9,0,1,2,2],[10,0,1,2],[11,0,1,2,3,4,5,6,7,8,9,1],[12,0,1],[2,1,1],[2,0,1,2],[5,1,2,1],[14,0,1,2,3,4,3],[15,0,1,2,3,3],[16,0,2],[6,1,2,1]],[[[{"name":"icon1","rect":[0,0,132,113],"offset":[0,0],"originalSize":[132,113],"capInsets":[0,0,0,0]}],[1],0,[0],[3],[4]],[[[15,"paixuGame",null],[16,"Canvas","a5esZu+45LA5mBpvttspPD",[-4,-5,-6,-7,-8],[[23,true,-1,[5,720,1280]],[24,45,-2],[25,-3,[[null,37,38,39,40,41,42,43,44,45,46,47],0,6,6,6,6,6,6,6,6,6,6,6],[[null,48,49,50,51,52,53,54,55,56,57,null],0,6,6,6,6,6,6,6,6,6,6,0],36,58,59,60,61,62,63]],[5,720,1280],[360,640,0,0,0,0,1,1,1,1]],[11,"top",1,[-10,-11,-12,-13,-14],[[26,-9]]],[11,"bottom",1,[-16,-17,-18],[[27,-15]]],[7,"btn",[-21,-22],[[1,0,-19,[14],15],[6,3,-20]],[5,132,113],[0,0,0,0,0,0,1,1,1,0]],[7,"btn",[-25,-26],[[1,0,-23,[23],24],[6,3,-24]],[5,132,113],[0,0,0,0,0,0,1,1,1,0]],[7,"btn",[-29,-30],[[1,0,-27,[31],32],[6,3,-28]],[5,132,113],[0,0,0,0,0,0,1,1,1,0]],[22,"center",1,[[12,"wu",-32],[12,"ani",-33]],[[28,700,-31]]],[17,"bj",1,[-35],[[5,-34,[2],3]],[5,1000,1600]],[0,"t",2,[[3,"点击移动到每队的兵种一致",30,30,1,1,-36,[6]],[2,2,-37,[4,4278190080]]],[5,364,41.8],[13.416,503.232,0,0,0,0,1,1,1,1]],[0,"she_zhi_btn",2,[[5,-38,[7],8],[6,3,-39]],[5,44,42],[-299.27,573.186,0,0,0,0,1,1,1,0]],[0,"gk",2,[[4,"第1天",26,26,1,1,1,-40,[9]],[2,2,-41,[4,4278190080]]],[5,70.46,36.76],[-297.146,513.775,0,0,0,0,1,1,1,1]],[0,"modename",2,[[4,"普通排序",22,22,1,1,1,-42,[10]],[2,2,-43,[4,4278190080]]],[5,92,31.72],[-293.912,468.878,0,0,0,0,1,1,1,1]],[8,"1",3,[4,-44],[5,132,113],[-230,-539,0,0,0,0,1,1,1,0]],[0,"t",4,[[4,"增加挡板",24,24,1,1,1,-45,[13]],[2,2,-46,[4,4278190180]]],[5,100,34.239999999999995],[0,-72.81700000000001,0,0,0,0,1,1,1,1]],[18,"count",13,[-47,-48],[56.722,48.216,0,0,0,0,1,1,1,1]],[8,"2",3,[5,-49],[5,132,113],[0,-539,0,0,0,0,1,1,1,0]],[19,"sp",5,[-51],[[1,0,-50,[20],21]],[5,30,24],[57.803,47.623,0,0,0,0,1,1,1,1]],[0,"c",17,[[3,"+5",22,22,1,1,-52,[19]],[29,-53,[4,4278190180]]],[5,27.08,29.72],[-0.964,25.281,0,0,0,0,1,1,1,1]],[0,"t",5,[[4,"撤回一步",24,24,1,1,1,-54,[22]],[2,2,-55,[4,4278190180]]],[5,100,34.239999999999995],[0,-72.81700000000001,0,0,0,0,1,1,1,1]],[13,"count",false,16,[-56,-57],[56.722,48.216,0,0,0,0,1,1,1,1]],[8,"3",3,[6,-58],[5,132,113],[230,-539,0,0,0,0,1,1,1,0]],[0,"t",6,[[4,"移除一队",24,24,1,1,1,-59,[30]],[2,2,-60,[4,4278190180]]],[5,100,34.239999999999995],[0,-72.81700000000001,0,0,0,0,1,1,1,1]],[13,"count",false,21,[-61,-62],[56.722,48.216,0,0,0,0,1,1,1,1]],[30,"New Node",false,[1],[0,0,0],[0,0,0,0,0,0,1,1,1,1]],[0,"Main Camera",1,[[31,7,-1,-63,[4,4282065969]]],[5,720,1280],[0,0,521.3387452802737,0,0,0,1,1,1,1]],[0,"dibujingtu",8,[[1,0,-64,[0],1]],[5,1000,1400],[0,-310.988,0,0,0,0,1,1,1,1]],[0,"biaoti",2,[[5,-65,[4],5]],[5,236,69],[0,564.563,0,0,0,0,1,1,1,1]],[0,"sp",4,[[1,0,-66,[11],12]],[5,30,24],[57.803,47.623,0,0,0,0,1,1,1,1]],[9,"red",15,[[1,0,-67,[16],17]],[5,40,40]],[0,"c",15,[[3,"11",22,22,1,1,-68,[18]]],[5,22.84,27.72],[0,2,0,0,0,0,1,1,1,1]],[9,"red",20,[[1,0,-69,[25],26]],[5,40,40]],[0,"c",20,[[3,"11",22,22,1,1,-70,[27]]],[5,22.84,27.72],[0,2,0,0,0,0,1,1,1,1]],[0,"sp",6,[[1,0,-71,[28],29]],[5,30,24],[57.803,47.623,0,0,0,0,1,1,1,1]],[9,"red",23,[[1,0,-72,[33],34]],[5,40,40]],[0,"c",23,[[3,"11",22,22,1,1,-73,[35]]],[5,22.84,27.72],[0,2,0,0,0,0,1,1,1,1]]],0,[0,0,1,0,0,1,0,0,1,0,-1,25,0,-2,8,0,-3,2,0,-4,7,0,-5,3,0,0,2,0,-1,27,0,-2,9,0,-3,10,0,-4,11,0,-5,12,0,0,3,0,-1,13,0,-2,16,0,-3,21,0,0,4,0,0,4,0,-1,28,0,-2,14,0,0,5,0,0,5,0,-1,17,0,-2,19,0,0,6,0,0,6,0,-1,33,0,-2,22,0,0,7,0,2,7,0,2,7,0,0,8,0,-1,26,0,0,9,0,0,9,0,0,10,0,0,10,0,0,11,0,0,11,0,0,12,0,0,12,0,-2,15,0,0,14,0,0,14,0,-1,29,0,-2,30,0,-2,20,0,0,17,0,-1,18,0,0,18,0,0,18,0,0,19,0,0,19,0,-1,31,0,-2,32,0,-2,23,0,0,22,0,0,22,0,-1,34,0,-2,35,0,0,25,0,0,26,0,0,27,0,0,28,0,0,29,0,0,30,0,0,31,0,0,32,0,0,33,0,0,34,0,0,35,0,4,24,1,2,24,4,2,13,5,2,16,6,2,21,73],[0,0,0,0,0,0,0,0,0,0,0,0,0,0,0,0,0,0,0,0,0,0,0,0,0,0,0,0,0,0,0,0,0,0,0,0,0,0,0,0,0,0,0,0,0,0,0,0,0,0,0,0,0,0,0,0,0,0,0,0,0,0,0,0],[-1,1,-1,1,-1,1,-1,-1,1,-1,-1,-1,1,-1,-1,1,-1,1,-1,-1,-1,1,-1,-1,1,-1,1,-1,-1,1,-1,-1,1,-1,1,-1,5,-2,-3,-4,-5,-6,-7,-8,-9,-10,-11,-12,-2,-3,-4,-5,-6,-7,-8,-9,-10,-11,6,7,8,9,10,11],[0,5,0,6,0,7,0,0,8,0,0,0,1,0,0,9,0,2,0,0,0,1,0,0,10,0,2,0,0,1,0,0,11,0,2,0,12,13,14,15,16,17,18,19,20,21,22,23,24,25,26,27,28,29,30,31,32,33,34,35,36,37,38,39]],[[[32,"paixu_line"],[20,"paixu_line",[-2,-3,-4],[33,-1,0]],[21,"zhuan",1,[[5,-5,[0],1]],[10,"848scdhCxKnaDdv+j4t7q5",1,0],[5,249,33]],[14,"right",false,1,[[1,0,-6,[2],3]],[10,"03Ovrvb7VLv5HV/VyMNe7I",1,0],[5,40,61],[140.908,10.747,0,0,0,0,1,1,1,1]],[14,"left",false,1,[[1,0,-7,[4],5]],[10,"92y/rOx+hGPpKQ1t8miSFg",1,0],[5,40,61],[-139.409,14.23,0,0,0,0,1,1,1,1]]],0,[0,12,1,0,-1,2,0,-2,3,0,-3,4,0,0,2,0,0,3,0,0,4,0,13,1,7],[0,0,0,0,0,0],[-1,1,-1,1,-1,1],[0,40,0,3,0,3]],[[{"name":"biaoti","rect":[0,0,236,69],"offset":[0,0],"originalSize":[236,69],"capInsets":[0,0,0,0]}],[1],0,[0],[3],[41]],[[{"name":"icon2","rect":[0,0,132,113],"offset":[0,0.5],"originalSize":[132,114],"capInsets":[0,0,0,0]}],[1],0,[0],[3],[42]],[[{"name":"icon3","rect":[0,0,132,113],"offset":[0,0],"originalSize":[132,113],"capInsets":[0,0,0,0]}],[1],0,[0],[3],[43]],[[{"name":"weilan","rect":[0,0,35,62],"offset":[0,0],"originalSize":[35,62],"capInsets":[0,0,0,0]}],[1],0,[0],[3],[44]]]]