[1,["ecpdLyjvZBwrvm+cedCcQy","a2MjXRFdtLlYQ5ouAFv/+R","c3eE+Dl45EG67YgJ0/gp+c","1aa0J0XZFOQoRPnTM0fLnA","c2IzQYWhFLqKV+y5UVnCD+","141DBZCD5LyoxIW7EWYqSD","e53U+6ng1NVpg7sq165jMo","608riplMlD+oZaEBGSBUG9","b62J0FFUJKpaXljWzQSEk3","bdmzBePtxF2aNd8r8//o/G","00FEsjZiZFPoJ5pwYIHK0v","0cDo/a9CJKTqE51COIbeDJ","dcp7h3bYFG/4vJbZvTlIEc","92mtkOU45CQbSGEMDxIRIX","7eJIGtrq1PQaRbVO2QH/0H","8aypsQ+JxA05SRPaOqvCN0","8fy8x1xqVBdqyKV0iZ0s5O","e3mEJ6QopHYLE2unpbUbxR","33Gk8Rry5OVbqxhtRkdmSC","1d6O3ccq9PnLTAbLd8qvOt","22vfYdW7JPMKfs+uOa8Lna","08dilfuk5M6YspvSekDIT1","4aRLZnCL1ODb0PWcPdM9U4","0bKLqyO/VL+LoPTRut8v2g","87eaKRDGFBt5xgCmooC4dn","e9znjiK+VL0rvFvyor5Pe2","edlnqwrQpBHrUvKW50ZFUs","a0gSGrQMZPtKkaEb15rFFb"],["node","_spriteFrame","_textureSetter","root","_N$handle","data"],["cc.SpriteFrame",["cc.Node",["_name","_opacity","_active","_prefab","_contentSize","_components","_parent","_trs","_children","_position","_color","_anchorPoint"],0,4,5,9,1,7,2,8,5,5],["cc.Sprite",["_sizeMode","_type","_fillRange","node","_materials","_spriteFrame"],0,1,3,6],["cc.Button",["zoomScale","_N$transition","node","_N$normalColor","_N$target"],1,1,5,1],["cc.PrefabInfo",["fileId","root"],2,1],["cc.Label",["_string","_fontSize","_N$verticalAlign","_lineHeight","_N$horizontalAlign","node","_materials"],-2,1,3],["cc.Prefab",["_name"],2],["cc.Node",["_name","_parent","_components","_prefab","_contentSize","_position"],2,1,12,4,5,8],["842cdUxR85EkKs52pkALaxL",["node"],3,1],["cc.Slider",["node","_N$handle"],3,1,1],["ffce4dulCZHnop55BliibLn",["node"],3,1]],[[4,0,1,2],[1,0,6,5,3,4,7,2],[2,3,4,5,1],[2,0,3,4,5,2],[3,0,1,2,3],[1,0,6,5,3,4,9,2],[6,0,2],[1,0,8,5,3,4,2],[1,0,6,8,3,4,9,7,2],[1,0,1,6,5,3,10,4,7,3],[1,0,6,5,3,4,2],[7,0,1,2,3,4,5,2],[4,1,1],[2,1,2,3,4,5,3],[2,1,0,3,4,5,3],[3,2,1],[3,2,3,4,1],[9,0,1,1],[5,0,1,3,4,2,5,6,6],[1,0,6,5,3,10,4,11,7,2],[1,0,2,6,5,3,4,7,3],[8,0,1],[5,0,1,2,5,6,4],[10,0,1]],[[[{"name":"yinxiao-1","rect":[0,0,71,29],"offset":[0,0],"originalSize":[71,29],"capInsets":[0,0,0,0]}],[0],0,[0],[2],[5]],[[{"name":"chonglai","rect":[0,0,154,117],"offset":[0,0],"originalSize":[154,117],"capInsets":[0,0,0,0]}],[0],0,[0],[2],[6]],[[[6,"shezhi"],[7,"shezhi",[-3,-4,-5,-6,-7,-8,-9,-10,-11],[[21,-2]],[12,-1],[5,700,1280]],[8,"shengxiao",1,[-12,-13,-14],[0,"23u7r3Hi1HIaTZJ54MQJ8M",1],[5,372,45],[0,104,-51],[50,82.738,0,0,0,0,1,1,1,1]],[11,"moveShaizi",2,[[[2,-15,[17],18],-16],4,1],[0,"58CSSmrj9OWYrtRZ6t6png",1],[5,20,53],[0,1.6,0]],[8,"yingxiao",1,[-17,-18,-19],[0,"a2/JRGKcpMl5/ADe2FxcWY",1],[5,372,45],[0,104,-51],[50,-9.733,0,0,0,0,1,1,1,1]],[11,"moveShaizi",4,[[[2,-20,[23],24],-21],4,1],[0,"873TPTK8RJ/K6SA/qWCeRx",1],[5,20,53],[0,1.6,0]],[9,"mh",200,1,[[3,0,-22,[0],1],[15,-23]],[0,"21GnAqQdlMLYyP++SUkSYp",1],[4,4278190080],[5,720,1280],[0,0,0,0,0,0,1,1.3,1.3,1]],[1,"guanbi",1,[[2,-24,[11],12],[4,1.03,3,-25]],[0,"3ekfYXK2BC5bqsDy1lNnCO",1],[5,60,63],[269.123,227.579,0,0,0,0,1,1,1,0]],[5,"sz-jd1",2,[[13,3,0.5,-26,[15],16],[17,-28,-27]],[0,"e8PRj0N65JHZ9zxJmhijuJ",1],[5,283,21],[0,1.6,0]],[5,"sz-jd1",4,[[13,3,0.5,-29,[21],22],[17,-31,-30]],[0,"d8PRN007FNdpK86Aa32B9R",1],[5,283,21],[0,1.6,0]],[10,"bk",1,[[14,1,0,-32,[2],3]],[0,"49jlwCzodO3p1M4MvRrre0",1],[5,620,520]],[1,"biaoti_shezhi",1,[[2,-33,[4],5]],[0,"35y5NyJChH8LOeTCgGHgGI",1],[5,135,42],[0,226.743,0,0,0,0,1,1,1,1]],[1,"yinxiao",1,[[2,-34,[6],7]],[0,"faEL+O2uRGR5j1L8kfbVKU",1],[5,71,28],[-217.001,85.956,0,0,0,0,1,1,1,1]],[1,"yinxiao-1",1,[[2,-35,[8],9]],[0,"73BvUmemVIo4sIVOkCRvbQ",1],[5,71,29],[-213.111,-11.824,0,0,0,0,1,1,1,1]],[19,"ll1",1,[[22,"关注微信公众号: 掌幻游戏平台\n发现更多精品游戏",28,1,-36,[10]]],[0,"e5vxaQs3lKWLfjTwPsa2BH",1],[4,4278190080],[5,379.56,90.4],[0,0,0.5],[-283.341,-194.861,0,0,0,0,1,1,1,1]],[5,"sz-jd2",2,[[2,-37,[13],14]],[0,"50SzWNp0tJlqHmDbqDCTGS",1],[5,290,28],[0,0,0]],[16,3,[4,4292269782],3],[5,"sz-jd2",4,[[2,-38,[19],20]],[0,"eeqFLomg9N4q5tzSu0z9cS",1],[5,290,28],[0,0,0]],[16,5,[4,4292269782],5]],0,[0,3,1,0,0,1,0,-1,6,0,-2,10,0,-3,11,0,-4,12,0,-5,13,0,-6,14,0,-7,7,0,-8,2,0,-9,4,0,-1,15,0,-2,8,0,-3,3,0,0,3,0,-2,16,0,-1,17,0,-2,9,0,-3,5,0,0,5,0,-2,18,0,0,6,0,0,6,0,0,7,0,0,7,0,0,8,0,4,16,0,0,8,0,0,9,0,4,18,0,0,9,0,0,10,0,0,11,0,0,12,0,0,13,0,0,14,0,0,15,0,0,17,0,5,1,38],[0,0,0,0,0,0,0,0,0,0,0,0,0,0,0,0,0,0,0,0,0,0,0,0,0],[-1,1,-1,1,-1,1,-1,1,-1,1,-1,-1,1,-1,1,-1,1,-1,1,-1,1,-1,1,-1,1],[0,1,0,7,0,8,0,9,0,10,0,0,11,0,2,0,3,0,4,0,2,0,3,0,4]],[[{"name":"jindutiao_huang","rect":[0,0,283,21],"offset":[0,0],"originalSize":[283,21],"capInsets":[0,0,0,0]}],[0],0,[0],[2],[12]],[[{"name":"xuanyao1","rect":[0,0,154,117],"offset":[0,0],"originalSize":[154,117],"capInsets":[0,0,0,0]}],[0],0,[0],[2],[13]],[[{"name":"xiayiguan","rect":[0,0,154,117],"offset":[0,0],"originalSize":[154,117],"capInsets":[0,0,0,0]}],[0],0,[0],[2],[14]],[[{"name":"chenggong","rect":[0,0,235,63],"offset":[0,0],"originalSize":[235,63],"capInsets":[0,0,0,0]}],[0],0,[0],[2],[15]],[[[6,"hmk_jiesuan"],[7,"huamu_jiesuan",[-3,-4,-5,-6,-7,-8,-9,-10,-11],[[23,-2]],[12,-1],[5,700,1280]],[9,"mh",160,1,[[3,0,-12,[0],1],[15,-13]],[0,"21GnAqQdlMLYyP++SUkSYp",1],[4,4278190080],[5,720,1280],[0,0,0,0,0,0,1,1.3,1.3,1]],[20,"guanbi",false,1,[[2,-14,[4],5],[4,1.03,3,-15]],[0,"3ekfYXK2BC5bqsDy1lNnCO",1],[5,60,63],[312.612,151.43,0,0,0,0,1,1,1,0]],[1,"xuanyao",1,[[3,0,-16,[8],9],[4,1.03,3,-17]],[0,"160qV+j2ROAq1atk8YeHls",1],[5,154,117],[-162,-155,0,0,0,0,1,0.9,0.9,0]],[1,"nextlevel",1,[[3,0,-18,[10],11],[4,1.03,3,-19]],[0,"e2YhccpVVKBIU6FDhmKXb4",1],[5,154,117],[171,-155,0,0,0,0,1,0.9,0.9,0]],[1,"restartgame",1,[[3,0,-20,[12],13],[4,1.03,3,-21]],[0,"beGcELQWRDbbfpa1CE16Uu",1],[5,154,117],[4,-155,0,0,0,0,1,0.9,0.9,0]],[10,"bk",1,[[14,1,0,-22,[2],3]],[0,"49jlwCzodO3p1M4MvRrre0",1],[5,620,540]],[1,"chenggong",1,[[2,-23,[6],7]],[0,"ceRGBV8xNIFbVGUBGHjtlR",1],[5,235,63],[3,224.921,0,0,0,0,1,1,1,1]],[1,"tip",1,[[18,"步数:6",60,80,1,1,-24,[14]]],[0,"b1AtuSAjdF1bUsAWcKJBGx",1],[5,170.04,100.8],[-2,-30.364,0,0,0,0,1,1,1,1]],[1,"gkindex",1,[[18,"第1关",60,80,1,1,-25,[15]]],[0,"85WVtszspNR57PQppV0uJf",1],[5,153.37,100.8],[-3,78.011,0,0,0,0,1,1,1,1]]],0,[0,3,1,0,0,1,0,-1,2,0,-2,7,0,-3,3,0,-4,8,0,-5,4,0,-6,5,0,-7,6,0,-8,9,0,-9,10,0,0,2,0,0,2,0,0,3,0,0,3,0,0,4,0,0,4,0,0,5,0,0,5,0,0,6,0,0,6,0,0,7,0,0,8,0,0,9,0,0,10,0,5,1,25],[0,0,0,0,0,0,0,0,0,0,0,0,0,0,0,0],[-1,1,-1,1,-1,1,-1,1,-1,1,-1,1,-1,1,-1,-1],[0,1,0,16,0,17,0,18,0,19,0,20,0,21,0,0]],[[{"name":"kuang","rect":[0,0,569,508],"offset":[0,0],"originalSize":[569,508],"capInsets":[0,0,0,0]}],[0],0,[0],[2],[22]],[[{"name":"biaoti_shezhi","rect":[0,0,135,42],"offset":[0,0],"originalSize":[135,42],"capInsets":[0,0,0,0]}],[0],0,[0],[2],[23]],[[{"name":"yinxiao","rect":[0,0,71,28],"offset":[0,0],"originalSize":[71,28],"capInsets":[0,0,0,0]}],[0],0,[0],[2],[24]],[[{"name":"huakuai","rect":[0,0,20,53],"offset":[0,0],"originalSize":[20,53],"capInsets":[0,0,0,0]}],[0],0,[0],[2],[25]],[[{"name":"jindutiao","rect":[0,0,290,28],"offset":[0,0],"originalSize":[290,28],"capInsets":[0,0,0,0]}],[0],0,[0],[2],[26]],[[{"name":"guanbi","rect":[11,8,59,62],"offset":[-0.5,0.5],"originalSize":[82,79],"capInsets":[0,0,0,0]}],[0],0,[0],[2],[27]]]]