[1,["ecpdLyjvZBwrvm+cedCcQy","cdl+77BTdMoIS7OTB1rxKE","fbjjObQ6FEcoArSx1cJvCf","eehYmpmJBMw4q5eYsfY4n5","derYa3wIRPCaPFlUDqPYGz","66If7M2xREqJ5bCcPYREOG","81tBW5EIVI46AkJtqIUp87","acCcaQe35HM4oD5y9htVpM","25bOyQxUlNWbOvDo7P8g+Y","afVDGMWxZOwoHmoxCkyG0X","6csdqsN+JOUIZFy7PQR0hz","fcB+6CHhlNfrurrniAXHwZ","49rF122YlH7ZqsQ7ZKrZ59","6e+ls+yShCcYXdt0NxIqt+","97muXuGD5JfJaki+BmOnNI","072esyCjVHL7RC1R1iXiE5","50DR5OxztOl7WipGyXLSlA","8dimwyOmhAh6yBfxqbeQHU","00f3N63UJF44P1BVEfLinr","3aAswSZNFH0Ij3ECdULZl/","29zexdw7xPRqp03wI3CwdD","61ozx114NO4Y8eAWwQCvnQ","a2MjXRFdtLlYQ5ouAFv/+R","8fy8x1xqVBdqyKV0iZ0s5O","e3mEJ6QopHYLE2unpbUbxR","f8+LTD54pJm4uSxKXdP2qx","08dilfuk5M6YspvSekDIT1","b83Bz5AS9Mfpfi9VZYSbJb","1954D3SudMtKOooOAdU5MY","a2D5gBjNBB0o5KU7K2u0fH","48q0IRMiNGFI0SNXqYcAOm","c6KlrCvg1NR7G9Dyxd4eg7","e2IalvhBNJ1LT7hCf+Zxrj","9fkX5p7ftCTIMlBxZyJwjh","a1U5RdJRFMFL57BdJC9H1X","c9PjN1Ph5C0rGkyDA1Fd8P","49AesENOdHRYSZ9UYmqIP2","ccQLPhQLZIUrE9OrDWROa8","1aZuv7CHlLaJ6HQ9tEfDi6","c2jUdFcHlDiqmHDtaX9YCc","d7wBGYv65K44V0pA2J6+a2","e9/Z1a0ABN4o3mDTzBhAnp","34ZQQvfFpCTJ3IZhXLYacJ","3c35OQND1N7LuxvhjE6Xqb","abxffRR79Hl5Kmxty4xSv5","96cfgizlBBEaC5IGOAexhL","14xyURu+NMRIOeJSdv2LMT","cc1f9V6s1Lu6EizDlmi1nA","fa2Ulu4fdIUb6ECAHI1W8t","6dLB06LbpL6YWjLT9QOc2N","4euY1+ZT9KGrfgTTpRxfs5","45DmrfCd5G16vDuKa4m4NA","41F7Z60sNErYn1ia+8IeM8","0dBsjoeYtGQJTNjC+qSFw3","172rmVWpFDlaQhKHR36L2t","4fxPEr1NNI2rpAdrqA5U1K","8bB/Q+VrBOJ7JuUyVvVLC9","f4ZTf0plZDOrjAcH+o/rT0","81xK3wH/JBWbprwJyg/wdM","9aabaxMwlK8ZBeZ2gqUxgM","4a/dZ6CU9GyqBB+1xq8SOJ","75oa5VsrVIqaPGgusGHnMq","0aukOE1DlE67ywPJHLKdFy","24rHp0uXdDZ7bzRC4Nuhsn","28Zp7fgB9HR719kktC4KXO","10hfm84QJJ2Y9GlvnlP5QB","c9dWTmwc9LrLw/BXbwckUp"],["node","_spriteFrame","_parent","_N$normalSprite","_N$pressedSprite","_N$hoverSprite","_N$disabledSprite","_textureSetter","root","data","scene","xiaochu_sprite","hmk_jiesuan","yixiangzi_retry","shezhidlg","help_gametype","shouzhiZhiyingDlg","gamesuccess_new","game_end_animate","game_fail_new","jt_s","jt_x","jt_y","jt_z"],[["cc.Node",["_name","_active","_opacity","_id","_objFlags","_components","_contentSize","_parent","_trs","_children","_prefab","_color","_anchorPoint"],-2,9,5,1,7,2,4,5,5],"cc.SpriteFrame",["cc.Button",["_N$transition","zoomScale","node","_N$normalSprite","_N$pressedSprite","_N$hoverSprite","_N$disabledSprite"],1,1,6,6,6,6],["cc.Sprite",["_sizeMode","_type","node","_materials","_spriteFrame"],1,1,3,6],["cc.Label",["_string","_fontSize","_N$horizontalAlign","_N$verticalAlign","_lineHeight","_styleFlags","node","_materials"],-3,1,3],["cc.PrefabInfo",["fileId","root"],2,1],["cc.LabelOutline",["_width","node","_color"],2,1,5],["cc.Prefab",["_name"],2],["cc.Node",["_name","_parent","_children","_trs"],2,1,12,7],["3a826dJF5ZMYqhkEj24/B77",["node"],3,1],["cc.SceneAsset",["_name","asyncLoadAssets"],1],["7633c/ow0xHYZwa4BLlsdtU",["algintop","heipingalgintop","node"],1,1],["cc.Canvas",["_fitWidth","node","_designResolution"],2,1,5],["cc.Widget",["_alignFlags","node"],2,1],["791749WXIZL76I4lXCapisG",["node","muxiangzisprits","xiaochu_sprite","hmk_jiesuan","yixiangzi_retry","shezhidlg","help_gametype","shouzhiZhiyingDlg","gamesuccess_new","game_end_animate","game_fail_new","jt_s","jt_x","jt_y","jt_z"],3,1,3,6,6,6,6,6,6,6,6,6,6,6,6,6],["cc.Graphics",["_lineWidth","node","_materials","_strokeColor"],2,1,3,5],["003bf7mKgZA3YrBN/HFHLnO",["node"],3,1],["cc.Scene",["_name","_active","_children","_anchorPoint","_trs"],1,2,5,7],["cc.Camera",["_clearFlags","_depth","node"],1,1]],[[3,0,2,3,4,2],[3,2,3,4,1],[0,0,7,5,6,8,2],[4,0,1,4,2,3,6,7,6],[0,0,7,9,5,6,8,2],[0,0,7,9,2],[5,0,1,2],[0,0,9,5,6,8,2],[0,0,1,7,5,6,8,3],[2,1,0,2,3],[2,0,2,3,4,5,6,2],[2,1,0,2,3,4,5,6,3],[0,0,7,5,10,6,8,2],[0,0,7,5,6,2],[0,0,7,5,11,6,2],[0,0,7,5,11,6,8,2],[4,0,1,4,5,2,3,6,7,7],[4,0,1,2,3,6,7,5],[0,0,1,7,5,11,6,8,3],[0,0,4,1,7,5,6,8,4],[8,0,1,2,3,2],[3,2,3,1],[2,2,1],[6,0,1,2,2],[6,1,2,1],[7,0,2],[0,0,9,5,10,6,2],[0,0,2,7,5,10,11,6,8,3],[0,0,7,5,10,6,2],[0,0,9,5,8,2],[0,0,7,8,2],[0,0,1,9,5,6,8,3],[0,0,3,9,5,6,8,3],[0,0,7,6,2],[0,0,7,2],[0,0,1,7,9,5,6,8,3],[0,0,7,5,2],[0,0,5,6,8,2],[0,0,7,5,6,12,8,2],[0,0,1,7,9,3],[9,0,1],[5,1,1],[3,1,0,2,3,4,3],[2,0,2,2],[10,0,1,3],[11,0,1,2,3],[12,0,1,2,2],[13,0,1,2],[14,0,1,2,3,4,5,6,7,8,9,10,11,12,13,14,1],[15,0,1,2,3,2],[16,0,1],[17,0,1,2,3,4,3],[18,0,1,2,3]],[[[[25,"yixiangzi_retry"],[26,"yixiangzi_retry",[-3,-4,-5,-6,-7,-8],[[40,-2]],[41,-1],[5,700,1280]],[27,"mh",200,1,[[0,0,-9,[0],1],[22,-10]],[6,"21GnAqQdlMLYyP++SUkSYp",1],[4,4278190080],[5,720,1280],[0,0,0,0,0,0,1,1.3,1.3,1]],[12,"guanbi",1,[[1,-11,[4],5],[9,1.03,3,-12]],[6,"3ekfYXK2BC5bqsDy1lNnCO",1],[5,60,63],[291.311,187.779,0,0,0,0,1,1,1,0]],[12,"restartgame",1,[[1,-13,[8],9],[9,1.03,3,-14]],[6,"160qV+j2ROAq1atk8YeHls",1],[5,154,117],[24.515,-164.565,0,0,0,0,1,1,1,0]],[28,"bk",1,[[42,1,0,-15,[2],3]],[6,"49jlwCzodO3p1M4MvRrre0",1],[5,569,509]],[12,"chenggong",1,[[1,-16,[6],7]],[6,"ceRGBV8xNIFbVGUBGHjtlR",1],[5,237,63],[17.849,212.99,0,0,0,0,1,1,1,1]],[12,"tip",1,[[3,"再试试吧",60,80,1,1,-17,[10]]],[6,"b1AtuSAjdF1bUsAWcKJBGx",1],[5,240,100.8],[-1.626,14.636,0,0,0,0,1,1,1,1]]],0,[0,8,1,0,0,1,0,-1,2,0,-2,5,0,-3,3,0,-4,6,0,-5,4,0,-6,7,0,0,2,0,0,2,0,0,3,0,0,3,0,0,4,0,0,4,0,0,5,0,0,6,0,0,7,0,9,1,17],[0,0,0,0,0,0,0,0,0,0,0],[-1,1,-1,1,-1,1,-1,1,-1,1,-1],[0,22,0,23,0,24,0,25,0,26,0]],[[{"name":"6","rect":[0,0,104,97],"offset":[0,0],"originalSize":[104,97],"capInsets":[0,0,0,0]}],[1],0,[0],[7],[27]],[[{"name":"5","rect":[0,0,104,97],"offset":[0,0],"originalSize":[104,97],"capInsets":[0,0,0,0]}],[1],0,[0],[7],[28]],[[{"name":"bj2","rect":[0,0,1440,1920],"offset":[0,0],"originalSize":[1440,1920],"capInsets":[0,0,0,0]}],[1],0,[0],[7],[29]],[[{"name":"xiangzi_4","rect":[0,0,105,98],"offset":[0,0],"originalSize":[105,98],"capInsets":[0,0,0,0]}],[1],0,[0],[7],[30]],[[[44,"YiXiangzi",null],[29,"actionnode",[-2,-3,-4,-5,-6,-7,-8,-9,-10,-11],[[45,400,460,-1]],[0,240,0,0,0,0,1,1,1,1]],[20,"bottom",1,[[-12,-13,-14,-15,-16,-17,-18,-19,[30,"innergame",-20,[0,-32,0,0,0,0,1,1,1,1]],-21,-22],1,1,1,1,1,1,1,1,4,1,1],[-6.737,-600,0,0,0,0,1,1,1,1]],[7,"game2",[-24,-25,-26,-27,-28,-29],[[9,1.1,3,-23]],[5,92,115],[277.638,271.303,0,0,0,0,1,1,1,0]],[31,"game1",false,[-31,-32,-33,-34,-35,-36],[[9,1.1,3,-30]],[5,92,115],[511.182,301.018,0,0,0,0,1,1,1,0]],[32,"Canvas","a5esZu+45LA5mBpvttspPD",[-40,-41,1],[[46,true,-37,[5,720,1280]],[47,45,-38],[48,-39,[119,120,121,122,123,124],118,125,126,127,128,129,130,131,132,133,134,135,136]],[5,720,1280],[360,640,0,0,0,0,1,1,1,1]],[4,"restart",2,[-44,-45],[[0,0,-42,[31],32],[10,3,-43,33,34,35,36]],[5,84,105],[-116,36,0,0,0,0,1,1,1,0]],[4,"tiaoguo",2,[-48,-49],[[1,-46,[42],43],[11,1.1,3,-47,44,45,46,47]],[5,95,109],[13,36,0,0,0,0,1,1,1,0]],[4,"tishi",2,[-52,-53],[[0,0,-50,[65],66],[11,1.1,3,-51,67,68,69,70]],[5,95,109],[290,36,0,0,0,0,1,1,1,0]],[4,"zidongtishi",2,[-56,-57],[[0,0,-54,[76],77],[11,1.1,3,-55,78,79,80,81]],[5,92,109],[157,36,0,0,0,0,1,1,1,0]],[20,"panzi",1,[[[33,"gamenode",-58,[5,720,900]],-59,[34,"tishi_jt",-60]],4,1,4],[0,-30,0,0,0,0,1,1,1,1]],[4,"chouka",2,[-63],[[0,0,-61,[85],86],[43,3,-62]],[5,85,85],[-302.986,56.496,0,0,0,0,1,1,1,0]],[2,"jdhjm",1,[[1,-64,[4],5],[22,-65]],[5,184,63],[0,344.115,0,0,0,0,1,1,1,1]],[4,"bushu",1,[-67],[[0,0,-66,[7],8]],[5,160,40],[-265.321,263.831,0,0,0,0,1,1,1,1]],[35,"xingxing",false,1,[-69],[[1,-68,[10],11]],[5,211,67],[-227,483,0,0,0,0,1,1,1,1]],[36,"tishi_grapgic",10,[[49,6,-70,[13],[4,4294967295]],[50,-71]]],[8,"shengyin",false,2,[[0,0,-72,[14],15],[10,2,-73,16,17,18,19]],[5,70,70],[220.12,831.566,0,0,0,0,1,1,1,1]],[2,"shangcheng",2,[[0,0,-74,[20],21],[10,3,-75,22,23,24,25]],[5,84,105],[-212.468,43.983,0,0,0,0,1,0.8,0.8,0]],[7,"circle",[-77],[[0,0,-76,[29],30]],[5,30,30],[38.197,44.746,0,0,0,0,1,1,1,1]],[7,"circle",[-79],[[0,0,-78,[40],41]],[5,30,30],[38.197,44.746,0,0,0,0,1,1,1,1]],[8,"gengduiyouxi",false,2,[[0,0,-80,[48],49],[10,3,-81,50,51,52,53]],[5,95,109],[-146,32,0,0,0,0,1,1,1,0]],[8,"cundang",false,2,[[1,-82,[54],55],[10,2,-83,56,57,58,59]],[5,84,96],[252.238,838.537,0,0,0,0,1,1,1,1]],[7,"circle",[-85],[[0,0,-84,[63],64]],[5,30,30],[38.197,45.746,0,0,0,0,1,1,1,1]],[7,"circle",[-87],[[0,0,-86,[74],75]],[5,30,30],[38.197,45.746,0,0,0,0,1,1,1,1]],[8,"tuijian_new",false,2,[[1,-88,[82],83],[9,1.1,3,-89]],[5,110,86],[-323.295,42.596999999999994,0,0,0,0,1,1,1,0]],[2,"leftt",11,[[16,"00:00",24,24,1,1,1,-90,[84]],[23,2,-91,[4,4278190335]]],[5,65.38,34.239999999999995],[-2.112,-58.016,0,0,0,0,1,1,1,1]],[5,"topmenu",1,[-92,-93]],[2,"fanhui",26,[[0,0,-94,[87],88],[11,1.1,3,-95,89,90,91,92]],[5,83,83],[-296.737,341,0,0,0,0,1,1,1,0]],[2,"bangzhu",26,[[0,0,-96,[93],94],[11,1.1,3,-97,95,96,97,98]],[5,80,80],[-197.737,342,0,0,0,0,1,1,1,0]],[37,"t",[[17,"请按照提示箭头移动木块",26,1,1,-98,[99]],[23,2,-99,[4,4278190080]]],[5,290,54.4],[0,-557.066,0,0,0,0,1,1,1,1]],[5,"othergame",1,[3,4]],[18,"title",false,3,[[3,"推荐游戏",20,20,1,1,-100,[107]],[24,-101,[4,4278190080]]],[4,4278245375],[5,82,27.2],[0,65.055,0,0,0,0,1,1,1,1]],[18,"title",false,4,[[3,"推荐游戏",20,20,1,1,-102,[116]],[24,-103,[4,4278190080]]],[4,4278245375],[5,82,27.2],[0,65.055,0,0,0,0,1,1,1,1]],[51,"New Node",false,[5],[0,0,0],[0,0,0,0,0,0,1,1,1,1]],[2,"Main Camera",5,[[52,7,-1,-104]],[5,960,640],[0,0,524.8113946933698,0,0,0,1,1,1,1]],[13,"mbj",5,[[1,-105,[0],1]],[5,1440,1920]],[2,"bj",1,[[1,-106,[2],3]],[5,1440,1920],[0,-200,0,0,0,0,1,1,1,1]],[13,"jishi",13,[[17,"第1关",30,1,1,-107,[6]]],[5,76.68,50.4]],[38,"bushu",14,[[17,"步数:1",30,1,1,-108,[9]]],[5,85.02,50.4],[0,0,0.5],[-31.965000000000003,0.7549999999999999,0,0,0,0,1,1,1,1]],[15,"leftbushu",1,[[3,"剩余步数:1",50,60,1,1,-109,[12]]],[4,4278245375],[5,241.7,75.6],[0,266.247,0,0,0,0,1,1,1,1]],[2,"sp",6,[[1,-110,[26],27]],[5,38,30],[-36.287,45.836,0,0,0,0,1,0.7,0.7,1]],[5,"left",6,[18]],[14,"c",18,[[3,"11",20,20,1,1,-111,[28]]],[4,4278190080],[5,20.76,25.2]],[2,"sp",7,[[1,-112,[37],38]],[5,38,30],[-36.287,45.836,0,0,0,0,1,0.7,0.7,1]],[5,"left",7,[19]],[14,"c",19,[[3,"11",20,20,1,1,-113,[39]]],[4,4278190080],[5,20.76,25.2]],[2,"sp",8,[[1,-114,[60],61]],[5,38,30],[-36.287,45.836,0,0,0,0,1,0.7,0.7,1]],[5,"left",8,[22]],[14,"c",22,[[3,"5",20,20,1,1,-115,[62]]],[4,4278190080],[5,11.12,25.2]],[2,"sp",9,[[1,-116,[71],72]],[5,38,30],[-36.287,45.836,0,0,0,0,1,0.7,0.7,1]],[5,"left",9,[23]],[14,"c",23,[[3,"5",20,20,1,1,-117,[73]]],[4,4278190080],[5,11.12,25.2]],[39,"tishitipnode",false,1,[29]],[13,"tuijian_bs",3,[[0,0,-118,[100],101]],[5,113,130]],[2,"icon",3,[[0,0,-119,[102],103]],[5,90,90],[0,11.707,0,0,0,0,1,1,1,1]],[15,"name",3,[[16,"怪兽防卫战",20,22,1,1,1,-120,[104]]],[4,4278190080],[5,100,27.72],[0.32399999999999984,-49.703,0,0,0,0,1,1,1,1]],[8,"n",false,3,[[1,-121,[105],106]],[5,61,32],[-47.125,63.815,0,0,0,0,1,1,1,1]],[19,"hytj",512,false,3,[[21,-122,[108]]],[5,23,87],[-56.065,3.242,0,0,0,0,1,1,1,1]],[13,"tuijian_bs",4,[[0,0,-123,[109],110]],[5,113,130]],[2,"icon",4,[[0,0,-124,[111],112]],[5,90,90],[0,11.707,0,0,0,0,1,1,1,1]],[15,"name",4,[[16,"怪兽防卫战",20,22,1,1,1,-125,[113]]],[4,4278190080],[5,100,27.72],[0.32399999999999984,-49.703,0,0,0,0,1,1,1,1]],[2,"n",4,[[1,-126,[114],115]],[5,61,32],[-47.125,63.815,0,0,0,0,1,1,1,1]],[19,"hytj",512,false,4,[[21,-127,[117]]],[5,23,87],[-56.065,3.242,0,0,0,0,1,1,1,1]]],0,[0,0,1,0,-1,36,0,-2,12,0,-3,13,0,-4,14,0,-5,39,0,-6,10,0,-7,2,0,-8,26,0,-9,52,0,-10,30,0,-1,16,0,-2,17,0,-3,6,0,-4,7,0,-5,20,0,-6,21,0,-7,8,0,-8,9,0,2,2,0,-10,24,0,-11,11,0,0,3,0,-1,53,0,-2,54,0,-3,55,0,-4,56,0,-5,31,0,-6,57,0,0,4,0,-1,58,0,-2,59,0,-3,60,0,-4,61,0,-5,32,0,-6,62,0,0,5,0,0,5,0,0,5,0,-1,34,0,-2,35,0,0,6,0,0,6,0,-1,40,0,-2,41,0,0,7,0,0,7,0,-1,43,0,-2,44,0,0,8,0,0,8,0,-1,46,0,-2,47,0,0,9,0,0,9,0,-1,49,0,-2,50,0,2,10,0,-2,15,0,2,10,0,0,11,0,0,11,0,-1,25,0,0,12,0,0,12,0,0,13,0,-1,37,0,0,14,0,-1,38,0,0,15,0,0,15,0,0,16,0,0,16,0,0,17,0,0,17,0,0,18,0,-1,42,0,0,19,0,-1,45,0,0,20,0,0,20,0,0,21,0,0,21,0,0,22,0,-1,48,0,0,23,0,-1,51,0,0,24,0,0,24,0,0,25,0,0,25,0,-1,27,0,-2,28,0,0,27,0,0,27,0,0,28,0,0,28,0,0,29,0,0,29,0,0,31,0,0,31,0,0,32,0,0,32,0,0,34,0,0,35,0,0,36,0,0,37,0,0,38,0,0,39,0,0,40,0,0,42,0,0,43,0,0,45,0,0,46,0,0,48,0,0,49,0,0,51,0,0,53,0,0,54,0,0,55,0,0,56,0,0,57,0,0,58,0,0,59,0,0,60,0,0,61,0,0,62,0,10,33,1,2,5,3,2,30,4,2,30,5,2,33,18,2,41,19,2,44,22,2,47,23,2,50,29,2,52,127],[0,0,0,0,0,0,0,0,0,0,0,0,0,0,0,0,0,0,0,0,0,0,0,0,0,0,0,0,0,0,0,0,0,0,0,0,0,0,0,0,0,0,0,0,0,0,0,0,0,0,0,0,0,0,0,0,0,0,0,0,0,0,0,0,0,0,0,0,0,0,0,0,0,0,0,0,0,0,0,0,0,0,0,0,0,0,0,0,0,0,0,0,0,0,0,0,0,0,0,0,0,0,0,0,0,0,0,0,0,0,0,0,0,0,0,0,0,0,0,0,0,0,0,0,0,0,0,0,0,0,0,0,0,0,0,0,0],[-1,1,-1,1,-1,1,-1,-1,1,-1,-1,1,-1,-1,-1,1,3,4,5,6,-1,1,3,4,5,6,-1,1,-1,-1,1,-1,1,3,4,5,6,-1,1,-1,-1,1,-1,1,3,4,5,6,-1,1,3,4,5,6,-1,1,3,4,5,6,-1,1,-1,-1,1,-1,1,3,4,5,6,-1,1,-1,-1,1,-1,1,3,4,5,6,-1,1,-1,-1,1,-1,1,3,4,5,6,-1,1,3,4,5,6,-1,-1,1,-1,1,-1,-1,1,-1,-1,-1,1,-1,1,-1,-1,1,-1,-1,11,-1,-2,-3,-4,-5,-6,12,13,14,15,16,17,18,19,20,21,22,23],[0,10,0,10,0,31,0,0,32,0,0,33,0,34,0,6,6,11,6,11,0,35,2,1,7,1,0,3,0,0,4,0,36,2,1,7,1,0,3,0,0,4,0,12,12,13,37,13,0,2,2,1,7,1,0,8,8,14,8,14,0,3,0,0,4,0,38,9,5,15,5,0,3,0,0,4,0,9,9,5,15,5,0,39,0,0,40,0,41,42,16,43,16,0,17,17,18,44,18,0,0,19,0,20,0,0,21,0,0,0,19,0,20,0,0,21,0,0,45,46,47,48,49,50,51,52,53,54,55,56,57,58,59,60,61,62,63]],[[{"name":"lanmu","rect":[0,0,211,67],"offset":[0,0],"originalSize":[211,67],"capInsets":[0,0,0,0]}],[1],0,[0],[7],[64]],[[{"name":"shibai","rect":[0,0,237,63],"offset":[0,0],"originalSize":[237,63],"capInsets":[0,0,0,0]}],[1],0,[0],[7],[65]],[[{"name":"xiangzi_3","rect":[0,0,105,98],"offset":[0,0],"originalSize":[105,98],"capInsets":[0,0,0,0]}],[1],0,[0],[7],[66]]]]