[1,0,0,[["cc.JsonAsset",["_name","json"],1]],[[0,0,1,3]],[[0,"outresult_66",[{"m_c_type":0,"xz_x":3,"xz_y":3,"fx":2,"hero_x":3,"hero_y":4},{"m_c_type":0,"xz_x":4,"xz_y":6,"fx":3,"hero_x":5,"hero_y":6},{"m_c_type":0,"xz_x":6,"xz_y":5,"fx":2,"hero_x":6,"hero_y":6},{"m_c_type":0,"xz_x":6,"xz_y":4,"fx":2,"hero_x":6,"hero_y":5},{"m_c_type":0,"xz_x":6,"xz_y":3,"fx":2,"hero_x":6,"hero_y":4},{"m_c_type":0,"xz_x":6,"xz_y":7,"fx":2,"hero_x":6,"hero_y":8},{"m_c_type":0,"xz_x":6,"xz_y":6,"fx":2,"hero_x":6,"hero_y":7},{"m_c_type":0,"xz_x":3,"xz_y":6,"fx":4,"hero_x":2,"hero_y":6},{"m_c_type":0,"xz_x":4,"xz_y":6,"fx":4,"hero_x":3,"hero_y":6},{"m_c_type":0,"xz_x":5,"xz_y":6,"fx":4,"hero_x":4,"hero_y":6},{"m_c_type":0,"xz_x":6,"xz_y":6,"fx":4,"hero_x":5,"hero_y":6},{"m_c_type":0,"xz_x":6,"xz_y":5,"fx":2,"hero_x":6,"hero_y":6},{"m_c_type":0,"xz_x":3,"xz_y":5,"fx":1,"hero_x":3,"hero_y":4},{"m_c_type":0,"xz_x":6,"xz_y":4,"fx":2,"hero_x":6,"hero_y":5},{"m_c_type":0,"xz_x":3,"xz_y":6,"fx":4,"hero_x":2,"hero_y":6},{"m_c_type":0,"xz_x":4,"xz_y":6,"fx":4,"hero_x":3,"hero_y":6},{"m_c_type":0,"xz_x":6,"xz_y":3,"fx":4,"hero_x":5,"hero_y":3},{"m_c_type":0,"xz_x":7,"xz_y":6,"fx":2,"hero_x":7,"hero_y":7},{"m_c_type":0,"xz_x":5,"xz_y":6,"fx":4,"hero_x":4,"hero_y":6},{"m_c_type":0,"xz_x":3,"xz_y":2,"fx":1,"hero_x":3,"hero_y":1},{"m_c_type":0,"xz_x":3,"xz_y":3,"fx":1,"hero_x":3,"hero_y":2},{"m_c_type":0,"xz_x":2,"xz_y":2,"fx":4,"hero_x":1,"hero_y":2},{"m_c_type":0,"xz_x":3,"xz_y":2,"fx":4,"hero_x":2,"hero_y":2},{"m_c_type":0,"xz_x":6,"xz_y":6,"fx":1,"hero_x":6,"hero_y":5},{"m_c_type":0,"xz_x":3,"xz_y":4,"fx":2,"hero_x":3,"hero_y":5},{"m_c_type":0,"xz_x":3,"xz_y":3,"fx":3,"hero_x":4,"hero_y":3},{"m_c_type":0,"xz_x":2,"xz_y":3,"fx":4,"hero_x":1,"hero_y":3},{"m_c_type":0,"xz_x":3,"xz_y":3,"fx":4,"hero_x":2,"hero_y":3},{"m_c_type":0,"xz_x":4,"xz_y":3,"fx":4,"hero_x":3,"hero_y":3},{"m_c_type":0,"xz_x":5,"xz_y":3,"fx":4,"hero_x":4,"hero_y":3},{"m_c_type":0,"xz_x":4,"xz_y":2,"fx":1,"hero_x":4,"hero_y":1},{"m_c_type":0,"xz_x":4,"xz_y":3,"fx":4,"hero_x":3,"hero_y":3},{"m_c_type":0,"xz_x":6,"xz_y":7,"fx":2,"hero_x":6,"hero_y":8},{"m_c_type":0,"xz_x":6,"xz_y":6,"fx":2,"hero_x":6,"hero_y":7},{"m_c_type":0,"xz_x":6,"xz_y":5,"fx":2,"hero_x":6,"hero_y":6},{"m_c_type":0,"xz_x":7,"xz_y":5,"fx":2,"hero_x":7,"hero_y":6}]]],0,0,[],[],[]]