[1,["73Q8G/DmNBErFI3pIOiQOT"],0,[["sp.SkeletonData",["_name","_atlasText","textureNames","_skeletonJson","textures"],-1,3]],[[0,0,1,2,3,4,5]],[[0,"zombie","\nzombie.png\nsize: 1661,650\nformat: RGBA8888\nfilter: Linear,Linear\nrepeat: none\nbaozha22/01\n  rotate: true\n  xy: 384, 14\n  size: 204, 180\n  orig: 454, 281\n  offset: 127, 30\n  index: -1\nbaozha22/02\n  rotate: true\n  xy: 1080, 246\n  size: 402, 223\n  orig: 454, 281\n  offset: 48, 30\n  index: -1\nbaozha22/03\n  rotate: false\n  xy: 566, 24\n  size: 316, 196\n  orig: 454, 281\n  offset: 78, 23\n  index: -1\nbaozha22/04\n  rotate: false\n  xy: 2, 2\n  size: 380, 212\n  orig: 454, 281\n  offset: 56, 15\n  index: -1\nbaozha22/05\n  rotate: true\n  xy: 829, 237\n  size: 411, 249\n  orig: 454, 281\n  offset: 26, 9\n  index: -1\nbaozha22/06\n  rotate: false\n  xy: 884, 2\n  size: 364, 233\n  orig: 454, 281\n  offset: 31, 29\n  index: -1\nbaozha22/07\n  rotate: true\n  xy: 1305, 248\n  size: 400, 267\n  orig: 454, 281\n  offset: 11, 7\n  index: -1\nbaozha22/08\n  rotate: true\n  xy: 2, 216\n  size: 432, 274\n  orig: 454, 281\n  offset: 0, 7\n  index: -1\nbaozha22/09\n  rotate: true\n  xy: 554, 222\n  size: 426, 273\n  orig: 454, 281\n  offset: 11, 5\n  index: -1\nbaozha22/10\n  rotate: true\n  xy: 278, 220\n  size: 428, 274\n  orig: 454, 281\n  offset: 11, 0\n  index: -1\neffect/fx_punch\n  rotate: false\n  xy: 1291, 10\n  size: 57, 44\n  orig: 65, 52\n  offset: 4, 4\n  index: -1\neffect/fx_zombie_bite\n  rotate: false\n  xy: 1574, 454\n  size: 79, 25\n  orig: 87, 33\n  offset: 4, 4\n  index: -1\neffect/fx_zombie_flash\n  rotate: false\n  xy: 1405, 14\n  size: 111, 120\n  orig: 120, 120\n  offset: 6, 0\n  index: -1\neffect/fx_zombie_shadow\n  rotate: true\n  xy: 1574, 136\n  size: 142, 78\n  orig: 144, 81\n  offset: 1, 1\n  index: -1\nhuohua_3\n  rotate: true\n  xy: 1574, 280\n  size: 172, 78\n  orig: 172, 84\n  offset: 0, 3\n  index: -1\njsjd\n  rotate: true\n  xy: 1250, 56\n  size: 188, 153\n  orig: 192, 155\n  offset: 2, 2\n  index: -1\nrifle_AKS-74u\n  rotate: true\n  xy: 1518, 146\n  size: 100, 54\n  orig: 100, 54\n  offset: 0, 0\n  index: -1\nzombie_gang/wpnfx\n  rotate: true\n  xy: 1574, 481\n  size: 66, 81\n  orig: 67, 82\n  offset: 1, 0\n  index: -1\nzombie_hiphop/body\n  rotate: false\n  xy: 1250, 7\n  size: 39, 47\n  orig: 39, 47\n  offset: 0, 0\n  index: -1\nzombie_hiphop/front_arm\n  rotate: true\n  xy: 622, 3\n  size: 19, 13\n  orig: 19, 13\n  offset: 0, 0\n  index: -1\nzombie_hiphop/front_foot\n  rotate: false\n  xy: 384, 2\n  size: 17, 10\n  orig: 17, 10\n  offset: 0, 0\n  index: -1\nzombie_hiphop/front_hand\n  rotate: true\n  xy: 655, 9\n  size: 13, 12\n  orig: 13, 12\n  offset: 0, 0\n  index: -1\nzombie_hiphop/front_leg\n  rotate: false\n  xy: 605, 3\n  size: 15, 19\n  orig: 15, 19\n  offset: 0, 0\n  index: -1\nzombie_hiphop/front_shoulder\n  rotate: false\n  xy: 1468, 200\n  size: 29, 23\n  orig: 29, 23\n  offset: 0, 0\n  index: -1\nzombie_hiphop/front_tight\n  rotate: true\n  xy: 1468, 173\n  size: 25, 27\n  orig: 25, 27\n  offset: 0, 0\n  index: -1\nzombie_hiphop/hat\n  rotate: true\n  xy: 1405, 145\n  size: 101, 61\n  orig: 108, 61\n  offset: 7, 0\n  index: -1\nzombie_hiphop/head\n  rotate: false\n  xy: 1574, 549\n  size: 85, 99\n  orig: 85, 99\n  offset: 0, 0\n  index: -1\nzombie_hiphop/rear_arm\n  rotate: true\n  xy: 637, 5\n  size: 17, 16\n  orig: 17, 16\n  offset: 0, 0\n  index: -1\nzombie_hiphop/rear_foot\n  rotate: false\n  xy: 418, 3\n  size: 19, 9\n  orig: 19, 9\n  offset: 0, 0\n  index: -1\nzombie_hiphop/rear_hand\n  rotate: false\n  xy: 403, 2\n  size: 13, 10\n  orig: 13, 10\n  offset: 0, 0\n  index: -1\nzombie_hiphop/rear_leg\n  rotate: false\n  xy: 586, 2\n  size: 17, 20\n  orig: 18, 20\n  offset: 0, 0\n  index: -1\nzombie_hiphop/rear_shoulder\n  rotate: false\n  xy: 1468, 225\n  size: 30, 21\n  orig: 30, 21\n  offset: 0, 0\n  index: -1\nzombie_hiphop/rear_tight\n  rotate: false\n  xy: 566, 2\n  size: 18, 20\n  orig: 18, 20\n  offset: 0, 0\n  index: -1\n",["zombie.png"],{"skeleton":{"hash":"GwGhsZlpL0E1BAQVKEQgaHa0788","spine":"3.8.75","x":-93.25,"y":-107.85,"width":172.8,"height":252.04,"images":"","audio":"E:/2021/4月/警察打僵尸/jingchajiangshi_改头部/js"},"bones":[{"name":"root","scaleX":0.9,"scaleY":0.9},{"name":"attack_effect","parent":"root","length":27.92,"rotation":180,"x":-54.37,"y":57.55},{"name":"hip","parent":"root","x":-0.75,"y":26.9},{"name":"body","parent":"hip","length":25.42,"rotation":102.68,"x":0.78,"y":8.66},{"name":"body2","parent":"body","rotation":-102.68,"x":-7.55,"y":3.39},{"name":"body_back","parent":"body","rotation":-102.68,"x":12.53,"y":-21.71},{"name":"body_wpn","parent":"body","length":31.63,"rotation":84.77,"x":5.89,"y":6.38},{"name":"dron","parent":"root","x":-10.63,"y":124.69,"scaleX":0.496,"scaleY":0.496},{"name":"front_shoulder","parent":"body","length":10.3,"rotation":115.87,"x":15.85,"y":-8.55,"color":"0cff06ff"},{"name":"front_arm","parent":"front_shoulder","length":16.45,"rotation":-23.08,"x":16.22,"y":-0.83,"color":"0cff06ff"},{"name":"head","parent":"body","length":26.87,"rotation":77.3,"x":32.47,"y":-8.07},{"name":"head_center","parent":"head","x":16.56,"y":-27.31},{"name":"front_eye","parent":"head_center","x":-10.84,"y":-3.09},{"name":"front_foot_IK","parent":"root","x":11.17,"y":3.76,"color":"ff3f00ff"},{"name":"front_tight","parent":"hip","length":13.2,"rotation":-94.77,"x":9.11,"y":2.13},{"name":"front_leg","parent":"front_tight","length":10.7,"rotation":18.86,"x":14.53,"y":0.84},{"name":"front_foot","parent":"front_leg","length":5.72,"rotation":-94.15,"x":10.71,"y":-0.02},{"name":"front_hand","parent":"front_arm","length":10.02,"rotation":27.32,"x":16.84,"y":3.27,"color":"0cff06ff"},{"name":"front_hand_weapon","parent":"front_hand","length":17.7,"rotation":-34.79,"x":8.91,"y":0.96,"color":"0cff06ff"},{"name":"front_weapon","parent":"front_hand","length":21.6,"rotation":-40.36,"x":29.05,"y":-17.69,"color":"0cff06ff"},{"name":"helmet","parent":"head","rotation":-179.98,"x":14.81,"y":-47.8},{"name":"jaws","parent":"head_center","rotation":-179.98,"x":-4.85,"y":17.81},{"name":"obj_cart","parent":"root","x":-87.5},{"name":"obj_floor","parent":"root"},{"name":"obj_luggage","parent":"obj_cart","x":14.49,"y":87.47},{"name":"rear_shoulder","parent":"body","length":10.72,"rotation":117.23,"x":22.43,"y":0.71,"color":"ff2a2aff"},{"name":"rear_arm","parent":"rear_shoulder","length":17.26,"rotation":-34.7,"x":22.05,"y":-5.7,"color":"ff2a2aff"},{"name":"rear_eye","parent":"head_center","x":29.65,"y":-3.24},{"name":"rear_foot_IK","parent":"root","x":-6.18,"y":3.17,"color":"ff3f00ff"},{"name":"rear_tight","parent":"hip","length":13.25,"rotation":-100.75,"x":-6,"y":1.88},{"name":"rear_leg","parent":"rear_tight","length":10.91,"rotation":24.03,"x":14.5,"y":0.16},{"name":"rear_foot","parent":"rear_leg","length":5.65,"rotation":-93.33,"x":10.69,"y":0.09},{"name":"rear_hand","parent":"rear_arm","length":10.47,"rotation":5.47,"x":16.19,"y":3.75,"color":"ff2a2aff"},{"name":"shadow","parent":"root","length":25.68,"rotation":180},{"name":"huohua_3","parent":"front_hand_weapon","length":12.32,"rotation":-9.85,"x":24.48,"y":-15.87,"scaleX":1.1708,"scaleY":1.3145,"color":"ff0505ff"},{"name":"jsjd","parent":"root","length":33.1,"rotation":90,"x":-12.33,"y":-54.74},{"name":"baozha22/01","parent":"root","length":43.11,"rotation":89.14,"x":-6.74,"y":-86.94,"color":"ff4d4dff"}],"slots":[{"name":"huohua_3","bone":"huohua_3"},{"name":"shadow","bone":"shadow","attachment":"effect/fx_zombie_shadow"},{"name":"obj_shadow","bone":"obj_floor","attachment":"obj_shadow"},{"name":"dron","bone":"dron"},{"name":"body_back","bone":"body_back","attachment":"body_back"},{"name":"obj_skate","bone":"obj_floor","attachment":"zombie_skater"},{"name":"rear_shoulder","bone":"rear_shoulder","attachment":"rear_shoulder"},{"name":"rear_arm","bone":"rear_arm","attachment":"rear_arm"},{"name":"rear_hand","bone":"rear_hand","attachment":"rear_hand"},{"name":"rear_leg","bone":"rear_leg","attachment":"rear_leg"},{"name":"rear_tight","bone":"rear_tight","attachment":"rear_tight"},{"name":"rear_foot","bone":"rear_foot","attachment":"rear_foot"},{"name":"front_leg","bone":"front_leg","attachment":"front_leg"},{"name":"front_foot","bone":"front_foot","attachment":"front_foot"},{"name":"front_tight","bone":"front_tight","attachment":"front_tight"},{"name":"body","bone":"body","attachment":"body"},{"name":"body2","bone":"body2","attachment":"body2"},{"name":"front_weapon","bone":"front_weapon"},{"name":"front_hand_weapon","bone":"front_hand_weapon","attachment":"front_hand_weapon"},{"name":"front_shoulder","bone":"front_shoulder","attachment":"front_shoulder"},{"name":"front_arm","bone":"front_arm","attachment":"front_arm"},{"name":"front_hand","bone":"front_hand","attachment":"front_hand"},{"name":"obj_cart","bone":"obj_cart","attachment":"obj_cart"},{"name":"attack","bone":"attack_effect"},{"name":"obj_luggage","bone":"obj_luggage","attachment":"obj_luggage"},{"name":"attack box","bone":"attack_effect"},{"name":"dron box","bone":"dron"},{"name":"head box","bone":"head_center","attachment":"head box"},{"name":"body box","bone":"body","attachment":"body box"},{"name":"head","bone":"head_center","attachment":"head"},{"name":"helmet","bone":"helmet","attachment":"helmet"},{"name":"jsjd","bone":"jsjd","attachment":"jsjd"},{"name":"baozha22/01","bone":"baozha22/01"}],"ik":[{"name":"front_foot_IK","target":"front_foot_IK","bones":["front_tight","front_leg"]},{"name":"rear_foot_IK","order":1,"target":"rear_foot_IK","bones":["rear_tight","rear_leg"]}],"skins":[{"name":"default","attachments":{"jsjd":{"jsjd":{"x":12.41,"y":-4.73,"rotation":-90,"width":192,"height":155}},"baozha22/01":{"baozha22/01":{"x":62.52,"y":8.36,"rotation":-89.14,"width":454,"height":281},"baozha22/02":{"x":62.52,"y":8.36,"rotation":-89.14,"width":454,"height":281},"baozha22/03":{"x":62.52,"y":8.36,"rotation":-89.14,"width":454,"height":281},"baozha22/04":{"x":62.52,"y":8.36,"rotation":-89.14,"width":454,"height":281},"baozha22/05":{"x":62.52,"y":8.36,"rotation":-89.14,"width":454,"height":281},"baozha22/06":{"x":62.52,"y":8.36,"rotation":-89.14,"width":454,"height":281},"baozha22/07":{"x":62.52,"y":8.36,"rotation":-89.14,"width":454,"height":281},"baozha22/08":{"x":62.52,"y":8.36,"rotation":-89.14,"width":454,"height":281},"baozha22/09":{"x":62.52,"y":8.36,"rotation":-89.14,"width":454,"height":281},"baozha22/10":{"x":62.52,"y":8.36,"rotation":-89.14,"width":454,"height":281}},"attack":{"effect/fx_punch":{"x":3.27,"y":-1.48,"rotation":-1.97,"width":65,"height":52},"effect/fx_zombie_bite":{"x":-12.97,"rotation":180,"width":87,"height":33},"effect/fx_zombie_flash":{"x":41.03,"y":-2.44,"rotation":180,"width":120,"height":120},"zombie_gang/wpnfx":{"x":28.93,"y":-3.38,"rotation":-175.79,"width":67,"height":82}},"head box":{"head box":{"type":"boundingbox","vertexCount":5,"color":"60ef00ff","vertices":[-4.33,-62.58,36.51,-42.43,32.5,35.09,-40.62,34.72,-46.91,-41.44]}},"body box":{"body box":{"type":"boundingbox","vertexCount":4,"color":"60ef00ff","vertices":[23.65,30.18,-23.61,31.23,-34.04,-16.51,20.84,-30.25]}},"dron box":{"dron box2":{"type":"boundingbox","vertexCount":6,"color":"60ef00ff","vertices":[0.97,51.57,40.24,30.23,40.24,-15.87,-0.74,-52.58,-40.01,-16.73,-38.31,31.94]}},"shadow":{"effect/fx_zombie_shadow":{"scaleX":0.5,"scaleY":0.7,"rotation":179.99,"width":144,"height":81}},"huohua_3":{"huohua_3":{"x":11.7,"y":0.75,"scaleX":0.1609,"scaleY":0.2185,"rotation":3.26,"width":172,"height":84}},"dron":{"zombie_aircrew/dron":{"y":-50,"width":80,"height":192}},"attack box":{"attack box":{"type":"boundingbox","vertexCount":4,"color":"60ef00ff","vertices":[-34.87,-42.98,15.88,-42.59,14.82,35.54,-39.02,34.75]}}}},{"name":"zombie_hiphop","attachments":{"rear_arm":{"rear_arm":{"name":"zombie_hiphop/rear_arm","x":8.12,"y":0.31,"rotation":171.06,"width":17,"height":16}},"rear_tight":{"rear_tight":{"name":"zombie_hiphop/rear_tight","x":5.53,"y":0.58,"rotation":95.99,"width":18,"height":20}},"front_foot":{"front_foot":{"name":"zombie_hiphop/front_foot","x":3.16,"y":-1.1,"rotation":169.98,"width":17,"height":10}},"front_hand":{"front_hand":{"name":"zombie_hiphop/front_hand","x":2.91,"y":-0.02,"rotation":139.64,"width":13,"height":12}},"front_arm":{"front_arm":{"name":"zombie_hiphop/front_arm","x":8.22,"y":-0.21,"rotation":167.08,"width":19,"height":13}},"front_tight":{"front_tight":{"name":"zombie_hiphop/front_tight","x":6.65,"y":0.45,"rotation":93.86,"width":25,"height":27}},"front_hand_weapon":{"front_hand_weapon":{"name":"rifle_AKS-74u","x":-2.52,"y":3.29,"rotation":172,"width":100,"height":54}},"rear_shoulder":{"rear_shoulder":{"name":"zombie_hiphop/rear_shoulder","x":6.68,"y":-1.18,"rotation":138.64,"width":30,"height":21}},"head":{"head":{"name":"zombie_hiphop/head","x":-3.73,"y":-9.03,"rotation":-179.98,"width":85,"height":99}},"body":{"body":{"name":"zombie_hiphop/body","x":9.76,"y":-2.2,"rotation":-102.7,"width":39,"height":47}},"rear_foot":{"rear_foot":{"name":"zombie_hiphop/rear_foot","x":1.77,"y":-0.66,"rotation":175.84,"width":19,"height":9}},"rear_hand":{"rear_hand":{"name":"zombie_hiphop/rear_hand","x":2.44,"y":0.51,"rotation":165.57,"width":13,"height":10}},"helmet":{"helmet":{"name":"zombie_hiphop/hat","x":5.41,"y":12.9,"width":108,"height":61}},"rear_leg":{"rear_leg":{"name":"zombie_hiphop/rear_leg","x":1.49,"y":0.57,"rotation":82.52,"width":18,"height":20}},"front_shoulder":{"front_shoulder":{"name":"zombie_hiphop/front_shoulder","x":5.82,"y":-1.18,"rotation":143.78,"width":29,"height":23}},"front_leg":{"front_leg":{"name":"zombie_hiphop/front_leg","x":2.07,"y":-0.19,"rotation":75.83,"width":15,"height":19}}}}],"events":{"dead_head":{},"fx":{},"fx2":{},"fxDamage":{},"no hit frame":{},"powerFrame":{},"shoot":{},"sound":{},"stop":{},"unvisiable":{},"visiable":{}},"animations":{"attack gang":{"slots":{"attack":{"color":[{"time":0.5333,"color":"ffffff00"},{"time":0.5667,"color":"ffffffff"},{"time":0.6,"color":"ffffff00","curve":"stepped"},{"time":0.6667,"color":"ffffff00"},{"time":0.7,"color":"ffffffff"},{"time":0.7333,"color":"ffffff00","curve":"stepped"},{"time":0.8,"color":"ffffff00"},{"time":0.8333,"color":"ffffffff"},{"time":0.8667,"color":"ffffff00","curve":"stepped"},{"time":0.9333,"color":"ffffff00"},{"time":0.9667,"color":"ffffffff"},{"time":1,"color":"ffffff00","curve":"stepped"},{"time":1.0667,"color":"ffffff00"},{"time":1.1,"color":"ffffffff"},{"time":1.1333,"color":"ffffff00","curve":"stepped"},{"time":1.2,"color":"ffffff00"},{"time":1.2333,"color":"ffffffff"},{"time":1.2667,"color":"ffffff00"}],"attachment":[{"time":0.5667,"name":"zombie_gang/wpnfx"}]}},"bones":{"attack_effect":{"rotate":[{"time":0.5667,"angle":-7.02},{"time":0.7,"angle":-0.94},{"time":0.8333,"angle":-1.15},{"time":0.9667,"angle":-2.74},{"time":1.1,"angle":-1.35},{"time":1.2333,"angle":-15.54}],"translate":[{"time":0.5667,"x":-27.45,"y":-1.64},{"time":0.7,"x":-24.15,"y":-13.32},{"time":0.8333,"x":-17.64,"y":-8.67},{"time":0.9667,"x":-27.62,"y":-8.53},{"time":1.1,"x":-17.62,"y":-15.54},{"time":1.2333,"x":-18.05,"y":1.65}]},"head":{"rotate":[{},{"time":0.5667,"angle":-6.63},{"time":0.7,"angle":25.65},{"time":0.8333,"angle":-16.02},{"time":1,"angle":21.81},{"time":1.1667,"angle":6.21},{"time":1.2333,"angle":-40.16},{"time":1.6667}]},"body":{"rotate":[{},{"time":0.4,"angle":-6.83},{"time":0.6667,"angle":-10.43},{"time":0.7333,"angle":-13.8},{"time":1,"angle":-5.88},{"time":1.0667,"angle":-10.05},{"time":1.1667,"angle":-9.22},{"time":1.2333,"angle":-6.83},{"time":1.6667}]},"front_shoulder":{"rotate":[{"angle":39.45},{"time":0.5,"angle":-8.87},{"time":0.5667,"angle":-16.2},{"time":0.7,"angle":-4.31},{"time":0.8,"angle":-19.32},{"time":0.8667,"angle":-4.15},{"time":0.9333,"angle":-16.2},{"time":1.0667,"angle":-4.31},{"time":1.1667,"angle":-19.32},{"time":1.2333,"angle":-4.15},{"time":1.3333,"angle":-8.87},{"time":1.6667,"angle":39.45}]},"front_arm":{"rotate":[{},{"time":0.5,"angle":3.34,"curve":"stepped"},{"time":1.3333,"angle":3.34},{"time":1.6667}]},"rear_shoulder":{"rotate":[{"angle":49.91},{"time":0.5,"angle":2.36},{"time":0.5667,"angle":-2.78},{"time":0.7,"angle":26.81},{"time":0.8,"angle":-7.29},{"time":0.8667,"angle":18.22},{"time":0.9333,"angle":-2.78},{"time":1.0667,"angle":26.81},{"time":1.1667,"angle":-7.29},{"time":1.2333,"angle":18.22},{"time":1.3333,"angle":2.36},{"time":1.6667,"angle":49.91}]},"front_hand":{"rotate":[{},{"time":0.5,"angle":3.74}]},"rear_arm":{"rotate":[{},{"time":0.5,"angle":-13.05,"curve":"stepped"},{"time":1.3333,"angle":-13.05},{"time":1.6667}]},"front_weapon":{"rotate":[{"angle":-30.97}]},"front_hand_weapon":{"rotate":[{"time":0.5},{"time":0.5667,"angle":15.62},{"time":0.6333,"angle":-6.29},{"time":0.7,"angle":9.89},{"time":0.7667,"angle":-11.07},{"time":0.8333,"angle":15.62},{"time":0.9,"angle":-6.29},{"time":0.9667,"angle":9.89},{"time":1.0333,"angle":-11.07},{"time":1.1,"angle":15.62},{"time":1.1667,"angle":-6.29},{"time":1.2333,"angle":9.89},{"time":1.3,"angle":-11.07}]},"hip":{"rotate":[{"time":1.1667},{"time":1.3,"angle":-32.54},{"time":1.6667}],"translate":[{"time":0.5},{"time":0.6667,"x":2.89,"y":-2.02},{"time":0.8333,"x":11.79,"y":-2.49},{"time":1,"x":-2.45,"y":-2.96},{"time":1.1,"x":10.75,"y":-2.54},{"time":1.2333,"x":3.6,"y":-1.98},{"time":1.4,"x":10.86,"y":-3.96},{"time":1.5,"x":2.77,"y":-4.67},{"time":1.6667}]},"rear_foot_IK":{"translate":[{"time":0.5},{"time":1.2333,"x":-11.57,"y":9.64},{"time":1.6667}]}},"events":[{"time":0.5667,"name":"shoot","string":"bullet"},{"time":0.7,"name":"shoot","string":"bullet"},{"time":0.8333,"name":"shoot","string":"bullet"},{"time":0.9667,"name":"shoot","string":"bullet"},{"time":1.1,"name":"shoot","string":"bullet"},{"time":1.2333,"name":"shoot","string":"bullet"}]},"attack gang_2":{"slots":{"attack":{"color":[{"time":0.5333,"color":"ffffff00"},{"time":0.6,"color":"ffffffff"},{"time":0.6333,"color":"ffffff00"}],"attachment":[{"time":0.6,"name":"zombie_gang/wpnfx"}]}},"bones":{"attack_effect":{"rotate":[{"time":0.5333,"angle":-7.02}],"translate":[{"x":-22.53,"y":-15.21},{"time":0.5333,"x":-27.31,"y":-2.23},{"time":0.6,"x":-26.44,"y":5.88},{"time":1.1667,"x":-22.53,"y":-15.21}],"scale":[{"time":0.5333,"x":0.865,"y":0.635},{"time":0.6,"x":1.047,"y":0.769}]},"head":{"rotate":[{},{"time":0.5667,"angle":-6.63},{"time":0.6667,"angle":6.21},{"time":0.7333,"angle":-9.1},{"time":1.1667}]},"body":{"rotate":[{},{"time":0.4,"angle":-6.83},{"time":0.6667,"angle":-9.22},{"time":0.7333,"angle":11.05},{"time":1.1667}]},"front_shoulder":{"rotate":[{"angle":8.06},{"time":0.5667,"angle":-19.53},{"time":1.1667,"angle":8.06}]},"front_arm":{"rotate":[{"angle":-11.01},{"time":0.5667,"angle":3.55},{"time":1.1667,"angle":-11.01}]},"front_hand":{"rotate":[{},{"time":0.5667,"angle":8.48},{"time":1.1667,"angle":13.1}]},"rear_arm":{"rotate":[{"angle":-0.96},{"time":0.5,"angle":14.1},{"time":1.1667,"angle":-0.96}]},"front_weapon":{"rotate":[{"angle":-30.97}]},"front_hand_weapon":{"rotate":[{"time":0.5},{"time":0.5667,"angle":15.62},{"time":0.6333,"angle":-6.29,"curve":"stepped"},{"time":0.6667,"angle":-6.29},{"time":0.7333,"angle":9.89},{"time":0.8,"angle":-11.07}]},"hip":{"rotate":[{"time":0.6667},{"time":0.8,"angle":-11.83},{"time":1.1667}]},"rear_foot_IK":{"translate":[{"time":0.5},{"time":0.7333,"x":-8.23,"y":3.99},{"time":1.1667}]},"rear_shoulder":{"rotate":[{"angle":5.63},{"time":0.5667,"angle":-16.2},{"time":1.1667,"angle":5.63}]}},"events":[{"time":0.5667,"name":"shoot","string":"bullet"},{"time":0.7333,"name":"shoot","string":"bullet"}]},"dead boom":{"slots":{"front_weapon":{"color":[{"color":"ffffff00"}]},"front_leg":{"color":[{"time":0.4667,"color":"ffffffff"},{"time":0.9667,"color":"ffffff00"}]},"rear_hand":{"color":[{"time":0.4667,"color":"ffffffff"},{"time":0.7333,"color":"ffffff00"}]},"rear_leg":{"color":[{"time":0.4667,"color":"ffffffff"},{"time":0.7333,"color":"ffffff00"}]},"front_tight":{"color":[{"time":0.4667,"color":"ffffffff"},{"time":0.9667,"color":"ffffff00"}]},"baozha22/01":{"attachment":[{"time":0.3333,"name":"baozha22/01"},{"time":0.4,"name":"baozha22/02"},{"time":0.4667,"name":"baozha22/03"},{"time":0.5333,"name":"baozha22/04"},{"time":0.6,"name":"baozha22/05"},{"time":0.6667,"name":"baozha22/06"},{"time":0.7333,"name":"baozha22/07"},{"time":0.8,"name":"baozha22/08"},{"time":0.8667,"name":"baozha22/09"},{"time":0.9333,"name":"baozha22/10"},{"time":1,"name":null}]},"rear_foot":{"color":[{"time":0.4667,"color":"ffffffff"},{"time":0.7333,"color":"ffffff00"}]},"rear_arm":{"color":[{"time":0.5,"color":"ffffffff"},{"time":0.9667,"color":"ffffff00"}]},"body":{"color":[{"time":0.4667,"color":"ffffffff"},{"time":0.9667,"color":"ffffff00"}]},"front_hand":{"color":[{"time":0.4667,"color":"ffffffff"},{"time":0.9667,"color":"ffffff00"}]},"rear_shoulder":{"color":[{"time":0.4667,"color":"ffffffff"},{"time":0.7667,"color":"ffffff00"}]},"front_shoulder":{"color":[{"time":0.4333,"color":"ffffffff"},{"time":0.9333,"color":"ffffff00"}]},"rear_tight":{"color":[{"time":0.4667,"color":"ffffffff"},{"time":0.7333,"color":"ffffff00"}]},"jsjd":{"color":[{"time":0.5,"color":"ffffffff"},{"time":0.6667,"color":"ffffff00"}]},"front_hand_weapon":{"color":[{"time":0.6333,"color":"ffffffff"},{"time":1,"color":"ffffff00"}]},"helmet":{"color":[{"time":0.6667,"color":"ffffff53"},{"time":1,"color":"ffffff00"}]},"attack":{"color":[{"color":"ffffff00"}]},"shadow":{"color":[{"time":0.4667,"color":"ffffffff"},{"time":0.7333,"color":"ffffff00"}]},"front_arm":{"color":[{"time":0.4667,"color":"ffffffff"},{"time":0.9667,"color":"ffffff00"}]},"body_back":{"color":[{"time":0.6667,"color":"ffffffff"},{"time":0.9667,"color":"ffffff00"}]},"front_foot":{"color":[{"time":0.4667,"color":"ffffffff"},{"time":0.9667,"color":"ffffff00"}]},"head":{"color":[{"time":0.6667,"color":"ffffffff"},{"time":1,"color":"ffffff00"}],"attachment":[{"time":1,"name":null}]}},"bones":{"body":{"rotate":[{},{"time":0.2333,"angle":-95.7},{"time":0.6667,"angle":-99.25}],"translate":[{},{"time":0.2333,"x":73.34,"y":107.19},{"time":0.4667,"x":148.34,"y":-29.81},{"time":0.5667,"x":148.34,"y":-17.93},{"time":0.6667,"x":148.34,"y":-29.81}]},"body_wpn":{"rotate":[{},{"time":0.6333,"angle":-31.63},{"time":0.8333,"angle":-90.54},{"time":0.9,"angle":-84.57},{"time":0.9667,"angle":-90.89}]},"front_arm":{"rotate":[{},{"time":0.4667,"angle":-11.06}],"translate":[{},{"time":0.2333,"x":33.47,"y":-13.31},{"time":0.4667,"x":42.02,"y":-28.48}]},"front_shoulder":{"rotate":[{"angle":55.88},{"time":0.2,"angle":-58.45},{"time":0.6333,"angle":-101.33}],"translate":[{},{"time":0.2,"x":27.94,"y":-29.53},{"time":0.6333,"x":84.93,"y":-5.35}]},"front_tight":{"translate":[{},{"time":0.1667,"x":41.84,"y":65.07},{"time":0.4,"x":91.3,"y":-41.01}]},"front_weapon":{"rotate":[{"time":1,"angle":-0.23}]},"head_center":{"translate":[{},{"time":0.6667,"x":-14.76}]},"rear_arm":{"rotate":[{},{"time":0.5,"angle":-23.39},{"time":0.6667,"angle":4.02}],"translate":[{},{"time":0.5,"x":19.52,"y":-55.61},{"time":0.6667,"x":59.88,"y":-32.96}]},"rear_shoulder":{"rotate":[{"angle":49.91},{"time":0.7,"angle":-95.39}],"translate":[{},{"time":0.7,"x":42.73,"y":-6.31}]},"rear_tight":{"translate":[{},{"time":0.2333,"x":40.23,"y":42.12},{"time":0.4667,"x":61.02,"y":-23.76}]},"shadow":{"translate":[{},{"time":0.4667,"x":156.71},{"time":0.6667,"x":156.06}]},"rear_foot_IK":{"translate":[{},{"time":0.2333,"x":57.51,"y":76.41},{"time":0.4667,"x":83.16,"y":2.16}]},"front_foot_IK":{"translate":[{},{"time":0.2333,"x":18.63,"y":96.12},{"time":0.4667,"x":55.62,"y":-16.2}]}},"events":[{"name":"dead_head"}]},"run":{"slots":{"attack":{"color":[{"color":"ffffff00"}]}},"bones":{"head":{"rotate":[{},{"time":0.0333,"angle":11.44},{"time":0.3667,"angle":1.42},{"time":0.6333,"angle":-10.48},{"time":0.7,"angle":3.55},{"time":0.9333,"angle":-9.44},{"time":1.2333}]},"front_eye":{"translate":[{"time":0.0333},{"time":0.0667,"x":0.12,"y":0.99},{"time":0.3},{"time":0.3333,"x":-0.63,"y":-2.15},{"time":0.5667,"curve":"stepped"},{"time":0.7},{"time":0.7333,"x":0.41,"y":1.96},{"time":0.9667},{"time":1,"x":0.92,"y":-2.85},{"time":1.2333}]},"rear_eye":{"translate":[{"time":0.0333},{"time":0.1,"x":0.16,"y":1.99},{"time":0.3333},{"time":0.3667,"x":0.3,"y":-1.98},{"time":0.6333,"curve":"stepped"},{"time":0.7},{"time":0.7333,"x":0.61,"y":2.94},{"time":0.9667},{"time":1,"x":0.61,"y":-1.9},{"time":1.2333}]},"body":{"rotate":[{},{"time":0.3,"angle":-15.1},{"time":0.6333,"angle":16.15},{"time":0.9667,"angle":-11.68},{"time":1.2333}]},"front_shoulder":{"rotate":[{"angle":1.69},{"time":0.2,"angle":9.52},{"time":0.6333,"angle":-3.34},{"time":0.7667,"angle":17.94},{"time":1.2333,"angle":1.69}]},"front_arm":{"rotate":[{"time":0.6333},{"time":0.7667,"angle":16.86},{"time":1.2333}]},"rear_shoulder":{"rotate":[{"angle":-5.36},{"time":0.3667,"angle":13.3},{"time":0.6333,"angle":-5.36},{"time":0.7,"angle":7.22},{"time":1.2333,"angle":-5.36}]},"front_hand":{"rotate":[{"angle":10.61,"curve":"stepped"},{"time":0.6333,"angle":10.61},{"time":0.7667,"angle":-55.95},{"time":1.2333,"angle":10.61}]},"rear_arm":{"rotate":[{},{"time":0.3667,"angle":-7.77},{"time":0.6333},{"time":0.7,"angle":13.81},{"time":1.2333}]},"rear_hand":{"rotate":[{"angle":33.1},{"time":0.3667,"angle":-7.75},{"time":0.7,"angle":-32.47},{"time":0.8,"angle":15.13},{"time":1.2333,"angle":33.1}]},"rear_foot_IK":{"translate":[{"x":-8.87,"y":1.28},{"time":0.3,"x":5.64,"y":0.4},{"time":0.6333,"x":21.15,"y":4.51},{"time":0.9333,"x":5.64,"y":6.4},{"time":1.2333,"x":-8.87,"y":1.28}]},"front_foot_IK":{"translate":[{"x":7.61,"y":3.38},{"time":0.3,"x":-10.57,"y":6.63},{"time":0.6333,"x":-24.51,"y":0.28},{"time":0.9333,"x":-3.03,"y":-1.17},{"time":1.2333,"x":7.61,"y":3.38}]},"front_tight":{"translate":[{},{"time":0.6333,"x":-10.43,"y":-2.82},{"time":1.2333}]},"rear_tight":{"translate":[{},{"time":0.6333,"x":9.02,"y":-0.56},{"time":1.2333}]},"hip":{"translate":[{},{"time":0.0333,"y":-1.83},{"time":0.3,"y":1},{"time":0.6333},{"time":0.7,"y":-2},{"time":0.9333,"y":0.91},{"time":1.2333}]},"front_weapon":{"rotate":[{"time":0.6667},{"time":0.7667,"angle":19.73},{"time":1.2333}]},"root":{"translate":[{"time":0.1333},{"time":0.6667,"x":10,"curve":"stepped"},{"time":0.8333,"x":10},{"time":1.2333}]},"body2":{"rotate":[{},{"time":0.4333,"angle":-8.9},{"time":0.9,"angle":18.06},{"time":1.2333}],"shear":[{},{"time":0.4333,"y":-17.86},{"time":0.9,"y":17.82},{"time":1.2333}]},"obj_cart":{"translate":[{},{"time":0.0667,"y":2.5},{"time":0.1,"curve":"stepped"},{"time":0.4333},{"time":0.5,"y":2.5},{"time":0.5333,"curve":"stepped"},{"time":0.8333},{"time":0.9,"y":2.5},{"time":0.9333,"curve":"stepped"},{"time":1.0333},{"time":1.1,"y":2.5},{"time":1.1333}]}}},"stand":{"slots":{"attack":{"color":[{"color":"ffffff00"}]}},"bones":{"head":{"rotate":[{},{"time":0.5333,"angle":3},{"time":1}],"translate":[{},{"time":0.4667,"x":-0.76,"y":1.19},{"time":1}]},"front_eye":{"rotate":[{},{"time":0.4667,"angle":-18},{"time":1}]},"rear_eye":{"rotate":[{},{"time":0.5,"angle":16},{"time":1}]},"body":{"rotate":[{},{"time":0.5,"angle":3.02},{"time":1}]},"front_shoulder":{"rotate":[{"angle":-12.35},{"time":0.5667,"angle":1.88},{"time":1,"angle":-12.35}]},"front_arm":{"rotate":[{},{"time":0.4667,"angle":-9.05},{"time":1}]},"rear_shoulder":{"rotate":[{"angle":-1.89},{"time":0.5,"angle":22.14},{"time":1,"angle":-1.89}]},"front_hand":{"rotate":[{},{"time":0.5,"angle":6},{"time":1}]},"rear_arm":{"rotate":[{},{"time":0.5,"angle":-4.12},{"time":1}]},"rear_hand":{"rotate":[{},{"time":0.5,"angle":4.78},{"time":1}]},"front_weapon":{"rotate":[{"angle":-30.97}]},"jaws":{"rotate":[{},{"time":0.5,"angle":9.89},{"time":1}],"translate":[{},{"time":0.5,"x":-0.37,"y":1.67},{"time":1}]}}},"stand_2":{"slots":{"front_hand_weapon":{"color":[{"color":"ffffff00"}]},"attack":{"color":[{"color":"ffffff00"}]}},"bones":{"head":{"rotate":[{},{"time":0.5,"angle":-2.93},{"time":1}],"translate":[{},{"time":0.5,"x":-0.76,"y":1.19},{"time":1}]},"front_eye":{"rotate":[{},{"time":0.4667,"angle":-18},{"time":1}]},"rear_eye":{"rotate":[{},{"time":0.5,"angle":16},{"time":1}]},"body":{"rotate":[{},{"time":0.5,"angle":3.02},{"time":1}]},"front_shoulder":{"rotate":[{"angle":-12.35},{"time":0.5,"angle":-16.07},{"time":1,"angle":-12.35}]},"front_arm":{"rotate":[{},{"time":0.4667,"angle":-9.05},{"time":1}]},"rear_shoulder":{"rotate":[{"angle":-1.89},{"time":0.5,"angle":-9.63},{"time":1,"angle":-1.89}]},"front_hand":{"rotate":[{},{"time":0.5,"angle":6},{"time":1}]},"rear_arm":{"rotate":[{},{"time":0.5,"angle":-4.12},{"time":1}]},"rear_hand":{"rotate":[{},{"time":0.5,"angle":4.78},{"time":1}]},"front_weapon":{"rotate":[{"angle":-30.97}]},"jaws":{"rotate":[{},{"time":0.5,"angle":9.89},{"time":1}],"translate":[{},{"time":0.5,"x":-0.37,"y":1.67},{"time":1}]},"front_hand_weapon":{"rotate":[{"time":0.5,"angle":-7.74}]}}}}},[0]]],0,0,[0],[-1],[0]]