{"paths":{"0":["kuangche/humans_ck/humans_ck",2],"1":["donghua/wudi/wudi_15",2],"2":["boomb/texiao/zidan/patagongji/1",2],"3":["zhengdonghua/qiyoudan/babeixue",2],"4":["boomb/texiao/zidan/baozha/11",2],"5":["kuangche/zombie_ck/zombie",2],"6":["boomb/texiao/shengji/4",2],"7":["texiao/jineng/texiao",2],"8":["jingcha/tanke_jc/zombie_martboss_jc",3],"9":["donghua/wudi/wudi_12",2],"10":["skillanim/chaonengli/chaonengli",3],"11":["boomb/texiao/zidan/baozha/10",2],"12":["skillanim/wudi/dun",2],"13":["boomb/texiao/zidan/baozha/8",2],"14":["donghua/wudi/wudi_04",2],"15":["boomb/texiao/jibnilizi/jb2",2],"16":["boomb/texiao/shengji/2",2],"17":["skillanim/wudi/dun",3],"18":["donghua/wudi/wudi_03",2],"19":["skillanim/jinengguang/jn_guang",3],"20":["kuangche/humans_ck/humans_ck",3],"21":["jiangshi/bigqiqiu/big_qiqiu",3],"22":["skillanim/cygg/yinbi_baozha",3],"23":["boomb/texiao/zidan/patagongji/3",2],"24":["jingcha/feiji/heli",3],"25":["boomb/texiao/zidan/daodan/weiyan2",2],"26":["jiangshi/common/zombie",3],"27":["skillanim/zhadan_xidi/hedan_baozha",3],"28":["donghua/wudi/wudi_07",2],"29":["zhengdonghua/qiyoudan/qiyouzhadan",2],"30":["donghua/wudi/wudi_10",2],"31":["donghua/wudi/wudi_13",2],"32":["dangban/1/zhalan_1",3],"33":["jiangshi/zombie_effect/zombie_effect",3],"34":["constuct/jszhujidi/zombie",3],"35":["kuangche/zombie_ck/zombie",3],"36":["zhengdonghua/guang/g",2],"37":["constuct/jczhujidi/zhujidi_jc",3],"38":["skillanim/chaonengli/chaonengli",2],"39":["constuct/jszhujidi/zombie",2],"40":["donghua/wudi/wudi_08",2],"41":["skillanim/jqzy/jqzy",2],"42":["donghua/wudi/wudi_01",2],"43":["jiangshi/chejs/zombie_martboss",2],"44":["skillanim/cygg/yinbi_baozha",2],"45":["skillanim/jiesuo/lingqu",3],"46":["jiangshi/benpol/beanpole",3],"47":["jiangshi/tanke_js/zombie_martboss",3],"48":["donghua/wudi/wudi_11",2],"49":["skillanim/zhadan_xidi/hedan_baozha",2],"50":["boomb/texiao/shengji/7",2],"51":["jiangshi/big_zombie/big",3],"52":["boomb/texiao/shengji/1",2],"53":["texiao/jineng/texiao",3],"54":["donghua/wudi/wudi_05",2],"55":["jiangshi/chejs/zombie_martboss",3],"56":["boomb/texiao/zidan/patagongji/2",2],"57":["boomb/texiao/shengji/3",2],"58":["boomb/texiao/zidan/baozha/9",2],"59":["boomb/texiao/shengji/5",2],"60":["donghua/wudi/wudi_02",2],"61":["donghua/wudi/wudi_06",2],"62":["donghua/wudi/wudi_14",2],"63":["boomb/texiao/shengji/8",2],"64":["skillanim/jqzy/jqzy",3],"65":["jingcha/common/humans",3],"66":["skillanim/jinengguang/jn_guang",2],"67":["boomb/texiao/zidan/baozha/12",2],"68":["boomb/texiao/jibnilizi/jb1.png",2],"69":["jingcha/feiting/feiting",3],"70":["boomb/texiao/zidan/daodan/weiyan1",2],"71":["jiangshi/zombie_effect/zombie_effect",2],"72":["donghua/wudi/wudi_09",2],"73":["boomb/texiao/shengji/6",2],"74":["jingcha/laser/laser",3],"75":["dangban/1/zhalan_1",2],"76":["constuct/jczhujidi/zhujidi_jc",2],"77":["boomb/texiao/zidan/daodan/daodanzha1",2],"78":["boomb/texiao/zidan/daodan/daodanzha7",2],"79":["boomb/texiao/zidan/daodan/hongzha11",1,1],"80":["boomb/texiao/zidan/jizhong/4",2],"81":["boomb/texiao/zidan/jizhong/3",2],"82":["dangban/1/zhalan_1",4],"83":["donghua/wudi/wudi_05",1,1],"84":["boomb/texiao/zidan/baozha/3",1,1],"85":["boomb/texiao/zidan/daodan/hongzha7",2],"86":["skillanim/jinengguang/jn_guang",4],"87":["donghua/wudi/wudi_03",1,1],"88":["boomb/texiao/zidan/baozha/6",2],"89":["boomb/texiao/zidan/tanketexiao/6",1,1],"90":["jiangshi/common/zombie",1,1],"91":["donghua/wudi/wudi_14",1,1],"92":["boomb/texiao/zidan/tanketexiao/4",2],"93":["jiangshi/benpol/beanpole",1,1],"94":["donghua/wudi/wudi_02",1,1],"95":["constuct/jszhujidi/zombie",1,1],"96":["boomb/texiao/zidan/paodancuihui/7",2],"97":["donghua/wudi/wudi_08",1,1],"98":["boomb/texiao/zidan/daodan/hongzha2",2],"99":["boomb/texiao/zidan/paodancuihui/3",1,1],"100":["boomb/texiao/zidan/daodan/hongzha3",1,1],"101":["boomb/texiao/zidan/baozha/2",2],"102":["boomb/texiao/zidan/daodan/hongzha6",1,1],"103":["boomb/texiao/zidan/dunbing/7",2],"104":["jiangshi/tanke_js/zombie_martboss",1,1],"105":["boomb/texiao/shengji/3",1,1],"106":["boomb/texiao/zidan/daodan/hongzha1.",1,1],"108":["boomb/texiao/zidan/tanketexiao/3",2],"109":["skillanim/jiesuo/lingqu",1,1],"110":["boomb/texiao/zidan/jizhong/6",2],"111":["boomb/texiao/shengji/2",1,1],"112":["boomb/texiao/zidan/daodan/weiyan2",1,1],"113":["boomb/texiao/zidan/tanketexiao/4",1,1],"114":["boomb/texiao/shoujida/sj_5",2],"115":["boomb/texiao/zidan/daodan/daodanzha3",1,1],"116":["boomb/Animation/boom",0],"117":["boomb/texiao/zidan/daodan/daodanzha3",2],"118":["kuangche/humans_ck/humans_ck",1,1],"119":["boomb/texiao/zidan/jizhong/3",1,1],"120":["zidan/zidan_8",5],"121":["zidan/zidan_4",5],"122":["skillanim/jiesuo/lingqu",2],"123":["donghua/wudi/wudi_11",1,1],"124":["boomb/texiao/zidan/jizhong/4",1,1],"125":["boomb/texiao/shoujida/sj_6",1,1],"126":["boomb/texiao/zidan/baozha/7",2],"127":["jiangshi/common/zombie",4],"128":["boomb/texiao/zidan/daodan/hongzha3",2],"129":["donghua/wudi/wudi_12",1,1],"130":["jingcha/tanke_jc/zombie_martboss_jc",2],"131":["boomb/Animation/boom_2",0],"132":["boomb/texiao/zidan/daodan/daodanzha6",1,1],"133":["boomb/texiao/zidan/daodan/daodanzha8",1,1],"134":["jingcha/tanke_jc/zombie_martboss_jc",1,1],"135":["boomb/texiao/zidan/dunbing/2",1,1],"136":["boomb/texiao/zidan/daodan/hongzha2",1,1],"137":["boomb/texiao/zidan/paodancuihui/1",1,1],"138":["jiangshi/chejs/zombie_martboss",1,1],"139":["jiangshi/big_zombie/big",1,1],"140":["jingcha/common/humans",1,1],"141":["boomb/texiao/zidan/paodancuihui/6",2],"142":["donghua/wudi/wudi_15",1,1],"143":["boomb/texiao/zidan/dunbing/3",2],"144":["boomb/texiao/zidan/daodan/hongzha9",2],"145":["boomb/texiao/zidan/dunbing/6",1,1],"146":["skillanim/zhadan_xidi/hedan_baozha",1,1],"147":["boomb/texiao/zidan/tanketexiao/1",1,1],"148":["donghua/wudi/wudi_01",1,1],"149":["boomb/texiao/shengji/4",1,1],"150":["jingcha/feiji/heli",2],"151":["jiangshi/zombie_effect/zombie_effect",1,1],"152":["boomb/texiao/zidan/paodancuihui/2",2],"153":["boomb/texiao/zidan/baozha/1",1,1],"154":["boomb/texiao/zidan/jizhong/7",2],"155":["boomb/texiao/zidan/daodan/hongzha8",2],"156":["boomb/texiao/zidan/baozha/4",1,1],"157":["jiangshi/tanke_js/zombie_martboss",2],"158":["zhengdonghua/qiyoudan/babeixue",1,1],"159":["constuct/jszhujidi/zombie",4],"160":["boomb/texiao/zidan/baozha/6",1,1],"161":["boomb/texiao/zidan/daodan/daodanzha5",2],"162":["boomb/texiao/shengji/7",1,1],"163":["donghua/wudi/wudi_04",1,1],"164":["boomb/texiao/zidan/jizhong/5",1,1],"165":["boomb/texiao/zidan/jizhong/2",1,1],"166":["boomb/texiao/zidan/baozha/8",1,1],"167":["boomb/texiao/zidan/daodan/daodanzha5",1,1],"168":["boomb/texiao/zidan/daodan/daodanzha2",2],"169":["zidan/zidan_11",5],"170":["kuangche/humans_ck/humans_ck",4],"171":["boomb/texiao/zidan/dunbing/5",2],"172":["skillanim/jqzy/jqzy",4],"173":["boomb/texiao/zidan/daodan/hongzha5",2],"174":["boomb/texiao/shengji/1",1,1],"175":["boomb/Animation/tip",0],"176":["skillanim/wudi/dun",1,1],"177":["jiangshi/benpol/beanpole",4],"178":["zidan/zidan_1",5],"179":["boomb/texiao/shoujida/sj_3",1,1],"180":["boomb/texiao/zidan/dunbing/3",1,1],"181":["boomb/texiao/zidan/baozha/4",2],"182":["boomb/texiao/zidan/dunbing/7",1,1],"183":["boomb/texiao/zidan/tanketexiao/2",2],"184":["skillanim/chaonengli/chaonengli",1,1],"185":["boomb/texiao/zidan/daodan/daodanzha4",2],"186":["boomb/texiao/shengji/8",1,1],"187":["skillanim/chaonengli/chaonengli",4],"188":["zidan/zidan_9",5],"189":["zidan/bullet_11",5],"190":["boomb/texiao/zidan/paodancuihui/8",2],"191":["boomb/texiao/zidan/dunbing/4",1,1],"192":["skillanim/cygg/yinbi_baozha",4],"193":["boomb/texiao/shoujida/sj_1",2],"194":["dangban/1/zhalan_1",1,1],"195":["boomb/texiao/zidan/jizhong/5",2],"196":["donghua/wudi/wudi_10",1,1],"197":["boomb/texiao/zidan/daodan/hongzha4",2],"198":["boomb/Animation/boom_1",0],"199":["boomb/texiao/shoujida/sj_4",2],"200":["boomb/texiao/zidan/daodan/daodanzha1",1,1],"201":["boomb/texiao/zidan/paodancuihui/1",2],"202":["jingcha/laser/laser",2],"203":["boomb/texiao/zidan/daodan/hongzha7",1,1],"204":["boomb/texiao/jibnilizi/jb1.png",1,1],"205":["donghua/wudi/wudi_09",1,1],"206":["boomb/texiao/zidan/jizhong/7",1,1],"207":["boomb/texiao/zidan/daodan/hongzha11",2],"208":["boomb/texiao/zidan/dunbing/2",2],"209":["boomb/Animation/tail",0],"210":["boomb/texiao/zidan/paodancuihui/5",1,1],"211":["zhengdonghua/qiyoudan/qiyouzhadan",1,1],"212":["boomb/texiao/shoujida/sj_3",2],"213":["boomb/texiao/zidan/paodancuihui/9",1,1],"214":["skillanim/zhadan_xidi/hedan_baozha",4],"215":["boomb/texiao/zidan/patagongji/2",1,1],"216":["zidan/zidan_12",5],"217":["jiangshi/bigqiqiu/big_qiqiu",4],"218":["jiangshi/chejs/zombie_martboss",4],"219":["boomb/texiao/zidan/baozha/5",1,1],"220":["boomb/texiao/shengji/6",1,1],"221":["jingcha/feiji/heli",4],"222":["boomb/texiao/zidan/tanketexiao/3",1,1],"223":["boomb/texiao/shoujida/sj_4",1,1],"224":["boomb/texiao/shengji/5",1,1],"225":["boomb/texiao/zidan/baozha/11",1,1],"226":["boomb/texiao/zidan/dunbing/5",1,1],"227":["effect/ShowHpDeamge",5],"228":["boomb/texiao/zidan/baozha/12",1,1],"229":["boomb/texiao/zidan/dunbing/6",2],"230":["jiangshi/tanke_js/zombie_martboss",4],"231":["jiangshi/bigqiqiu/big_qiqiu",2],"232":["jingcha/common/humans",2],"233":["boomb/texiao/zidan/baozha/1",2],"234":["jiangshi/big_zombie/big",2],"235":["zhengdonghua/guang/g",1,1],"236":["jiangshi/big_zombie/big",4],"237":["boomb/texiao/zidan/baozha/9",1,1],"238":["donghua/wudi/wudi_06",1,1],"239":["zidan/zidan_6",5],"240":["boomb/texiao/shoujida/sj2",2],"241":["zidan/zidan_5",5],"242":["boomb/texiao/zidan/jizhong/2",2],"243":["boomb/texiao/zidan/daodan/hongzha5",1,1],"244":["boomb/texiao/zidan/baozha/2",1,1],"245":["constuct/jczhujidi/zhujidi_jc",1,1],"246":["boomb/texiao/zidan/daodan/hongzha6",2],"247":["boomb/texiao/zidan/tanketexiao/5",2],"248":["boomb/Animation/attack",0],"249":["jingcha/laser/laser",1,1],"250":["jingcha/feiji/heli",1,1],"251":["jiangshi/bigqiqiu/big_qiqiu",1,1],"252":["boomb/texiao/zidan/dunbing/1",1,1],"253":["jingcha/feiting/feiting",4],"254":["boomb/texiao/zidan/tanketexiao/2",1,1],"255":["jiangshi/common/zombie",2],"256":["boomb/texiao/zidan/daodan/hongzha8",1,1],"257":["zidan/zidan_7",5],"258":["zidan/zidan_10",5],"259":["boomb/texiao/zidan/paodancuihui/5",2],"260":["boomb/texiao/zidan/daodan/hongzha10",2],"261":["boomb/texiao/zidan/baozha/7",1,1],"262":["zidan/zidan_2",5],"263":["jingcha/feiting/feiting",2],"264":["kuangche/zombie_ck/zombie",4],"265":["boomb/texiao/zidan/baozha/3",2],"266":["boomb/texiao/shoujida/sj_1",1,1],"267":["boomb/texiao/zidan/paodancuihui/2",1,1],"268":["boomb/Animation/boom_6",0],"269":["boomb/texiao/zidan/tanketexiao/1",2],"270":["boomb/texiao/zidan/jizhong/6",1,1],"271":["boomb/texiao/zidan/paodancuihui/6",1,1],"272":["boomb/texiao/zidan/paodancuihui/3",2],"273":["boomb/Animation/shoujida",0],"274":["constuct/jczhujidi/zhujidi_jc",4],"275":["boomb/texiao/zidan/paodancuihui/8",1,1],"276":["boomb/texiao/zidan/patagongji/3",1,1],"277":["boomb/texiao/zidan/jizhong/1",1,1],"278":["boomb/texiao/zidan/daodan/hongzha4",1,1],"279":["boomb/Animation/boom_7",0],"280":["boomb/texiao/zidan/paodancuihui/10",1,1],"281":["boomb/texiao/jibnilizi/jb2",1,1],"282":["texiao/jineng/texiao",1,1],"283":["boomb/texiao/zidan/baozha/5",2],"284":["donghua/wudi/wudi_07",1,1],"285":["zidan/zidan_3",5],"286":["boomb/texiao/zidan/daodan/daodanzha6",2],"287":["boomb/texiao/shoujida/sj2",1,1],"288":["boomb/texiao/zidan/daodan/daodanzha2",1,1],"289":["boomb/texiao/zidan/paodancuihui/4",2],"290":["skillanim/wudi/dun",4],"291":["boomb/texiao/zidan/paodancuihui/10",2],"292":["boomb/texiao/shoujida/sj_6",2],"293":["boomb/texiao/zidan/paodancuihui/7",1,1],"294":["boomb/texiao/zidan/daodan/daodanzha8",2],"295":["boomb/texiao/zidan/daodan/daodanzha4",1,1],"296":["boomb/texiao/zidan/daodan/hongzha10",1,1],"297":["boomb/texiao/zidan/paodancuihui/9",2],"298":["boomb/texiao/zidan/dunbing/1",2],"299":["jiangshi/zombie_effect/zombie_effect",4],"300":["boomb/texiao/zidan/paodancuihui/4",1,1],"301":["skillanim/jinengguang/jn_guang",1,1],"302":["skillanim/cygg/yinbi_baozha",1,1],"303":["skillanim/jiesuo/lingqu",4],"304":["jiangshi/benpol/beanpole",2],"305":["kuangche/zombie_ck/zombie",1,1],"306":["jingcha/feiting/feiting",1,1],"307":["skillanim/jqzy/jqzy",1,1],"308":["texiao/jineng/texiao",4],"309":["boomb/texiao/zidan/daodan/hongzha1.",2],"310":["boomb/texiao/shoujida/sj_5",1,1],"311":["boomb/texiao/zidan/jizhong/1",2],"312":["boomb/texiao/zidan/daodan/weiyan1",1,1],"313":["boomb/texiao/zidan/daodan/daodanzha7",1,1],"314":["jingcha/laser/laser",4],"315":["boomb/texiao/zidan/baozha/10",1,1],"316":["jingcha/tanke_jc/zombie_martboss_jc",4],"317":["donghua/wudi/wudi",0],"318":["boomb/texiao/zidan/daodan/hongzha9",1,1],"319":["boomb/texiao/zidan/tanketexiao/5",1,1],"320":["effect/js_anim",5],"321":["boomb/Animation/levelUp",0],"322":["boomb/texiao/zidan/tanketexiao/6",2],"323":["boomb/texiao/zidan/patagongji/1",1,1],"324":["boomb/Animation/destroy",0],"325":["jingcha/common/humans",4],"326":["boomb/texiao/zidan/dunbing/4",2],"327":["donghua/wudi/wudi_13",1,1],"328":["boomb/Animation/boom_4",0]},"types":["cc.AnimationClip","cc.SpriteFrame","cc.Texture2D","cc.Asset","sp.SkeletonData","cc.Prefab"],"uuids":["04W3JVx3JOcLLIGrqLMPyQ","06HLKJPQRKkIUiJ1RvEXC9","0eoBsExZtKMLlJJpRjcoPf","0fGcfJM65CH48mJ2TvumKT","113ARXakZEzqLzSGa2Cl+9","12SKR+S2hMUZBHh2Srem5H","13FECJ1mhOO4YFcXtt44Eb","145OMMwyVDt6Hi5rfq4tz8","17JVfetr9BYrgze2VaxRV7","18L96jmBhBSZhrYwQTN212","1aRHJ1JzRJ97XZhjgkLKXH","1acSTNSvtHKpucsCor7kWR","1cyRCxAdRKuaa2bN/0fW6K","1dDiLNaHNF+6U58BSHgD34","23f8NprJZFUbfEdy2GjRcc","238UE451NNS4nI+pxYbstb","2acD8IfyZE8anR/PEU93HA","2dkeHJTrtEkqMAXg9KbHmU","2fLAHl/l9LzKVW9uhSPPQz","30l4qFTrJKeZmjSI6vY+LA","306zY0wbFBK5tNASPDoA4F","34g82zrRZDtJWR3xwUNFlT","34+WHd3BBCvagF3Xvihxtj","38IGD0r+JMEKvgIIiGlBoi","3eX95EIfRBB7KdX+KhR0cV","426h0/2HZCuLgVYQs+jGNS","43ZrZzvWxNLb/dM/z3ovXz","47kyBQC6VFzqf6avQpihnU","49cD4jv15G27BD/PqFZ8xA","4forye41pJqa3X4+iobO7i","51Aq7vgd5AiLp4aS7Q3gSo","51L7qX0QBAyqvFYdr2NZ5j","57sMAR9TxDcIHSpZSTQhP8","5cK+fyqcdHVJDlSVOAiPnD","5f+AoSO6pHPq++Mti1G6xv","67qWUJAoNAJ7ZpqOlN8cZw","673Xkx9SpAW73sS+RPDxq/","69O3KFoGJGe43O6APDhKoq","71UYQLgiFFmrgXDNXrDMy/","73Q8G/DmNBErFI3pIOiQOT","79LlntIwBBQpqbfhXvd0LQ","7f9gCqJihPGYqPV5Xe+V+x","84cUYCjKlBw6t98PqVmpc8","89tmDMD1lBNZ5+KP9fcNqi","8cp1Z4PSxNGahB/x0Cg745","98Ix+6+8RPmrKMSqyFXzOE","9eIbo0mONGl4F6LFkLk1YP","a8nN6WcyVFy4U59VyU+84M","acoeoYxxFC4bF3c1SXmkNl","afRQcRcvJPcqr3Qvlqe57T","afhppI9T5EuKneUoghBhCm","b1Z3C3+pVGLK7nIMCAXrJP","b286QfRSVJ55aMxrGcoKEg","bbLtgyOk1PRKP4N8KF56UY","bbOIRBW6pFRKKW3YmHIOEE","bdyJiczlJKk7yC0XNYUrec","c0g4/CJ/NIRKGedDDfv3qm","c7heKpsWFFqYQ/ryC0Jsvi","c8xOFBWz5CI6weFQzxX0Gq","cczYBqysVNO6WaMVO1LRBI","cfzGAb9p9EpaotMuoXlv26","d26ldGbO9Bv77oTccxcCGq","d31uGJinBH4bz1M6ObxH0+","d53xg6mapGmpU6gi0EPEpH","dazYUg6ypFBZ15j5ZnPCYv","db3D1B1jRIXJvMwBUZ/Z+k","e3IZ5QXRZM0JNZxG53Kfkc","e3q1T5kTRNkY5U5Of1UrCo","e9hnSDMZBHMo02F6QweHkb","eaPSm1gfJAMruUUzygk9NM","eaQLCHF81O1YYP4aHQvBxt","efTi6yi5pHu77cSiwhQOpQ","f82Acxps9PQpu+QwivSSo1","f94IJeYaJOVYS4eRyHeaVO","fb/1SU/AtEoKfKvdva+azY","fcHZ2AOJFC1ZRxQPAzXaEg","fd5sxktTZNxIplFK1aTCvO","00jva2vIxEjqKmq/793mEJ","00+asGVIVC/rQxxeDpxYbV","02xa96viRK4JQE0+NrbC/h","05MoE1EetDSboYZJoed69U","05WCzDELRJ/qSq40LjUrde","06z6vJi1VJJKSYB42+akdZ","08QbqODi5IXZOpvVCrM+qv","0aPlnV/w9Auq7bTy4LRewE","0afuOIY7JB56al6Hbz9M4x","0ajxDoIg1AMb1QweLQ5XmS","0c+dXxKxFI/JXCKxDNX8Mb","0dyaJGwnpKcZnX3eRo4wq0","0d5R5xy6NNPL1mBsSY9UQh","0eCl6UrAFMkoezeKUT9fCN","0emCleUpNNh5R9Pe92gwzD","0e+/X15dxDFbSiFJLmkAb0","0fE1Bo7JFG6YkPYW0x6EsQ","12LeWyGEpMVbldAb0Zndex","1364LFFZBOmq+sVwGsw0mW","14qAblyoJE6JP7gSBD2uOa","15/i34urpM1YkZKkmZHcia","16LOpplVdCApoLb9hgNb82","16vS+UQNZDiZvpHbhiGsqj","17y6HVS4RMo4N7jFOSB9+m","19xomN4H1JFLJw13qFvE+5","1bKWpDNxpFhbxnpiPbitGC","1bQ42n3I1F1YP2bpBpkiJE","1cMHFo3pJJ+aXEQnuQUmKv","1dOMdLcLROY5vfSpzW8eOw","1ek41LNPNACYNh3ZxWowPe","1fXWrokORLk4SekUj2kIdj","20tHCGMyxGKaQ9OWM/iyKG","23sdoh/WVFg5R7ocD6wunj","26M6Os3Z1EXb/TRHWPX1KM","26Z9rrKpVF0JODLK4RlciU","28ECXa5btBGrzrTA3MEqdR","28ckxwRLxL0YWcrKod7H6b","29lGsWaN9AKoXJhgE8g1gA","290DtU6rJEHr040JheM1pE","2aYTpC0thL+7VGLlninyTB","2cIyIlktpA66mRszGB6aOt","2ffAYUx15IBrM8ZC7EiXsR","30JzC46ftLfagenDu/ibEW","30KWXLU95Nipi07rgcrJEY","31DyBEulBCdbNo4yMmcnne","31EX5v1wNIRJhIH5khE9BS","31Sr7X3RZP476rqjBrg8fK","31kz8H/blNmYI6IjCZzmdB","32BNvIefNHCa5yKvIXeoZt","32RdSV11BO2K8zHzW5/PIQ","32ggd2yjlJsJvyBtMvm16K","32zXt0HJxKg4geN6U48tQR","34VuHtCz9DAK8q8x3UXiV0","35GS7AVLdDLIQYxtj/a+vb","35iDkCTftKUJh1jZIJ40yg","356EYcPQRFuI/i0h+SlMjC","36buhhocNNt6KK5gSWPw4h","36r3rTncxMm4YT0O3LvBFR","37Z2fvNeJI6rjrMcEMrMP4","38jh36/UpLvpTav7ILXLlo","38x88iieVHsp/C/QoGRwMN","38/2eoPSxNA7rz97hvHJ74","39Cg43rdVMv53mvew0CWSw","39XdvFaLJFkbH32E1IvMGr","3aq/BUafFJPL/bfHkGoq9H","3cNRxpyWhFrIVPwm27ovf8","3cVhRAqlRNVoUwA077HMNk","3clKjE+rdEfqxDjiDk4/be","3dwMdMxjxFEK8VZnpSfWWz","3d7/rSb+FJo7249zUM3hDl","40vnhJfX5FtpeD/O7oaj5S","43GjNLl+hGXo+si+uywVGt","45DZ1g+xZA+aFl4hFsWQjG","45guPhCrJKfYqo9nGJBKgJ","4aOnUif0FKxII9aacQ4wTx","4ag6lvyuFJTbTM3Yn6/Oys","4d1KLruj1PlqB0/Ct49wro","4ehGwPq3xPs7iVJY2r1225","4e2oPUbYhPBZ3SSYmksn8X","50RAr364lGLJbW5jvMrTrW","50560fpX5Em5OEmGlpX5tE","51a8XJwGhKQIDkax8YlSB8","52XAL74MtOq4Zyoo2bkHTb","52pu2iTcVJWbNmz0HQNItE","53caoGvGZNwKur5/aGCjP/","54bKPzowJGWKckALK0aZ9P","55k0pxayhDxqLDWxymUMPc","56p7X/S1FM0aKGSLxlv7e2","58kfh2429OV51M2+VbBtOt","59S2nNvBRGwp7Ic4MB7ulj","59UVH1r99GwoGPcMqb13OV","59Y3+ujZlPZYcQ5AVn0yjv","59svF+pTlBPKsnQQzh8GWV","5aA+s2HxBFrKLJRx7GVqeU","5bZqrdMGNCa4JJeCQ3JBlf","5biXriqflFCK1sOUI4xhAv","5ck27DXchPj5jlZM7kxiue","5dP2pS5oFF7aiD+0/LSl/D","5dlu4zkalA5K35/a32csqq","5d349kjulJh4/7qhY6FCP+","60LuIY9P1ARaBDEk5jfPnn","60jboNV6NGoYfpHWvQjmmE","61m36KQ41JH6mYWnZcxY26","62A2QXaqZAs4OIvgF8OrVj","62tjl7FIdIVaSvoXEeWbeH","64EMzzAIdDTIKRqrxS7sJb","647tqHptFJDq4w1dTN5a5j","67BcmNng9MbJWFIY3a74xq","68UPaqZMdEX73k7m7RGTHf","69WdgemtpEvZqQ2SK6E2+T","6aDPrnTeNM+aggZS0phI/I","6avSuhaAlB+pmzwq00MDJ3","6a+aAupBhM8rAJj8d5cQai","6dmN6Oje5CN6bJK/a+9gHk","70laO/LfREQpNzkVHrE0Qs","71jnsxpgtAg5qG4oGyTLZH","71tkJSt+lLppKpPnJYwLAM","72aurh4D5HAoHZ/FKerY01","73G2XpWgRNf519tFQKh5Mg","73s6WXPO1M1KjH6U+A7XJQ","75RQfDCa5DgYjv4yLdxJBk","76u5stS+tDnYd48M0/+8pm","78qqOSYXpIYpwqytu6v478","79SzOBKGxC1J0vv/ACHVqx","7bAz5rSYdFR7fnctmaEamV","7c6pqYwxtGrJmEsynWIGa/","7dcFyozc5HgKvASjdBEb1z","7dki9E1BBGJ6zwAPJMhpiG","7en5uj05hCjJqYdYv+WiiH","7e8cD1IlRO3o35fxdJf9j2","7fITBhV2dMwZlYNVBUJkSu","7fz1WyKDxFo4TH/YrLzfTQ","7f8QA/zCBF14X11rOXzBq3","80SekJwpZHzrgCqo2aF+HH","80bxtP7+JHjKxGgrIF2Jq6","80wCGr1K5Ll5Vwo9+FOi8J","82hFbPdQ1Fm5KQgl4Polx6","82t9H1VMpDnpwI/+Sx2B5o","828Sw8O4hMmpJmmwOdKq4/","83OgqRVSdBE7PmFp/0rfyp","831rzVMYZEmImtcqd5K6mc","876LuxkzdMqIRe4gqn4pkj","890tRb9h5N4LyPPVE9LsBx","8cHkCUqfRNQ6UBJf9RSxqE","8dSVtMNaVPiIZDCmF4eBkD","8dVYW4kBBAPbNbeRJgz6hs","8eRKIQnf9Hpq/7vfmunVAq","8esFngR/RAFJ/BweeBiDsa","8e0jetNs9CMIXErsQHcBy7","90K4Sg9gNJpJjFGwWzkrN1","91VVWuUdtJDpNt0QxXq8HU","91fCcNvZBF1rE9R3pS2b1a","91oAVwzYRA9ac54IGOPIRK","92VkUpS7ZHwIG9XBEl+Ned","96RFWeVNhBjrSK2hSlv/Yd","96uyZcvrBFBKMoYYV5kvzn","96+zRrP7JFgI9Z/tuNu+7w","9cVB+sh0pA2JLdaxJdgMtS","9d14gCNDdEKoF82VCjCEeM","9erDXMeBxPjoBrJoea9RPl","a0PBlBSUlMQLcQ3UXMdJOi","a0advVp2lL2bXTf7jtHoBb","a2JDLaEMJCnIvPm7GER0aB","a3AoigByNJl7tNRJU3tHet","a4o7nMeN1JRqMpHNP9AruP","a4/92FQkdPmKMeMjO/elvH","a6rp8gD/ZGDaLiygFAjYmS","a7Ai2ub+BIp7dt7q+oT44y","a7aHPdmgJKDoDXU3QdifKA","a9neF7vxNERLDvuYBaY2VF","adgcSBs+lCOretOupMbGdF","af4R6YFi5JhKVsXjA/dIEQ","b0v+SzYLFKK4izRZ1JxEU/","b1PO5mGvlJa5+cpS0L5cUg","b1RQXrTw1EtZGbvN66Grnn","b1R6ZgQhBPpYnRqW9/3hUU","b5W133iz5JZrg8T3Sw6wQz","b58T4Me/FBZqzFcIUIM3Fi","b9MuHDVqZPbLtpvvTE6pkF","b9UtGu0MdJjKEsl/oD4zMB","bbkp5dhVhL6LcLBHB66NF2","bctgWoU9RGKqP5o64pn9lo","bdzgj1pbZLBLznGHyHIMtW","bd1rv/mOlDEaN4psxlF4qS","bd5P+UpMND7ZeuFFO4jyFY","bfMKMVO8NKAbj/Md5cEKRZ","c2uMirH4dBNbiuQ6WG1i1A","c28LzZPd9Pc4L810ZMDkD6","c3AwdO/uFPvrUwgLUDvk4l","c3TVWrAVtEEqh2nB6uJTFv","c3rkQba+5DtI0K48YodZTv","c5FcsjpkBO562zA1+qvDRM","c5Nef/vZpNFKVZneVYmVeq","c6/Ygt4PtMRpSclGxEJTMu","c7+eMZ/0NM4Y8fxmhGwiCc","c8FS96KwROj4KwIAJ/aZ/T","c9i6N6BCZAf73PYw5oRJwZ","c9tdujb61Dl4tgUgkOEFaM","c9teWvsa9FYpk1fiqZvkXb","c981yFn65IZ7rwlm0YtBA/","ca1PawO4FFqaUJLbb8zZjX","ccbgjwCSJNZZMg8w38toA9","cdu3x14GtDjqcG3YYgxBbm","cfkAsteflPyZy8o0RehAXv","d0C5tzZkpP3r5H4y9UFE0s","d0h0+O12tGhqvfy1ZEPhrE","d084lKfqRJ0oEbpN1kmg/t","d1ocLsgXBDWKx7c144cjUP","d2XBjnuPVKI7aGZI5MDTsW","d4Ee+U91tBDIpLbNScAwMq","d4yrj0Xa9LBJf++WQnnQY+","d6FIQ0uq5CQrLZBLmAnG2F","d64iaE45lC2ZKfL9xFoEJY","d73vvUQB1CM4tPl8mFR7P6","d8sKp9e0VBRLEy6/abRPll","d9DgdmG2RNMbuXFCiCG/Qx","deEegDTG5Hmpo57X1OWifv","dfD/3K/NpBnqsVlPNODKcT","dfRbH/me5DE73JlRWCDzc2","e0kimSwtNLfKhvV6BEyGIx","e1FAvQxTxOmaHnfcAYKu5/","e1i6ZcXPRK+ZzfE8q7lsW2","e1lC7Um/JLt4EYiSvrqKQg","e2MXget6xIS5s5fMc0sQW0","e3MvHKccdAeIk5katgZr5F","e3+bm+CHRFcoUbTfs9YHL6","e5PkL6wspOtLDE2jvysabY","e5nOym9xRN35liIluGaLto","e51LDmfOtDJ6yVgNTd8FRs","e571mAyVdL/5nj5wrbj48L","e6CTsQW+tKPZOfKNEVsj6x","e6UZXNozpGNJYojqM1r+sk","e6eisgA4ZGWKpTzNwrEJCB","e7C0Jht6FG6JVV/gUwmfXv","e76DqBwHBFQLILkMg7G4zx","e8ZsYV1VJLTryoPMA+3vRG","ecRqgbSXxC75rMkJ/8jA5+","ec8ZN5ugFGQaG645Ntnh2o","f1ZTYvxklIUbLQkqOGXiEj","f12a0dpl9KGrMq/ICMYHBg","f2NnpFTuJBCoCZfahASj2+","f3hF6SZilLoo/mzRmzjH6a","f3m/38BhhHJbK/5S9wfVUZ","f6Z7XamEpCz6xFt97n4MRP","f6zdI1UetHSLuBXka7HDr+","f8ReXKTnNIQIB1bsxsApFH","fauy31+zFHmY1cR/aHqwp7","fblt2cY3hEaaaHPZjxNbfT","fcyMW/cAVCYKQ82y2aggxo","fdFkix4INARqORvg5jZGOZ","fdn91OqkRKKoxXQA8W6dWn","ffYRdNWelMv6eyXX+XHxqd","89utgAfUxGSLKtOIfUJnA8","ecpdLyjvZBwrvm+cedCcQy"],"scenes":{},"redirect":[77,0,78,0,79,0,80,0,81,0,84,0,85,0,88,0,89,0,92,0,96,0,98,0,99,0,100,0,101,0,102,0,103,0,106,0,108,0,110,0,113,0,114,0,115,0,116,0,117,0,119,0,120,0,121,0,122,0,124,0,125,0,126,0,127,0,128,0,130,0,131,0,132,0,133,0,135,0,136,0,137,0,141,0,143,0,144,0,145,0,147,0,150,0,152,0,153,0,154,0,155,0,156,0,157,0,160,0,161,0,164,0,165,0,167,0,168,0,169,0,171,0,173,0,177,0,178,0,179,0,180,0,181,0,182,0,183,0,185,0,188,0,190,0,191,0,193,0,195,0,197,0,198,0,199,0,200,0,201,0,202,0,203,0,206,0,207,0,208,0,210,0,212,0,213,0,216,0,217,0,219,0,221,0,222,0,223,0,226,0,229,0,230,0,231,0,232,0,233,0,234,0,236,0,239,0,240,0,241,0,242,0,243,0,244,0,246,0,247,0,252,0,253,0,254,0,255,0,256,0,257,0,258,0,259,0,260,0,261,0,262,0,263,0,265,0,266,0,267,0,268,0,269,0,270,0,271,0,272,0,273,0,275,0,277,0,278,0,279,0,280,0,283,0,285,0,286,0,287,0,288,0,289,0,291,0,292,0,293,0,294,0,295,0,296,0,297,0,298,0,300,0,303,0,304,0,309,0,310,0,311,0,313,0,330,1,314,0,316,0,318,0,319,0,320,0,322,0,324,0,325,0,326,0,328,0],"deps":["main","internal"],"packs":{"013875b17":[215,248,276,323],"0279c3750":[105,111,149,162,174,186,220,224,321],"02f1884a7":[0,1,2,3,4,5,6,7,9,11,12,13,107,14,15,16,18,23,25,28,29,30,31,36,38,39,40,41,42,43,44,48,49,50,52,54,56,57,58,59,60,61,62,63,66,67,68,70,71,72,73,75,76],"04893e7e0":[189,329],"06e131eec":[83,87,91,94,97,123,129,142,148,163,196,205,238,284,317,327],"093361f2c":[112,209,312]},"name":"gameani","importBase":"import","nativeBase":"native","debug":false,"isZip":false,"encrypted":false,"versions":{"import":["013875b17","58b0f","0279c3750","05765","02f1884a7","7ba7f","04893e7e0","3e476",82,"5e021","06e131eec","34a41","093361f2c","336c6",86,"61a13",90,"2dff9",93,"94e64",95,"3c654",8,"6cefc",10,"86410",104,"97df4",109,"9df85",17,"5376b",118,"f7879",19,"33380",20,"7ff5e",21,"847fc",22,"0c90f",134,"37d2a",138,"765aa",139,"f17e1",140,"b1b67",146,"a640f",24,"5ee8c",26,"061e3",27,"6c8e6",151,"edfa7",158,"80804",159,"ff1f3",32,"c901c",166,"c1d0f",170,"63534",172,"5aac5",33,"3fa7b",175,"013a9",176,"16a2f",34,"061e3",184,"9a809",35,"061e3",37,"a5680",187,"68d01",192,"f5ef9",194,"5007b",204,"84695",211,"7473b",214,"59c71",218,"908be",225,"9b0ef",227,"50e5f",228,"bee1d",45,"f35d1",235,"27166",46,"72db3",237,"a212c",245,"034b2",47,"3ab75",249,"4d525",250,"0048a",251,"826cd",51,"18a26",53,"278d7",55,"3ab75",264,"604f9",274,"a6ab5",281,"f7e7e",282,"76305",290,"83ffa",64,"436e8",65,"ee6ac",299,"1cce8",301,"aa21a",302,"884fb",305,"06750",306,"d84f5",307,"79265",308,"3e172",69,"a8342",315,"bac26",74,"2d005"],"native":[0,"4fdd2",1,"e2762",2,"d91a9",3,"07bae",4,"d092a",5,"acf17",6,"e4f05",7,"81f44",8,"227df",9,"6c63d",10,"88d92",11,"a0969",12,"f4585",13,"d24b0",107,"281ce",14,"f50da",15,"b798e",16,"fac9f",17,"dfe1b",18,"e0ce1",19,"1ac61",20,"d5664",21,"76622",22,"3b1c3",23,"9db0b",24,"23abf",25,"c80ba",26,"013ba",27,"9df28",28,"c015e",29,"6672b",30,"db3c2",31,"88893",32,"64432",33,"32cb9",34,"3ebf1",35,"e6eab",36,"a2279",37,"36eb4",38,"9a13b",39,"ea0e1",40,"861db",41,"64d1b",42,"f18d7",43,"a3075",44,"db426",45,"a5a93",46,"7bc7b",47,"6051f",48,"58250",49,"2d2b4",50,"98cf7",51,"1b83d",52,"00531",53,"05a54",54,"e6684",55,"ad649",56,"3ad10",57,"3c16b",58,"26e9b",59,"43d17",60,"7c0f7",61,"2b9ee",62,"dce33",63,"bb750",64,"b8ef5",65,"6f330",66,"fd66b",67,"1538f",68,"a1f66",69,"59191",70,"a96d0",71,"44aa0",72,"913c3",73,"b2978",74,"5decd",75,"991e3",76,"ca2a4"]}}