[1,["ecpdLyjvZBwrvm+cedCcQy","a2MjXRFdtLlYQ5ouAFv/+R","db386eBSBFoY+StWWYB72t","52hzTNkdhHpapDdbcMwDlx","966yBpZl9JAI9LxYUN6hQz"],["node","_spriteFrame","root","data","_N$dragonAsset","_N$dragonAtlasAsset"],[["cc.Node",["_name","_groupIndex","_opacity","_prefab","_components","_parent","_contentSize","_trs","_children","_color","_anchorPoint"],0,4,9,1,5,7,2,5,5],["cc.PrefabInfo",["fileId","root"],2,1],["cc.Sprite",["_sizeMode","node","_materials","_spriteFrame"],2,1,3,6],["cc.Prefab",["_name"],2],["463a3eSMrNBlZ2okPgBlWVz",["node"],3,1],["cc.BlockInputEvents",["node"],3,1],["cc.Button",["node"],3,1],["dragonBones.ArmatureDisplay",["_armatureName","_animationName","_preCacheMode","_armatureKey","node","_materials","_N$dragonAsset","_N$dragonAtlasAsset"],-1,1,3,6,6],["dragonBones.DragonBonesAsset",["_name","_dragonBonesJson"],1]],[[1,0,1,2],[2,0,1,2,3,2],[0,0,2,1,5,4,3,9,6,10,7,4],[5,0,1],[0,0,1,5,8,3,6,3],[3,0,2],[0,0,1,8,4,3,3],[0,0,2,1,5,4,3,9,6,7,4],[0,0,1,5,4,3,6,7,3],[0,0,1,5,4,3,6,10,7,3],[4,0,1],[1,1,1],[2,1,2,3,1],[6,0,1],[7,0,1,2,3,4,5,6,7,5],[8,0,1,3]],[[[[5,"shouzhiZhiyingDlg"],[6,"shouzhiZhiyingDlg",1,[-3,-4,-5],[[10,-2]],[11,-1]],[4,"mask",1,1,[-6,-7,-8],[0,"1bcfy5/IdI8bVjix3aKuH8",1],[5,1770,3840]],[4,"middle",1,2,[-9,-10,-11],[0,"6fqGg99/FE/6JKY1OoBVht",1],[5,330,5165]],[2,"left",120,1,2,[[1,0,-12,[0],1],[3,-13]],[0,"f4WrtwUO9AtYDFrGNH03HL",1],[4,4278190080],[5,720,3840],[0,1,0.5],[-525,0,0,0,0,0,1,1,1,1]],[2,"right",120,1,2,[[1,0,-14,[2],3],[3,-15]],[0,"dbTqz9mgRJd5vXWZM9tADS",1],[4,4278190080],[5,720,3840],[0,0,0.5],[525,0,0,0,0,0,1,1,1,1]],[2,"top",120,1,3,[[1,0,-16,[4],5],[3,-17]],[0,"72xMyRZtJIFL1rGc7umkJN",1],[4,4278190080],[5,330,1847],[0,0.5,0],[0,1659,0,0,0,0,1,1,1,1]],[2,"bottom",120,1,3,[[1,0,-18,[6],7],[3,-19]],[0,"b2qQ4EqA9Py7eosCUNOPtN",1],[4,4278190080],[5,330,1847],[0,0.5,1],[0,-1659,0,0,0,0,1,1,1,1]],[7,"center",1,1,3,[[1,0,-20,[8],9],[13,-21]],[0,"e06GVmBoZP76wQkKASah27",1],[4,4278190080],[5,330,1847],[-20.644,-65.497,0,0,0,0,1,1,1,1]],[8,"effect",1,1,[[14,"Armature","dianji",0,"dbdfce9e-0520-45a1-8f92-b5659807bdad#528734cd-91d8-47a5-aa43-75b70cc03971",-22,[10],11,12]],[0,"feoUWstpNMz49F6Ld35SaY",1],[5,317,290],[0,0,0,0,0,0,1,0.5,0.5,1]],[9,"finger",1,1,[[12,-23,[13],14]],[0,"81ANx6mo5PRJma+5I+BQ1i",1],[5,200,236],[0,0.44,0.94],[0,0,0,0,0,0,1,0.5,0.5,1]]],0,[0,2,1,0,0,1,0,-1,2,0,-2,9,0,-3,10,0,-1,4,0,-2,5,0,-3,3,0,-1,6,0,-2,7,0,-3,8,0,0,4,0,0,4,0,0,5,0,0,5,0,0,6,0,0,6,0,0,7,0,0,7,0,0,8,0,0,8,0,0,9,0,0,10,0,3,1,23],[0,0,0,0,0,0,0,0,0,0,0,0,0,0,0],[-1,1,-1,1,-1,1,-1,1,-1,1,-1,4,5,-1,1],[0,1,0,1,0,1,0,1,0,1,0,2,3,0,4]],[[[15,"dianji_ske","{\"frameRate\":24,\"isGlobal\":0,\"armature\":[{\"skin\":[{\"name\":\"\",\"slot\":[{\"display\":[{\"path\":\"圆圈\",\"type\":\"image\",\"name\":\"圆圈\",\"transform\":{}}],\"name\":\"圆圈\"},{\"display\":[{\"path\":\"箭头\",\"type\":\"image\",\"name\":\"箭头\",\"transform\":{}}],\"name\":\"箭头\"},{\"display\":[{\"path\":\"圆圈\",\"type\":\"image\",\"name\":\"圆圈\",\"transform\":{}}],\"name\":\"圆圈1\"}]}],\"type\":\"Armature\",\"name\":\"Armature\",\"defaultActions\":[{\"gotoAndPlay\":\"dianji\"}],\"ik\":[],\"bone\":[{\"name\":\"root\",\"transform\":{}},{\"transform\":{},\"name\":\"箭头\",\"parent\":\"root\"},{\"transform\":{},\"name\":\"手指\",\"parent\":\"root\"},{\"transform\":{},\"name\":\"圆圈\",\"parent\":\"root\"},{\"transform\":{},\"name\":\"圆圈1\",\"parent\":\"root\"}],\"aabb\":{\"width\":317,\"y\":-145,\"height\":290,\"x\":-158.5},\"frameRate\":24,\"slot\":[{\"name\":\"箭头\",\"parent\":\"箭头\",\"color\":{}},{\"z\":1,\"name\":\"圆圈\",\"parent\":\"圆圈\",\"color\":{}},{\"z\":2,\"name\":\"圆圈1\",\"parent\":\"圆圈1\",\"color\":{}}],\"animation\":[{\"frame\":[],\"bone\":[{\"rotateFrame\":[],\"scaleFrame\":[],\"name\":\"root\",\"translateFrame\":[]},{\"rotateFrame\":[],\"scaleFrame\":[{\"tweenEasing\":0,\"duration\":7},{\"x\":1.2,\"y\":1.2,\"tweenEasing\":0,\"duration\":7},{\"duration\":0}],\"name\":\"箭头\",\"translateFrame\":[]},{\"rotateFrame\":[],\"scaleFrame\":[],\"name\":\"手指\",\"translateFrame\":[]},{\"rotateFrame\":[],\"scaleFrame\":[{\"tweenEasing\":0,\"duration\":7},{\"x\":0.8,\"y\":0.8,\"tweenEasing\":0,\"duration\":7},{\"duration\":0}],\"name\":\"圆圈\",\"translateFrame\":[]},{\"rotateFrame\":[],\"scaleFrame\":[{\"tweenEasing\":0,\"duration\":14},{\"x\":1.4,\"y\":1.4,\"duration\":0}],\"name\":\"圆圈1\",\"translateFrame\":[]}],\"duration\":14,\"ik\":[],\"playTimes\":0,\"name\":\"dianji\",\"slot\":[{\"displayFrame\":[],\"name\":\"箭头\",\"colorFrame\":[]},{\"displayFrame\":[],\"name\":\"圆圈\",\"colorFrame\":[]},{\"displayFrame\":[],\"name\":\"圆圈1\",\"colorFrame\":[{\"tweenEasing\":0,\"duration\":14},{\"color\":{\"aM\":0},\"duration\":0}]}],\"ffd\":[]}]}],\"name\":\"dianji\",\"version\":\"5.5\"}"]],0,0,[],[],[]]]]