[1,["f5M0hDdiRB7JBM+pYQMarA","002SUsQu9GBYmGQcb4/yUu","7dYzqVsMpLsKIZiEYMFwZ6","e1GVMUQeNNOYBzfMbEQjMd"],["_textureSetter"],["cc.SpriteFrame"],0,[[[{"name":"vfx_winpaper02","rect":[0,0,62,62],"offset":[0,0],"originalSize":[62,62],"capInsets":[0,0,0,0]}],[0],0,[0],[0],[0]],[[{"name":"winpaper04","rect":[0,0,59,59],"offset":[0,0],"originalSize":[59,59],"capInsets":[0,0,0,0]}],[0],0,[0],[0],[1]],[[{"name":"winpaper05","rect":[0,0,68,78],"offset":[0,0],"originalSize":[68,78],"capInsets":[0,0,0,0]}],[0],0,[0],[0],[2]],[[{"name":"vfx_star","rect":[8,10,494,494],"offset":[-1,-1],"originalSize":[512,512],"capInsets":[0,0,0,0]}],[0],0,[0],[0],[3]]]]