[1,["ecpdLyjvZBwrvm+cedCcQy","a2MjXRFdtLlYQ5ouAFv/+R","e4GVAXjfdMlqT557J44j1p","3fcXD4YSROzbnT8II0BHJY","67tn9ErQNKrpqvTPiudZ7Z","74ug/ysftA/ILEizkvv1Mb","80CxgCajtFyota7svvmLYG","21+N7/mVtA+71MTb4+gKWE","a9Ktem6ZdORoQR2pdodQ+4","a42xcvArZNn5JJvlEza7qQ","51pOYjHoRPKJW2OHsMl3TI"],["node","_spriteFrame","_parent","_textureSetter","root","exitbtn2","exitbtn","data"],[["cc.Node",["_name","_opacity","_active","_prefab","_components","_contentSize","_parent","_trs","_children","_color","_anchorPoint"],0,4,9,5,1,7,2,5,5],["cc.Label",["_string","_styleFlags","_N$horizontalAlign","_N$verticalAlign","_fontSize","_lineHeight","_N$overflow","node","_materials"],-4,1,3],["cc.Button",["_N$transition","zoomScale","node"],1,1],["cc.PrefabInfo",["fileId","root","asset"],2,1,1],["cc.Sprite",["_sizeMode","node","_materials","_spriteFrame"],2,1,3,6],"cc.SpriteFrame",["cc.Prefab",["_name"],2],["ca966QzSppLHYFm8m8/0jbW",["node","exitbtn","exitbtn2"],3,1,1,1],["35dc8B9E4RPKbC3hqrDbYNm",["node"],3,1],["cc.LabelOutline",["_enabled","_width","node","_color"],1,1,5]],[[3,0,1,2,2],[0,0,6,4,3,5,7,2],[4,1,2,3,1],[4,0,1,2,3,2],[0,0,8,4,3,5,7,2],[0,0,6,8,3,2],[2,1,0,2,3],[2,2,1],[2,0,2,2],[1,0,4,5,1,2,3,7,8,7],[6,0,2],[0,0,8,4,3,5,2],[0,0,8,3,7,2],[0,0,6,8,4,3,5,7,2],[0,0,1,6,4,3,9,5,3],[0,0,6,4,3,9,5,7,2],[0,0,6,4,3,5,2],[0,0,2,6,4,3,5,7,3],[0,0,6,4,3,9,5,2],[0,0,6,4,3,9,5,10,7,2],[0,0,6,4,3,5,10,7,2],[7,0,1,2,1],[8,0,1],[3,1,2,1],[1,0,1,2,3,7,8,5],[1,0,4,5,1,2,6,7,8,7],[1,0,1,3,7,8,4],[9,0,1,2,3,3]],[[[{"name":"banzi","rect":[0,0,453,632],"offset":[0,0],"originalSize":[453,632],"capInsets":[0,0,0,0]}],[5],0,[0],[3],[3]],[[[10,"huoqu_daoju_dlg"],[11,"huoqu_daoju_dlg",[-6,-7],[[21,-4,-3,-2],[22,-5]],[23,-1,0],[5,720,1280]],[12,"center",[-8,-9,-10,-11,-12,-13],[0,"06ISAp1NdOmLtMVTsCxnlb",1,0],[0,-46,0,0,0,0,1,1,1,1]],[4,"addjinbi",[-15,-16,-17,-18],[[6,1.1,3,-14]],[0,"355WPP3olCJ75SKQkpIM3f",1,0],[5,224,51],[-86.156,378.629,0,0,0,0,1,1,1,0]],[4,"bg",[-21,-22],[[2,-19,[5],6],[7,-20]],[0,"16GDaCUaxAy6U6i3HjAvqK",1,0],[5,453,632],[0,4,0,0,0,0,1,1,1,1]],[13,"jinbigoumai",2,[-25,-26],[[2,-23,[21],22],[8,3,-24]],[0,"e50F+XMuNNuaoGi1YKnmf5",1,0],[5,308,86],[0,-69.01,0,0,0,0,1,1,1,0]],[14,"bk",200,1,[[3,0,-27,[0],1],[7,-28]],[0,"a9tyoPddZGTKm2pcpI3DQN",1,0],[4,4278190080],[5,1000,2000]],[5,"panel",1,[4,-29,2],[0,"cccxmfvoBOFakc1RK7gtL6",1,0]],[1,"gb",2,[[2,-30,[25],26],[6,1.1,3,-31]],[0,"ddtLLHRuxCco7ry7VVwQ5e",1,0],[5,64,67],[208.855,338.731,0,0,0,0,1,1,1,0]],[15,"c",2,[[24,"x2",1,1,1,-32,[16]],[27,false,3,-33,[4,4281503471]]],[0,"5cMBt43edJNriZN5OvO7VJ",1,0],[4,4285752412],[5,44.49,50.4],[0,139.837,0,0,0,0,1,1,1,1]],[1,"mianfeibtn",2,[[2,-34,[23],24],[8,3,-35]],[0,"0aZSKQ7rRFS7p0Lo6e/84v",1,0],[5,308,86],[0,-183.765,0,0,0,0,1,1,1,0]],[1,"title",4,[[9,"提示",34,34,1,1,1,-36,[2]]],[0,"ddZe7VnFRPAI+DaYDe9I2C",1,0],[5,68,42.84],[0,285.19100000000003,0,0,0,0,1,1,1,1]],[1,"New Sprite(Splash)",4,[[3,0,-37,[3],4]],[0,"f0DmSPf2VB2aOhVb09jS5M",1,0],[5,416,100],[0,-3,0,0,0,0,1,1,1,1]],[5,"top",7,[3],[0,"0au6ni0UBCBa9ePpf1BLeW",1,0]],[16,"1tiao",3,[[2,-38,[7],8]],[0,"09iWcXhG5CtakDH8PlLnoM",1,0],[5,208,57]],[1,"1",3,[[3,0,-39,[9],10]],[0,"be1gEeNIBJHovO7Puags8n",1,0],[5,60,60],[-95.825,0,0,0,0,0,1,1,1,1]],[17,"plus",false,3,[[2,-40,[11],12]],[0,"15JQfA7tBLPLIDMdQoB+VN",1,0],[5,46,48],[-76.307,-20.339,0,0,0,0,1,1,1,1]],[18,"c",3,[[9,"100",30,30,1,1,1,-41,[13]]],[0,"0bolhv6mBOc7ujJjKBGqrq",1,0],[4,4288887728],[5,50.05,37.8]],[1,"icon",2,[[3,0,-42,[14],15]],[0,"32LVdkoQtDcb+TCSwmH+ot",1,0],[5,100,100],[-4.161,223.324,0,0,0,0,1,1,1,1]],[19,"info",2,[[25,"试试这个道具，消除3个物品",26,32,1,1,3,-43,[17]]],[0,"bfjYSCaw9Iq6vUL7Y35M0V",1,0],[4,4294676137],[5,300,72.32],[0,0.5,1],[9.074,78.512,0,0,0,0,1,1,1,1]],[1,"1",5,[[3,0,-44,[18],19]],[0,"8bjvTc/vRL8q3s7YvJJw9L",1,0],[5,55,55],[-77.403,-1.108,0,0,0,0,1,1,1,1]],[20,"c",5,[[26,"200",1,1,-45,[20]]],[0,"9eNfylffpP0qsxbuY0INtX",1,0],[5,66.74,50.4],[0,0,0.5],[-16.867,0,0,0,0,0,1,1,1,1]]],0,[0,4,1,0,5,8,0,6,6,0,0,1,0,0,1,0,-1,6,0,-2,7,0,-1,18,0,-2,9,0,-3,19,0,-4,5,0,-5,10,0,-6,8,0,0,3,0,-1,14,0,-2,15,0,-3,16,0,-4,17,0,0,4,0,0,4,0,-1,11,0,-2,12,0,0,5,0,0,5,0,-1,20,0,-2,21,0,0,6,0,0,6,0,-2,13,0,0,8,0,0,8,0,0,9,0,0,9,0,0,10,0,0,10,0,0,11,0,0,12,0,0,14,0,0,15,0,0,16,0,0,17,0,0,18,0,0,19,0,0,20,0,0,21,0,7,1,2,2,7,3,2,13,4,2,7,45],[0,0,0,0,0,0,0,0,0,0,0,0,0,0,0,0,0,0,0,0,0,0,0,0,0,0,0],[-1,1,-1,-1,1,-1,1,-1,1,-1,1,-1,1,-1,-1,1,-1,-1,-1,1,-1,-1,1,-1,1,-1,1],[0,1,0,0,1,0,4,0,5,0,2,0,6,0,0,7,0,0,0,2,0,0,8,0,9,0,10]]]]