[1,["ecpdLyjvZBwrvm+cedCcQy","e7q6FL+VZEgLJUjVeDLic/","0dlXOvHGhKz6wpT6grXJgL","4bI0limydOU5DpdsVPFwb2","51cTurln1EKJsYG86ZBxT5","29FYIk+N1GYaeWH/q1NxQO","3a60S5GYJL25PP/Xdm3Pwd","fd5ix3akJId5tF/9nnu7Ft","71VhFCTINJM6/Ky3oX9nBT","77gP0SI2RA9pnJR3FwNGpG","86bbYGPFdC+pz+uZFx2t5r","be6wLBdPhKeKgbLMasxshk","62ySTIUIJB/LdEz512o0nl","72YaXnkHZOhLbYEzb5FiJr","75bTv/Be9FELsgdQMOIYnq","a2MjXRFdtLlYQ5ouAFv/+R","bdu3IpbOFF7KrlxxdlG2Dm","c2O6v73ihP/ZtxopbU29H+","66ITApauhHWIEYN0pjur/f","51pOYjHoRPKJW2OHsMl3TI","07EvErJApIv76VGyYv8tog","0buaJl/ZtOQ6yUNzs6OgRf","ef9cvVB09MpbowOgT8RjFV","35ewd8J+5LKr0qCqBESlXg","7322QAmVxDoKYkyOA75pl3","63rHuwskhKhYc3FBv4cPdi","c9PjN1Ph5C0rGkyDA1Fd8P","6e+UNCWcBNPJ0qWK7/Rp3z","56fc2Ai/RFNYpaMT8crweK","5eUFP5/55NOY1lECu6aZvF"],["node","_spriteFrame","_textureSetter","root","_N$handle","_N$barSprite","_normalMaterial","_N$normalSprite","_N$pressedSprite","_N$hoverSprite","_N$disabledSprite","data"],["cc.SpriteFrame",["cc.Node",["_name","_active","_opacity","_objFlags","_prefab","_components","_parent","_contentSize","_trs","_children","_color"],-1,4,9,1,5,7,2,5],["cc.Sprite",["_sizeMode","_type","node","_materials","_spriteFrame"],1,1,3,6],["cc.Button",["_N$transition","zoomScale","_N$enableAutoGrayEffect","node","_N$pressedColor","_N$disabledColor","_N$target"],0,1,5,5,1],["cc.PrefabInfo",["fileId","root","asset"],2,1,1],["cc.Label",["_string","_fontSize","_styleFlags","_N$horizontalAlign","_N$verticalAlign","_lineHeight","node","_materials"],-3,1,3],["cc.Prefab",["_name"],2],["cc.Node",["_name","_objFlags","_parent","_components","_prefab","_contentSize","_trs"],1,1,12,4,5,7],["cc.Node",["_name","_objFlags","_parent","_components","_prefab","_contentSize","_anchorPoint","_trs"],1,1,2,4,5,5,7],["fe272q/hQVExqmswBx7JOe8",["node"],3,1],["cc.Slider",["_N$progress","node","_N$handle"],2,1,1],["cc.ProgressBar",["_N$totalLength","node","_N$barSprite"],2,1,1],["cc.BlockInputEvents",["node"],3,1],["cc.LabelOutline",["_width","node","_color"],2,1,5]],[[4,0,1,2,2],[1,0,6,5,4,7,8,2],[2,2,3,1],[1,0,6,9,5,4,7,8,2],[2,1,0,2,3,4,3],[2,2,3,4,1],[2,0,2,3,4,2],[3,1,0,3,3],[1,0,6,5,4,7,2],[4,0,1,2],[1,0,1,6,9,5,4,7,8,3],[3,0,3,2],[1,0,6,9,4,8,2],[1,0,6,5,4,10,7,8,2],[1,0,3,6,5,4,7,3],[7,0,1,2,3,4,5,6,3],[8,0,1,2,3,4,5,6,7,3],[2,1,0,2,3,3],[3,1,2,0,3,4,5,6,4],[10,0,1,2,2],[11,0,1,2,2],[6,0,2],[1,0,9,5,4,2],[1,0,2,6,5,4,10,7,8,3],[1,0,1,6,5,4,7,8,3],[9,0,1],[4,1,2,1],[3,3,1],[12,0,1],[5,0,1,5,2,3,4,6,7,7],[5,0,1,2,3,4,6,7,6],[13,0,1,2,2]],[[[{"name":"yl","rect":[0,0,50,56],"offset":[0,0],"originalSize":[50,56],"capInsets":[0,0,0,0]}],[0],0,[0],[2],[6]],[[{"name":"jd","rect":[0,0,290,34],"offset":[0,0],"originalSize":[290,34],"capInsets":[0,0,0,0]}],[0],0,[0],[2],[7]],[[{"name":"default_btn_disabled","rect":[0,0,40,40],"offset":[0,0],"originalSize":[40,40],"capInsets":[12,12,12,12]}],[0],0,[0],[2],[8]],[[{"name":"huakuai","rect":[0,0,24,63],"offset":[0,0],"originalSize":[24,63],"capInsets":[0,0,0,0]}],[0],0,[0],[2],[9]],[[{"name":"jd_2","rect":[0,0,286,30],"offset":[0,0],"originalSize":[286,30],"capInsets":[0,0,0,0]}],[0],0,[0],[2],[10]],[[{"name":"hongdian","rect":[0,0,18,18],"offset":[0,0],"originalSize":[18,18],"capInsets":[0,0,0,0]}],[0],0,[0],[2],[11]],[[{"name":"cx","rect":[0,0,226,87],"offset":[0,0],"originalSize":[226,87],"capInsets":[0,0,0,0]}],[0],0,[0],[2],[12]],[[{"name":"tgbg","rect":[0,0,80,78],"offset":[0,0],"originalSize":[80,78],"capInsets":[0,0,0,0]}],[0],0,[0],[2],[13]],[[{"name":"fh","rect":[0,0,226,87],"offset":[0,0],"originalSize":[226,87],"capInsets":[0,0,0,0]}],[0],0,[0],[2],[14]],[[[21,"pausedlg"],[22,"pausedlg",[-3,-4],[[25,-2]],[26,-1,0]],[12,"node_ui",1,[-5,-6,-7,-8,-9,-10,-11,-12,-13,-14,-15],[0,"81X53698hG3byi5zA80T2Z",1,0],[0,0,0,0,0,0,1,1,1,0]],[10,"btn_vibrate",false,2,[-18,-19],[[2,-16,[10]],[11,3,-17]],[0,"a0YCVQnXBAI6D97ByKQp7Q",1,0],[5,85,85],[93.69,64.455,0,0,0,0,1,1,1,0]],[10,"btn_sound",false,2,[-22,-23],[[2,-20,[13]],[11,3,-21]],[0,"43ykw65ClAhLqhc4/49PPD",1,0],[5,85,85],[0,64.455,0,0,0,0,1,1,1,0]],[12,"yliang",2,[-24,-25,-26,-27],[0,"075YlSdldCQIGSrRsG28Kh",1,0],[0,-1,0,0,0,0,1,1,1,1]],[3,"slidermusic",5,[-30,-31,-32],[[19,0.2,-29,-28]],[0,"f20sfnoJdECKVX93nE1hX/",1,0],[5,290,34],[24.983,164.53,0,0,0,0,1,1,1,1]],[3,"progressBar",6,[-36],[[20,286,-35,-34]],[9,"706Z5HREFHQpOjBQQ/JmsJ",-33],[5,286,30],[-1,0,0,0,0,0,1,1,1,1]],[3,"slider_sound",5,[-39,-40,-41],[[19,0.2,-38,-37]],[0,"85TY6NeyNOpYEoaKu+ljJ4",1,0],[5,290,34],[24.983,68.057,0,0,0,0,1,1,1,1]],[3,"progressBar",8,[-45],[[20,286,-44,-43]],[9,"706Z5HREFHQpOjBQQ/JmsJ",-42],[5,286,30],[-1,0,0,0,0,0,1,1,1,1]],[10,"tiaoguoguangka",false,2,[-48,-49],[[5,-46,[37],38],[7,1.1,3,-47]],[0,"070qsZFHFEfoYdRxouDQEg",1,0],[5,80,78],[-175,-240,0,0,0,0,1,1,1,0]],[23,"bk",200,1,[[6,0,-50,[0],1],[28,-51],[27,-52]],[0,"d2sjuDLihB5KpqXIikgn+1",1,0],[4,4278190080],[5,1000,2000],[0,0,0,0,0,0,1,1,1,0]],[15,"Handle",512,6,[[[4,1,2,-53,[26],27],-54],4,1],[0,"1dGO11v5ZJR749yuP95S0d",1,0],[5,24,63],[-75,0,0,0,0,0,1,1,1,0]],[15,"Handle",512,8,[[[4,1,2,-55,[31],32],-56],4,1],[0,"2cbBSrshdPLpcB3T8jx05I",1,0],[5,24,63],[-75,0,0,0,0,0,1,1,1,0]],[3,"shangcheng",2,[-59],[[6,0,-57,[41],42],[7,1.1,3,-58]],[0,"10d/pFelVLc4tDnuapsmjA",1,0],[5,82,82],[-221.352,-230.049,0,0,0,0,1,1,1,0]],[1,"btn_restart",2,[[4,1,0,-60,[4],5],[7,1.1,3,-61]],[0,"18mjbBHzxHvo8+0to7zENm",1,0],[5,226,87],[5,-72.927,0,0,0,0,1,1,1,0]],[1,"btn_level",2,[[4,1,0,-62,[6],7],[7,1.1,3,-63]],[0,"f1ViLjhiFO1INQdP0T8fOR",1,0],[5,226,87],[6,-196.717,0,0,0,0,1,1,1,0]],[1,"btn_close",2,[[5,-64,[14],15],[11,3,-65]],[0,"fcOUwvH6VFKriNk/XIO2yo",1,0],[5,64,67],[223.857,272.156,0,0,0,0,1,1,1,0]],[3,"bt",2,[-67],[[5,-66,[17],18]],[0,"378iHxcmNE55IKiAdPuBS2",1,0],[5,226,83],[0,296.739,0,0,0,0,1,1,1,1]],[24,"paihang",false,2,[[5,-68,[33],34],[7,1.1,3,-69]],[0,"5a7nDtK/VDc7bD1019Tw8Y",1,0],[5,74,79],[180,-240,0,0,0,0,1,1,1,0]],[13,"leftt",10,[[29,"剩00:23",22,22,1,1,1,-70,[35]],[31,3,-71,[4,255]]],[0,"b0RwFbRAxOsIYN2P5VMHuX",1,0],[4,4278190080],[5,84.27,33.72],[0.44300000000000006,62.198,0,0,0,0,1,1,1,1]],[1,"tk",2,[[5,-72,[2],3]],[0,"9cN6ltqVJFzIGHYoLYn2IS",1,0],[5,475,588],[0,-1,0,0,0,0,1,1,1,1]],[8,"vibrate_off",3,[[2,-73,[8]]],[0,"ebrxGe4UNNvpDUTPAC6y1O",1,0],[5,32,42]],[8,"vibrate_on",3,[[2,-74,[9]]],[0,"6bhwJVXYpKRqciTFEpehZW",1,0],[5,52,42]],[8,"volume_off",4,[[2,-75,[11]]],[0,"c27AyZx3FEg5fXWnVYRYGH",1,0],[5,33,50]],[8,"volume_on",4,[[2,-76,[12]]],[0,"79nL8jq0tNs4z/jtDWG872",1,0],[5,48,50]],[13,"title",18,[[30,"暂停",32,1,1,1,-77,[16]]],[0,"b6bOMYqd5AMbL9m5gzqqYh",1,0],[4,4279057241],[5,64,50.4],[0,2,0,0,0,0,1,1,1,1]],[1,"yl",5,[[6,0,-78,[19],20]],[0,"f3s1IIh/5ERa3e5ufYMxcT",1,0],[5,57,50],[-172.75,161.957,0,0,0,0,1,0.8,0.8,1]],[1,"yy",5,[[6,0,-79,[21],22]],[0,"b2KZb9XQZDHJ/8QwW0ALig",1,0],[5,57,50],[-164.48,65.42099999999999,0,0,0,0,1,0.8,0.8,1]],[14,"Background",512,6,[[4,1,0,-80,[23],24]],[0,"6dAk5zW+1GurQYwycCNGDg",1,0],[5,290,34]],[16,"bar",512,7,[-81],[9,"38d28QPqAdC1L4aQLAAwhV2",7],[5,286,30],[0,0,0.5],[-143,0,0,0,0,0,1,1,1,1]],[17,1,0,30,[25]],[18,1.1,true,3,12,[4,4294967295],[4,4294967295],12],[14,"Background",512,8,[[4,1,0,-82,[28],29]],[0,"769ufouJ9GTrvmtkekr+BN",1,0],[5,290,34]],[16,"bar",512,9,[-83],[9,"38d28QPqAdC1L4aQLAAwhV2",9],[5,286,30],[0,0,0.5],[-143,0,0,0,0,0,1,1,1,1]],[17,1,0,34,[30]],[18,1.1,true,3,13,[4,4294967295],[4,4294967295],13],[1,"sp",10,[[2,-84,[36]]],[0,"06BBvjPtBF6ISwE+AQ3ZFF",1,0],[5,38,30],[36.669,27.699,0,0,0,0,1,1,1,1]],[1,"hongdian",14,[[6,0,-85,[39],40]],[0,"98q405P0FBcZA7sHrtJ710",1,0],[5,22,22],[34.95,38.099,0,0,0,0,1,1,1,1]]],0,[0,3,1,0,0,1,0,-1,11,0,-2,2,0,-1,21,0,-2,15,0,-3,16,0,-4,3,0,-5,4,0,-6,17,0,-7,18,0,-8,5,0,-9,19,0,-10,10,0,-11,14,0,0,3,0,0,3,0,-1,22,0,-2,23,0,0,4,0,0,4,0,-1,24,0,-2,25,0,-1,27,0,-2,28,0,-3,6,0,-4,8,0,4,32,0,0,6,0,-1,29,0,-2,7,0,-3,12,0,3,7,0,5,31,0,0,7,0,-1,30,0,4,36,0,0,8,0,-1,33,0,-2,9,0,-3,13,0,3,9,0,5,35,0,0,9,0,-1,34,0,0,10,0,0,10,0,-1,20,0,-2,37,0,0,11,0,0,11,0,0,11,0,0,12,0,-2,32,0,0,13,0,-2,36,0,0,14,0,0,14,0,-1,38,0,0,15,0,0,15,0,0,16,0,0,16,0,0,17,0,0,17,0,0,18,0,-1,26,0,0,19,0,0,19,0,0,20,0,0,20,0,0,21,0,0,22,0,0,23,0,0,24,0,0,25,0,0,26,0,0,27,0,0,28,0,0,29,0,-1,31,0,0,33,0,-1,35,0,0,37,0,0,38,0,11,1,85],[0,0,0,0,0,0,0,0,0,0,0,0,0,0,0,0,0,0,0,0,0,0,0,0,0,0,0,0,0,0,0,0,0,0,0,0,0,0,0,0,0,0,0,31,32,32,32,32,32,35,36,36,36,36,36],[-1,1,-1,1,-1,1,-1,1,-1,-1,-1,-1,-1,-1,-1,1,-1,-1,1,-1,1,-1,1,-1,1,-1,-1,1,-1,1,-1,-1,1,-1,1,-1,-1,-1,1,-1,1,-1,1,1,6,7,8,9,10,1,6,7,8,9,10],[0,15,0,16,0,17,0,18,0,0,0,0,0,0,0,19,0,0,20,0,21,0,22,0,2,0,0,3,0,2,0,0,3,0,23,0,0,0,24,0,25,0,26,4,0,1,1,1,5,4,0,1,1,1,5]],[[{"name":"sc","rect":[0,0,74,78],"offset":[0,0],"originalSize":[74,78],"capInsets":[0,0,0,0]}],[0],0,[0],[2],[27]],[[{"name":"default_radio_button_off","rect":[3,3,26,26],"offset":[0,0],"originalSize":[32,32],"capInsets":[0,0,0,0]}],[0],0,[0],[2],[28]],[[{"name":"yx","rect":[0,0,57,50],"offset":[0,0],"originalSize":[57,50],"capInsets":[0,0,0,0]}],[0],0,[0],[2],[29]]]]