{"paths":{"0":["image/button_jinru",1,1],"1":["image/ban1png",0],"2":["image/button_jinru",0],"3":["image/wanfa3",1,1],"4":["image/t4",1,1],"5":["image/t3",1,1],"6":["image/t3",0],"7":["image/wanfa3",0],"8":["image/ban1png",1,1],"9":["image/t4",0]},"types":["cc.Texture2D","cc.SpriteFrame"],"uuids":["04MAtKlGJACoQcu3hpjVdN","32/APKAhNCbbDDRyipPIu3","33W2nVvf9MHpeejryS3Jl1","62Y8ZRjmZCCJeBgfpjKY9a","74f9sT01hKhJAB1fNN7r5s","8aFYwNGKlELJdMImZ9i2yp","8fzWYvryhHbY2YpJl5zzf+","95TBSz4dlLFZ8Y3iuwKcIX","abBdGnJrhM4LCyDoLZM8o3","bf4Z1041hKeZTFc7iKvzJf"],"scenes":{},"redirect":[0,0,1,0,2,0,3,0,4,0,5,0,6,0,7,0,8,0,9,0],"deps":["resources"],"packs":{},"name":"guaishou","importBase":"import","nativeBase":"native","debug":false,"isZip":false,"encrypted":false,"versions":{"import":[],"native":[]}}