{"paths":{"0":["tiles/zz",1],"1":["yingdaoshou/zhiyingbj",1],"2":["tiles/36",1],"3":["daoju/com/63",1],"4":["tiles/fk",1],"5":["tiles/20",1],"6":["huaduopingping/pinghua/44",1],"7":["daoju/game2/2",1],"8":["game/icon_gift",1],"9":["huaduopingping/pinghua/10",1],"10":["huaduopingping/pinghua/9",1],"11":["huaduopingping/pinghua/46",1],"12":["huaduopingping/pinghua/0",1],"13":["tiles/tilebg",1],"14":["huaduopingping/pinghua/49",1],"15":["huaduopingping/pinghua/2",1],"16":["tiles/37",1],"17":["huaduopingping/pinghua/3",1],"18":["huaduopingping/pinghua/11",1],"19":["tiles/50",1],"20":["huaduopingping/pinghua/4",1],"21":["huaduopingping/pinghua/37",1],"22":["game/shoushi",1],"23":["yingdaoshou/finger/dianji_tex",1],"24":["daoju/game4/2",1],"25":["paopaolonggame/qiu/3",1],"26":["tiles/1",1],"27":["tiles/38",1],"28":["huaduopingping/pinghua/26",1],"29":["tiles/55",1],"30":["daoju/com/23",1],"31":["tiles/18",1],"32":["daoju/com/21",1],"33":["daoju/com/24",1],"34":["tiles/33",1],"35":["tiles/51",1],"36":["huaduopingping/pinghua/42",1],"37":["yingdaoshou/shoushi",1],"38":["daoju/game4/3",1],"39":["huaduopingping/pinghua/16",1],"40":["tiles/6",1],"41":["huaduopingping/pinghua/50",1],"42":["daoju/game11/1",1],"43":["paopaolonggame/qiu/2",1],"44":["huaduopingping/pinghua/52",1],"45":["huaduopingping/pinghua/43",1],"46":["game/jt/z",1],"47":["tiles/32",1],"48":["huaduopingping/pinghua/31",1],"49":["huaduopingping/pinghua/35",1],"50":["daoju/com/2",1],"51":["tiles/12",1],"52":["daoju/game5/3",1],"53":["huaduopingping/pinghua/53",1],"54":["tiles/44",1],"55":["tiles/39",1],"56":["huaduopingping/pinghua/30",1],"57":["tiles/19",1],"58":["huaduopingping/pinghua/28",1],"59":["yingdaoshou/continue",1],"60":["huaduopingping/pinghua/29",1],"61":["daoju/com/66",1],"62":["tiles/ydi",1],"63":["daoju/com/12",1],"64":["tiles/31",1],"65":["huaduopingping/pinghua/24",1],"66":["huaduopingping/pinghua/34",1],"67":["huaduopingping/pinghua/59",1],"68":["huaduopingping/pinghua/15",1],"69":["daoju/com/61",1],"70":["daoju/game11/3",1],"71":["daoju/game1/1",1],"72":["huaduopingping/pinghua/65",1],"73":["yingdaoshou/jc",1],"74":["tiles/5",1],"75":["tiles/29",1],"76":["huaduopingping/pinghua/64",1],"77":["tiles/26",1],"78":["tiles/46",1],"79":["tiles/28",1],"80":["tiles/54",1],"81":["tiles/15",1],"82":["tiles/24",1],"83":["huaduopingping/pinghua/41",1],"84":["daoju/com/62",1],"85":["tiles/16",1],"86":["huaduopingping/pinghua/21",1],"87":["huaduopingping/pinghua/54",1],"88":["huaduopingping/pinghua/25",1],"89":["daoju/game29/daoju/22",1],"90":["tiles/4",1],"91":["huaduopingping/pinghua/19",1],"92":["tiles/45",1],"93":["yingdaoshou/yingdaos",1],"94":["daoju/game11/2",1],"95":["daoju/game29/daoju/21",1],"96":["tiles/8",1],"97":["daoju/game2/3",1],"98":["paopaolonggame/qiu/4",1],"99":["tiles/fk2",1],"100":["daoju/game29/daoju/23",1],"101":["daoju/game1/4",1],"102":["huaduopingping/pinghua/63",1],"103":["tiles/25",1],"104":["tiles/48",1],"105":["tiles/30",1],"106":["paopaolonggame/qiu/1",1],"107":["huaduopingping/pinghua/39",1],"108":["game/titiao",1],"109":["game/default",1],"110":["tiles/17",1],"111":["tiles/40",1],"112":["huaduopingping/pinghua/56",1],"113":["game/n",1],"114":["game/tjbk",1],"115":["game/jt/s",1],"116":["huaduopingping/pinghua/22",1],"117":["huaduopingping/pinghua/1",1],"118":["tiles/22",1],"119":["tiles/3",1],"120":["huaduopingping/pinghua/38",1],"121":["huaduopingping/pinghua/61",1],"122":["daoju/game5/2",1],"123":["daoju/com/4",1],"124":["tiles/9",1],"125":["daoju/com/67",1],"126":["daoju/game1/2",1],"127":["huaduopingping/pinghua/48",1],"128":["daoju/com/68",1],"129":["daoju/game29/daoju/1",1],"130":["tiles/14",1],"131":["yingdaoshou/shouzhi",1],"132":["daoju/game1/3",1],"133":["daoju/com/14",1],"134":["tiles/05",1],"135":["tiles/47",1],"136":["daoju/com/42",1],"137":["daoju/game5/1",1],"138":["huaduopingping/pinghua/45",1],"139":["daoju/com/1",1],"140":["daoju/game29/daoju/jinbikuai",1],"141":["daoju/com/51",1],"142":["daoju/com/53",1],"143":["tiles/0",1],"144":["tiles/43",1],"145":["huaduopingping/pinghua/55",1],"146":["tiles/21",1],"147":["tiles/13",1],"148":["huaduopingping/pinghua/8",1],"149":["paopaolonggame/qiu/5",1],"150":["huaduopingping/pinghua/13",1],"151":["huaduopingping/pinghua/47",1],"152":["daoju/com/11",1],"153":["huaduopingping/pinghua/27",1],"154":["huaduopingping/pinghua/51",1],"155":["tiles/41",1],"156":["tiles/42",1],"157":["daoju/game2/1",1],"158":["tiles/52",1],"159":["tiles/2",1],"160":["huaduopingping/pinghua/18",1],"161":["game/fk/fk",1],"162":["daoju/com/3",1],"163":["game/jt/y",1],"164":["paopaolonggame/qiu/c5",1],"165":["huaduopingping/pinghua/36",1],"166":["paopaolonggame/qiu/c3",1],"167":["tiles/27",1],"168":["yingdaoshou/tishi/Ring_006",1],"169":["daoju/game29/daoju/24",1],"170":["tiles/35",1],"171":["huaduopingping/pinghua/17",1],"172":["huaduopingping/pinghua/33",1],"173":["tiles/23",1],"174":["daoju/game4/1",1],"175":["daoju/com/52",1],"176":["daoju/com/41",1],"177":["paopaolonggame/qiu/c2",1],"178":["huaduopingping/pinghua/32",1],"179":["daoju/game2/4",1],"180":["tiles/34",1],"181":["tiles/04",1],"182":["tiles/02",1],"183":["tiles/10",1],"184":["tiles/11",1],"185":["tiles/53",1],"186":["huaduopingping/pinghua/12",1],"187":["daoju/game29/daoju/2",1],"188":["huaduopingping/pinghua/7",1],"189":["game/jt/x",1],"190":["rmtuijian",1],"191":["huaduopingping/pinghua/40",1],"192":["huaduopingping/pinghua/14",1],"193":["yingdaoshou/tishi/dianji_tishi_1",1],"194":["paopaolonggame/qiu/c1",1],"195":["tiles/7",1],"196":["daoju/com/13",1],"197":["paopaolonggame/qiu/c4",1],"198":["tiles/49",1],"199":["huaduopingping/pinghua/20",1],"200":["huaduopingping/pinghua/23",1],"201":["daoju/com/22",1],"202":["tiles/01",1],"203":["game/tiaozhan_center",1],"204":["huaduopingping/pinghua/5",1],"205":["huaduopingping/pinghua/6",1],"207":["conf/shaonaomukuai_common_config",0],"210":["conf/hmk/mode_2/hk_1",0],"211":["preab/goumai_tili_all",3],"212":["huaduopingping/pinghua/28",2,1],"213":["daoju/game29/daoju/21",2,1],"214":["tiles/4",2,1],"215":["huaduopingping/pinghua/5",2,1],"216":["tiles/55",2,1],"218":["conf/txzresult/outresult_19",0],"220":["huaduopingping/pinghua/2",2,1],"222":["conf/txzresult/outresult_9",0],"224":["game/titiao",2,1],"225":["daoju/game1/1",2,1],"226":["huaduopingping/pinghua/27",2,1],"228":["tiles/30",2,1],"229":["game/jt/y",2,1],"231":["preab/continue_prev_game_confirm",3],"235":["conf/txzresult/outresult_75",0],"236":["tiles/48",2,1],"237":["conf/hmk/mode_4/hk_0",0],"238":["tiles/41",2,1],"239":["tiles/6",2,1],"240":["daoju/game29/daoju/24",2,1],"243":["huaduopingping/pinghua/30",2,1],"244":["daoju/com/62",2,1],"245":["huaduopingping/pinghua/25",2,1],"247":["huaduopingping/pinghua/17",2,1],"248":["conf/txzresult/outresult_13",0],"249":["huaduopingping/pinghua/46",2,1],"251":["huaduopingping/pinghua/23",2,1],"252":["huaduopingping/pinghua/53",2,1],"253":["yingdaoshou/zhiyingbj",2,1],"254":["huaduopingping/pinghua/33",2,1],"256":["preab/pop_tishi_dongzuo_menu",3],"258":["huaduopingping/pinghua/20",2,1],"260":["conf/txzresult/outresult_5",0],"261":["conf/txzresult/outresult_4",0],"262":["preab/yonghuxieyi",3],"263":["daoju/com/63",2,1],"264":["huaduopingping/pinghua/8",2,1],"265":["conf/mushi/gk/mushi_gk_data_10",0],"266":["tiles/33",2,1],"267":["huaduopingping/pinghua/40",2,1],"269":["preab/common/game_libao_2_xinshou",3],"270":["daoju/com/11",2,1],"273":["huaduopingping/pinghua/51",2,1],"274":["conf/hmk/mode_5/hk_1",0],"275":["daoju/game29/daoju/22",2,1],"276":["tiles/53",2,1],"277":["huaduopingping/pinghua/64",2,1],"278":["huaduopingping/pinghua/44",2,1],"279":["huaduopingping/pinghua/32",2,1],"280":["tiles/34",2,1],"281":["paopaolonggame/qiu/5",2,1],"283":["game/jt/z",2,1],"284":["conf/txzresult/outresult_8",0],"286":["preab/shuzihuarogndao/shuzi_perfk",3],"287":["huaduopingping/pinghua/7",2,1],"288":["game/default",2,1],"291":["huaduopingping/pinghua/0",2,1],"292":["yingdaoshou/shouzhi",3],"293":["preab/selectgk",3],"294":["daoju/com/4",2,1],"297":["paopaolonggame/qiu/c3",2,1],"303":["preab/game_fuhuo",3],"306":["preab/qiandaoSign",3],"308":["daoju/com/3",2,1],"309":["huaduopingping/pinghua/63",2,1],"310":["yingdaoshou/yingdaotipdlg",3],"311":["tiles/51",2,1],"312":["yingdaoshou/tishi/dianji_tishi_1",2,1],"313":["tiles/13",2,1],"314":["preab/pinpinggame/move_star",3],"316":["preab/common/game_end_lingqu",3],"317":["yingdaoshou/shoushi",2,1],"318":["preab/gamehelp",3],"319":["daoju/game1/2",2,1],"320":["daoju/game29/daoju/23",2,1],"321":["game/tjbk",2,1],"322":["daoju/com/24",2,1],"323":["tiles/0",2,1],"326":["tiles/fk2",2,1],"327":["preab/goumai_tili",3],"328":["tiles/ydi",2,1],"329":["conf/mushi/gk/mushi_gk_data_0",0],"331":["huaduopingping/pinghua/19",2,1],"334":["conf/txzresult/outresult_32",0],"338":["conf/mushi/gk/mushi_gk_data_8",0],"339":["preab/txttipui",3],"340":["yingdaoshou/jc",2,1],"342":["huaduopingping/pinghua/54",2,1],"344":["tiles/05",2,1],"345":["tiles/01",2,1],"346":["huaduopingping/pinghua/6",2,1],"349":["daoju/game5/2",2,1],"352":["preab/common/watch_video_fail",3],"353":["preab/pinpinggame/select_move_hua",3],"355":["yingdaoshou/yingdao_shou_dianji",3],"356":["conf/txzresult/outresult_91",0],"357":["daoju/com/66",2,1],"358":["game/jt/s",2,1],"361":["conf/mushi/gk/mushi_gk_data_9",0],"362":["daoju/game5/3",2,1],"363":["preab/gamesuccess_new - 副本",3],"366":["huaduopingping/pinghua/37",2,1],"367":["huaduopingping/pinghua/50",2,1],"368":["huaduopingping/pinghua/65",2,1],"369":["preab/pinpinggame/dlg/huaduo_shangcheng_dlg",3],"370":["txz/txz_level_config",0],"372":["daoju/com/2",2,1],"375":["conf/txzresult/outresult_61",0],"377":["yingdaoshou/finger/dianji_tex",5],"378":["daoju/com/22",2,1],"379":["huaduopingping/pinghua/16",2,1],"381":["game/shoushi",2,1],"382":["tiles/zz",2,1],"383":["tiles/17",2,1],"384":["yingdaoshou/finger/dianji_tex",2,1],"387":["tiles/27",2,1],"390":["tiles/8",2,1],"392":["yingdaoshou/yingdaos",2,1],"394":["conf/txzresult/outresult_30",0],"395":["huaduopingping/pinghua/4",2,1],"396":["tiles/23",2,1],"397":["conf/hmk/mode_4/hk_1",0],"400":["tiles/2",2,1],"401":["huaduopingping/pinghua/1",2,1],"402":["preab/mishitaotou/player ",3],"403":["preab/more_wanfa_dlg",3],"405":["huaduopingping/pinghua/15",2,1],"406":["daoju/game29/daoju/2",2,1],"407":["daoju/game11/3",2,1],"408":["conf/txzresult/outresult_65",0],"409":["daoju/com/68",2,1],"413":["tiles/3",2,1],"415":["daoju/com/41",2,1],"417":["preab/Goumai_Daoju",3],"419":["game/n",2,1],"420":["tiles/52",2,1],"421":["tiles/24",2,1],"423":["tiles/26",2,1],"425":["conf/txzresult/outresult_16",0],"427":["huaduopingping/pinghua/43",2,1],"429":["game/tiaozhan_center",2,1],"430":["daoju/game11/1",2,1],"432":["preab/common/choujiang_per_wuping",3],"434":["daoju/game29/daoju/jinbikuai",2,1],"436":["conf/txzresult/outresult_3",0],"437":["paopaolonggame/qiu/c1",2,1],"438":["huaduopingping/pinghua/52",2,1],"442":["tiles/31",2,1],"443":["preab/pinpinggame/shouzhi",3],"444":["daoju/com/67",2,1],"446":["daoju/com/53",2,1],"447":["conf/txzresult/outresult_12",0],"449":["conf/txzresult/outresult_29",0],"456":["game/jt/x",2,1],"457":["daoju/game2/3",2,1],"459":["preab/pinpinggame/huaban_suikai",3],"460":["tiles/25",2,1],"461":["comdefine/info",0],"462":["conf/txzresult/outresult_101",0],"466":["paopaolonggame/qiu/c4",2,1],"468":["conf/txzresult/outresult_63",0],"472":["preab/pinpinggame/ping_pengzi",3],"474":["conf/txzresult/outresult_77",0],"476":["tiles/46",2,1],"479":["huaduopingping/pinghua/41",2,1],"480":["tiles/54",2,1],"481":["daoju/game4/3",2,1],"484":["conf/txzresult/outresult_35",0],"486":["conf/txzresult/outresult_15",0],"487":["preab/donghua/donghua",3],"489":["preab/fanhuidating_queren",3],"492":["preab/dlg/showtiptishidlg",3],"496":["conf/mushi/gk/mushi_gk_data_3",0],"497":["conf/mushi/gk/mushi_gk_data_4",0],"498":["conf/hmk/mode_3/hk_1",0],"500":["yingdaoshou/shouzhiZhiyingDlg",3],"501":["tiles/39",2,1],"502":["preab/pinpinggame/dlg/fuhuo_sel_dlg",3],"503":["conf/txzresult/outresult_14",0],"505":["tiles/tilebg",2,1],"507":["tiles/18",2,1],"508":["preab/pinpinggame/ping_dongwu",3],"509":["tiles/50",2,1],"511":["huaduopingping/pinghua/61",2,1],"512":["yingdaoshou/tishi/Ring_006",2,1],"513":["preab/common/com_sel_nandu",3],"514":["game/icon_gift",2,1],"515":["conf/txzresult/outresult_44",0],"516":["conf/hmk/mode_3/hk_0",0],"517":["conf/shaonaomukuai_preload",0],"518":["conf/mushi/gk/mushi_gk_data_1",0],"519":["preab/pinpinggame/ping_desk",3],"521":["tiles/32",2,1],"522":["yingdaoshou/shouzhi",2,1],"524":["conf/txzresult/outresult_37",0],"525":["tiles/15",2,1],"526":["yingdaoshou/dianji_shou_tishi",3],"527":["preab/game_fail_new",3],"528":["conf/txzresult/outresult_10",0],"529":["preab/gamefail_continue_game",3],"530":["daoju/com/51",2,1],"531":["huaduopingping/pinghua/18",2,1],"532":["daoju/com/52",2,1],"535":["preab/pinpinggame/dlg/huoqu_daoju_dlg",3],"538":["huaduopingping/pinghua/45",2,1],"539":["tiles/38",2,1],"541":["preab/common/game_shoukan_libao",3],"543":["daoju/game2/4",2,1],"546":["tiles/1",2,1],"547":["paopaolonggame/qiu/4",2,1],"548":["daoju/game2/1",2,1],"549":["preab/dlg/tipuidlg",3],"551":["huaduopingping/pinghua/29",2,1],"552":["huaduopingping/pinghua/21",2,1],"557":["conf/txzresult/outresult_66",0],"558":["daoju/game1/4",2,1],"559":["tiles/43",2,1],"562":["tiles/5",2,1],"564":["conf/txzresult/outresult_41",0],"565":["tiles/21",2,1],"566":["daoju/com/14",2,1],"567":["tiles/9",2,1],"570":["conf/hmk/mode_2/hk_0",0],"572":["huaduopingping/pinghua/38",2,1],"573":["huaduopingping/pinghua/34",2,1],"574":["conf/txzresult/outresult_31",0],"576":["huaduopingping/pinghua/11",2,1],"577":["daoju/game29/daoju/1",2,1],"578":["preab/Tile",3],"579":["huaduopingping/pinghua/36",2,1],"580":["huaduopingping/pinghua/59",2,1],"581":["daoju/com/61",2,1],"582":["tiles/16",2,1],"583":["preab/common/show_get_jiangli",3],"585":["huaduopingping/pinghua/10",2,1],"587":["huaduopingping/pinghua/14",2,1],"588":["paopaolonggame/qiu/2",2,1],"589":["huaduopingping/pinghua/39",2,1],"590":["huaduopingping/pinghua/55",2,1],"591":["huaduopingping/pinghua/26",2,1],"593":["tiles/36",2,1],"594":["preab/common/game_3_choujiang",3],"598":["tiles/29",2,1],"599":["rmtuijian",2,1],"600":["tiles/02",2,1],"602":["tiles/49",2,1],"604":["daoju/game2/2",2,1],"609":["tiles/47",2,1],"610":["huaduopingping/pinghua/35",2,1],"611":["huaduopingping/pinghua/24",2,1],"612":["tiles/44",2,1],"614":["tiles/19",2,1],"615":["daoju/game5/1",2,1],"617":["daoju/game4/2",2,1],"620":["conf/txzresult/outresult_92",0],"622":["huaduopingping/pinghua/31",2,1],"624":["daoju/com/13",2,1],"626":["yingdaoshou/DelayTimeShowDlg",3],"627":["conf/mushi/gk/mushi_gk_data_6",0],"628":["preab/pausedlg",3],"629":["conf/shaonaomukuai_tuijian_wx",0],"630":["daoju/com/42",2,1],"632":["daoju/com/21",2,1],"633":["preab/mishitaotou/line",3],"636":["tiles/7",2,1],"638":["paopaolonggame/qiu/c5",2,1],"639":["tiles/04",2,1],"640":["daoju/game4/1",2,1],"641":["tiles/45",2,1],"643":["tiles/40",2,1],"644":["yingdaoshou/continue",2,1],"646":["conf/hmk/mode_5/hk_0",0],"651":["tiles/11",2,1],"653":["game/fk/fk",2,1],"655":["preab/com_fuhuo",3],"656":["preab/shuzihuarogndao/game_shuzi_fk",3],"658":["tiles/22",2,1],"660":["tiles/20",2,1],"661":["daoju/com/12",2,1],"663":["yingdaoshou/finger/dianji_ske",4],"665":["paopaolonggame/qiu/1",2,1],"666":["tiles/10",2,1],"667":["conf/txzresult/outresult_62",0],"668":["conf/mushi/gk/mushi_gk_data_5",0],"669":["tiles/42",2,1],"671":["preab/shuzihuarogndao/shuzihuarongdao_confirm_mode",3],"672":["preab/mishitaotou/linebut",3],"673":["huaduopingping/pinghua/13",2,1],"675":["conf/hmk/mode_1/hk_0",0],"676":["conf/txzresult/outresult_11",0],"677":["tiles/37",2,1],"678":["daoju/com/1",2,1],"679":["tiles/28",2,1],"681":["conf/mushi/gk/mushi_gk_data_7",0],"682":["conf/txzresult/outresult_6",0],"683":["daoju/com/23",2,1],"686":["tiles/35",2,1],"688":["daoju/game11/2",2,1],"689":["huaduopingping/pinghua/12",2,1],"690":["tiles/12",2,1],"691":["huaduopingping/pinghua/47",2,1],"692":["tiles/fk",2,1],"693":["huaduopingping/pinghua/22",2,1],"696":["huaduopingping/pinghua/48",2,1],"698":["huaduopingping/pinghua/49",2,1],"699":["preab/yaoqing_dlg",3],"701":["paopaolonggame/qiu/c2",2,1],"702":["huaduopingping/pinghua/3",2,1],"703":["conf/hmk/mode_1/hk_1",0],"704":["conf/txzresult/outresult_2",0],"705":["huaduopingping/pinghua/9",2,1],"706":["preab/gamesuccess_new",3],"707":["preab/common/choujiang_left_time_tishi",3],"708":["conf/txzresult/outresult_7",0],"709":["preab/shangcheng",3],"711":["daoju/game1/3",2,1],"712":["preab/pinpinggame/dlg/game_success_animte",3],"714":["huaduopingping/pinghua/56",2,1],"715":["preab/shuzihuarogndao/shuzihuarongdao_sel_mode",3],"716":["conf/mushi/gk/mushi_gk_data_2",0],"720":["tiles/14",2,1],"721":["huaduopingping/pinghua/42",2,1],"724":["paopaolonggame/qiu/3",2,1]},"types":["cc.JsonAsset","cc.Texture2D","cc.SpriteFrame","cc.Prefab","dragonBones.DragonBonesAsset","dragonBones.DragonBonesAtlasAsset"],"uuids":["00SJycJD1DxZAXr9Q0xxOM","01UdPCQh1PNpeN/hgugv+U","01uKMfsCJMGbMyJv5HTP+B","03ZOyJh2FO+5g6ZYXsNREP","04PglwAkpIbZi/wPb45ls9","06QeDWY2tF/LeEOwgV9JQa","07Q6WLfzBMG4R3JbUotNh7","08l44mhThE7p8PDQc+KQOl","09PlQm0shKQ6vt4y6TrWwN","0aAL0aBv9OhKApo9OXYU6S","0aE9T1mclBJo0rN/dN2UUd","0aRdgECSJCP6cqwDsO0HQ9","0ahchq8vVIt68W7mPbXhNd","0a+AjKdsJE0ZjE93fgQYqM","0by0xPowJB3ZfvQLW3FxY9","0b2LG6i4tD7LAjTSqPSUYT","0cwa0VSbtML40ZNyZzgyd3","0d6563S1ZM15roXXhTNTrh","0eafzXNYZDgIxfp+MHFH/f","10dWFA6HxILIHkVv0HUBGQ","10oCFy4UVLf7D10y8tXXdi","12GZ8JL/5BOqgFWQcEgySr","12lG5H+LVMsJjOjaU5hYAh","12rWAGA9VKbpPqYa5vVF3Y","13/xSG24lC6JySVi1tS1sY","15pA40CHRJWJV2N2aV84gC","15w/u+rNRPjK4ePznyHrE+","17ZbVo5jtDFKQFHgnMqKzq","17dyBno7NH44431IoI3ZLr","17uzf7VddH7bvZKol4AzYZ","18doXky7xKlpqPWAKCGuPb","181srGEu5FGqzkb/u6g8t+","19xNGNvgxN3KxkwKwdNsQZ","199aay1xpIUJoDFkNaJMGd","1bmuLGPytEuavdv32Nfsco","1emYkG1dVLCp77/qG2TnFC","1faE6LQ0JN4YGKfn8Fnskf","20oUnMOlxJLK0TBmcL/NFU","21D4uRDsFN4aL7/FRdtrSI","21aWu2aDtFaKUFyZoM7kd2","21nbxVmg9ECJzgdMpnWyTj","23q8Z3PQROFavuIw5vp8Ln","23rhjtPaBHcI+9BKurf9kN","24KMTvuwxBx5lYDA9jfzzM","25pF90a0FGtoDrP6e8QaiS","26rOUiEZZAqJF1+0t//aln","26vZBP1dBIvriJRxJLRrYL","2aD+6wDTtGkLSmyjARecMo","2aQuCuHe9Ia73IcSRlLH/f","2bM0BuY3NNhqvAL87OQ4/t","2cOVtJJQpISZpbypyZz0ax","2fKATGIPhBM677q6qhl3IQ","2fM1dVSPtJsZ/rBc3XkU4U","30Zebr/AxMYJhKJauV0aKF","33XLFC/C9LA5whR6mEDQj5","36AHioWelDkagvsIeu3YFp","37fL5VRntEHbfMBX66Y/pB","38P8RTbcBDCZ/Q2yzrjpoa","38W9Sk+I9EWp5s5QyT+78e","3aGKfFHoRAxaYcGMaRlOMM","3aL5qimNtNrY6m9rPL+PE3","3dcAXkpGVAw7eBT4FIbD7U","3fEZ0LAuxFLKpQia3mZMq0","3fHmp3rxhH55m6wAu8dyCv","40El0qwM1EX6jY9Jd8PMjm","402UvO3Y5IQJ9uKd4k33E0","41E0cTVl1CtKRqvLEbX8wn","46XI29rPNOybuCSiv/0K5O","47keuIYEZIuZRBBDcHyxvl","471EpYKbtFR5M4ZO/Zk2TK","48q+93fM9Du4e2/kgrxkx8","49WEKA8GFNerJWUefuBxEp","499CUxG31JlaodkJzcAxP/","4aESYLN/ZGzIGsCZKKa6Si","4b4FIga7ZEWbmfc6Nklqj6","50Nx/T2zJODYxSLrkh7N9/","50x6i/+GFClIuwOOtLpIt0","51ki1fki9EBqAPNyW8hYp6","52uqOsIqxJKbRQNGtWoj5u","53b71ZLYlPNZ7izvQsmjgd","54zAQJ/pdEXphk0XA45LWu","56uotb5plBoJEc5ZYiKXZW","57sfdNJoFKZocdwvc6x7HT","58SxtqEbxMIquSf1kK5kPq","58yfZCDYtJgrFqYmWGu5d7","5bRORCN/hJXrLD0o4QHB07","5eZmP+GBVIYrPxzmRaPBEZ","5foiWkp+FHH4p/Ro6tqqlu","60qMD8ZY9EAZdsi/TPG73r","64/jIihhxOOqM5HMojFmdw","66UcRhpvpPtoKlnyELhVXE","66wwbGAu5OkJcDk5AdpOzm","68IVvgYu5OE61EkhtTutRZ","68KQ3pje5KFKJ/PZ4lA2pC","69UUkpKvBD7JSYd1AseVIu","69vrywRWRC86EUeZQcVGJT","6eSq9Q+b1NZ4kWWPARB6VF","6fwLPhBNhID63ArGbIxcuA","6f01wH9mRJ+KxCahFQg8hI","70Ppzqoe1H9abMsOg/WCul","701TSviSxOGoVK38ui0yeq","72ZPyK/xZHDbps+Qqdsca+","73DJ21nSdHgJsGUK1ii8bs","73ID8DfWFHOKw8QvY3HA08","73oOryynJAW5ouE5eOUCwA","75BdzoeJ5In4b9qJKVg0YL","77elDfr39O4YWHtlbE6v2q","77x0loP45A/Jb3NnpIIJHE","78ftlhgy1DLbovEpZPXeVs","79uO9gT/xCPZ4g6rAY3jqi","79yemGe2RKNJnuNi4mxx4Z","791o8BNBhKpa6EcVVnPlqJ","7aUBYjeVROCL264aZzpWN/","7cv6tKIAJHQK8upMaOAIzL","82ziAmWHlEPrNbs3VEWVrU","83gUk9X5lBHbEz8QY24JMb","84Kxak6T5OsIZQjTLiPzgg","85nLpCJr9IIKnmJH+NCikA","85qCukqdxNfZeH+Sqimifg","86P+yDUVhIHptC5cTIoXnQ","87gaQPna9FgorvxH99zB2r","88jp91Jc9LTKL36F6km5s7","8bMAMmYlpPtZS/qlTCL0Pl","8boXP4nLhMo4C79lFyyBeV","8e7J5lcn5PQYKniXyPIrFe","92OUGNBIpAx7uFliG69FPG","94zpw1m0tDdr7vKtUq9zss","9b+9fvgYpDvZmBneu18T0Q","a0Q0fFr2dDSJWRd5n4mfbE","a3Z5r4s2NEooGDVB3SP4xC","a3mQ8RcAJPbpoiBGInXlY7","a3tiG0MrRCgYMXxvF3dy0c","a4OSSuWk9DmK1mkGsYY0xw","a4wq08YiNOppJ3PDTfTBwv","a6aU6DmdBO2YPNDHTmjFYX","a6yqzNklxIpoPtADVFv6sO","a7AeyXQoVB4IbaSpwofbEi","a7BvhPE7FHnLI/bk2TNwva","a8K6GJLYBGBKpQBhryL8qI","a88p4TesxAjacVKIeaNAD0","a9yp4JWM5ARoFh3UumKd22","aajjxA0RhIUZ1jfkW7dg5e","abF7kHtudFtLCHxTFK1hwW","abQrWvWWJLnKXu71khUMsq","aci0/1kNtCO7PkfiGHrEwU","aeR90xHEVK+Z6zFM1Kwxk8","ae0KXsu4ZOkoh/ucpXUZcI","b2p1Mm+hZCMaAGW/3I8NhO","b4CzVRKPVNXIku4+uXovL8","b4Obt+0g9NlrcovgwC7YWf","b5OTa13oVLN6Ld8zeKzujn","b7pYzJNQpJu5YQE4N0/ykm","b9C5z0TetIu7P2XKr10IGw","b9zQb0JzdGNoKhptsQyqey","bazIT9wldMzph60Jc5O/BJ","bcLdT/P89KRKZOGLPGwQyh","bciY0BfLREyaGx1OT0VQfH","bc5+ZI+2xBypo3XoHu7xFt","bdFM+k9rZD9pdpj7KrQwTC","bdF6zH9UhGJINCdB6L7Cm5","bfR0yDxbRHJKWyWxhY0OSM","c0ZpzzydxLMYeYq1JsWIFP","c3ncZk9A5KZriBsgcdj9xU","c4q7MNwOVE/JupyLM0C9nN","c405MPqltLnIVJya74MRZs","c5hxNa9WVLy5XOhOSLmXxb","c6BwJMVSREjJsuDNe2b5yV","c6IJYioXREv71FApyP7bOY","c7IVmHqslGdq//y3+Iz3uX","c8CSijOJ5E5ahme1hSf1c1","c8q0ibKDVN5YTjJYzC6zQq","cbZdA4IRtO46K/ImxJ6uxr","cclw3HCvBM/qw6RcKdBsbr","cfRrx0iStEkqAjSqBw/lGZ","d0ufoYwkhL07JKMynlwdLn","d05HRX3KBJmaI1g+o6Iukl","d3F78Tkd5FU5qJJgd03+X/","d8XuaqYD5IsLDI93APtIeN","d9xo1LwYRNxYlfFGebI0Cq","dbRUReUIpGN6S9d+3wkmRF","dbSVcVA5BPyLFrjeqqfb/d","deSnicjaJEZqU8TO91KWjh","dfbC6c5nRAQ5DjIAfWcKb/","e1fs2RJPlGv6bYzy21ibkk","e5aZQ6KoBCGK1zo4+VKTEI","e8nEQolbNHhL69Pm/my7HF","e81ws9sWhEyZneZ42Z9+Lj","eamidQJTFGW7ymaOX0Pn1l","eaymWKNkNLdKKrmoDR2mP2","ea0czCpPtPlaFDzN30iovj","ea7ECJLrdI7LusNhx32GiK","ebbo6yxbZH3avdrPiYeaEk","ebcx5GHoVGEq7vYvvk1ZYc","edjA4NG7pGVJpgrO3pQsEJ","edpNdQ2OhJZLSzKThQSwP0","f3EATRH3ZIkqnZjP6obgP/","f56zDtTiJEc737I2fVPGEK","f7SaocjJBFKLL503ZiR8cH","f7UAcok7dIxKVEH44O3TBq","f73niKK7xDrZu55cbuXXQa","f8wCK91OdKqbRRAuWZDaA0","f80zbOaaxF8p8xz4FM/7z5","f9tumYLq9Dt4U6nZYR4Wko","fawn9OBttA+pFJNUt/4skT","fbSeqfPVBDIrXb8HQ4/DW5","fcYfRIN9lEWpVAMmLN0VWA","00DTUXarBBY4/xsdqxZuhe","00I77El3xH7rsxNKS4qA+Q","00nnboZeZEFrMgDyQ/LejN","002SUsQu9GBYmGQcb4/yUu","01YDrIgLZO+ZChzP5545Dl","016TkebWRFgact9QF75huU","02DL0QlQdDApoHCJndOKFx","02SMOo1VxCGKIKZgiYdmUL","02f5HYy99K+qtBAyJnqP2R","02qlbznoRBoqiybk71R4eM","02sYHXkchMP4EEARFknlSx","03S6fOS0BBSpRiVwNUTr1o","04ekX7qhVEFa7jIGP978H8","05GWd30nFD1rnrvWr7BD3J","05iGhF8lVO+qTWpZaDTaZX","07EqOt465BwbD5tdINO8DU","0704fi1H5Ms6Yxc48swD5s","08YG8GhqVLMJ/nAryT5IvP","08ev/mvK5EFZcMYpcjUJ4a","08hCLbeHBJSoYV03VtLGyH","08owcnIPBGL4GhXIQ0ypML","09k42A2ylCDoWgfmvF2j09","0aeHBbvYtKbLN3lYJ9LvCL","0aukOE1DlE67ywPJHLKdFy","0axay7bghFHrni9NMpCWjO","0bFZ+SRFtDUqEDfZ6pYLqc","0cHzyj1K5PBJLjYEdlLs3o","0c0K3//uVDvoVafstEtLK0","0dajj+k1pMvIer9LcpzvTV","0dcStdaG9HuI4IJEe/UE1G","0dlJnSI/JKuLeu5Agq6Qj1","0eEYYEUHRAMKuFQE4kcIE2","0eOPOxtMJOZaM0Cx6OwjxW","0fGEppHFRLXr0/MZvT09YA","0fK6Z/FP5Mnp7FtkwVmFZ4","0fUn7+Wy9JmLM2M3OXw0JW","0ftcvSo/BMe7QAakFuvoB1","0fyFcAriRPTrguSj81pwEO","0f04d8qyxAAqHavgVr5Dxr","11AD0DH/dHfa9yjdcnLZoa","11GFyuUIJKSYxB737VkfSp","11e0spYu1FvZxwU0r9Tg3J","11hfZE3y1Mqb85LNqKIDiM","12mKHI70JACoeQZJ+xAcrF","12nq2fFOdJ4Zj6lppmBpYX","120OpA115LEJQe16I3ZgWl","14jvLaOmZFNIZSHufj15CX","148tTAa1tAEoZmTjdf6vxb","15CzABvi5HSJngbDZlTV0H","17ONX7lzlOn6BHBB5FHCQ1","17QOSHCrlOG6Hck4ZILzkU","17Z/eovaZMarjsgGvBfjhM","17hTmMDbFCD5BJEPpy40vE","19i3vY9vRBZpdiDT+h0TMv","1alMy0lFRHKYHFO/QwVtJE","1anCMiDtRAMbdU7dkMjf9m","1a9bH4y9pHl6OHATMUO2sp","1bTsLapBhAqJQCJjTdCyXx","1br4E3U4NM/ZGHV/r2sHbJ","1dY7AXnFJDcaGLlau2rp0A","1dlPfc5MpKLJD1NK6ag6te","1d+fyQbfRPl7oA8YYCM8fc","1eC7uOrrtGzJJirLi1Y0wJ","1eP699Pb1O05eB7cgG+9LX","1ehyBjSAdG+oi9vaPygqcC","1fn6At8PtGk5eQU9n0E4BF","1f7zhB7bVKwIJCg9ycALnS","20B1B4KdxFa50I+EdtSDTy","208CjBcaBD86e1XbkECNJT","21+N7/mVtA+71MTb4+gKWE","22DKqXlDlA76ZQqjkMxvGj","22FPLb8NtE5olrhbcEY1hM","22/xpjIXRMsreAqt5tuGeu","23s0DyAAxF9rR/zHq3FBCb","24GZbx0WNJUKjXuKCHdBhX","24JSn6rYNOirSoHXmLvBrI","24NdQG3fVNop9/96LB1mgY","24rHp0uXdDZ7bzRC4Nuhsn","25NTZSL81AkbyxsduYAbQ6","2513vKHblEsqlIhBc1kKO6","26zED+GitN3rrCJL6VYqar","27R1cyU2RInYw2MV5m7gzR","29zexdw7xPRqp03wI3CwdD","2acCl4WJVJSruE/dEeaHzm","2akEhecWtJY4oD1McKTbuH","2cZivGQ4hJfb6K1azHKwHM","2cly1OJGdG9r+vPPZBD8oU","2c6m+jXstMWYoVfLxxeh4g","2dASSFMApGwZRFr0DV5a5s","2eziRzOrVNor0yX+LdStaF","2fcSOm101EM57Wc6cUWncu","2f6WXu7P1AzLzC9JiGqwb5","30glRyU99IPbQ0abQpW+Av","32UrDJpkFEeqsotoPrCXPC","32/APKAhNCbbDDRyipPIu3","33W2nVvf9MHpeejryS3Jl1","33Xsv0f8VI6qj9/BTiagy4","33n84rKSJGq6QkcIe07Fag","33pBwx+89M1rOZkCLX/MOX","34cLy31nJIELGEAh7/RoVB","34n3ujHvBI1ZYs6nWJh3Ol","34ytp8eiFAuLV8RA9zs7FL","346GxCdexCsZ4koNOUdh1P","35W4Qv1LlFkaYvSeIH0I3B","35eYtnUGVG/58dtbPXb9/q","36EcPDLCRAMJXtm2TEQurO","36PJEMGfhB25yi6M9Ibylt","36W3d8UHNLZYG/S0/o8iz2","3642QJt6pKIb4SMAdEkMQ7","37bY7Vzm5KiohKexTXPhqK","37mCbZMeJILKmXWdjx0vme","38xMIxoqxLgoj3QsWhhEba","39U9OMd/FIV4wVPA6qDeg6","39s/1WsiRE3qyjBiW/AgzC","391/0V1JxD2oKUGdjXGHAW","3aAswSZNFH0Ij3ECdULZl/","3aFlXwZsVFSY5woHLslRGs","3aOPhXrcBEH5xSyJ3JGQ+T","3aVse9BXFKXrE6hf76W2fc","3a60S5GYJL25PP/Xdm3Pwd","3bEvPcbsZIPI1f+08H4Lz7","3bj8wBOi5GmpLj3TfWeMbm","3bp1cb5shLP4yUB6+6wpya","3cIS29ySdGApATLo9ceSjQ","3dKTfJGkhETZ85xD9G0sEH","3dMhywMQZB3LRmFwkJmUSY","3eWE565a1Ny717IrkiLwkv","3eXDPz8SREJLu6rilVLBLv","3e9o05J4NIcYTaRkWCG67W","3fSt8G4lpK9JrYIr/DZFAC","3fcXD4YSROzbnT8II0BHJY","3fcdtjfXlHHLEuf0uxqyM4","3fevIdE/ZO0bpIsJiFEb0+","404wPYnOROR5nh1WzDetoX","41EXptiLJLEYjzAd1Mgjjq","41bObiK61HJbddWb7ZjmKv","41iqxfc1dBoIhbJ7kIAglL","41tS2sUhlG3LS7HTc5pbuA","42tTy+nyVPmJAc2YH3zJBS","43fQdnEr9Kfaxxlw3W/27L","43qW0XD1hJd54+wW0i0JDU","44NkbI7mBILoMduFzJCPtH","44UxCWkb9O2on8bozYwy0f","4463ZYaFRJuK9uuXeVExwF","46EfbabEJDj6/NFaEl/PPa","466ks2Jp5MMYxgggOHD8vV","4802iJiJ1Fnp3s4fQ89C+9","48+LE0ZiRB44onyUyZfulG","49loKMhzpAe7qb6vEhLP2A","491BObS7NJ6aulGyyuZmIU","49+U6dK2JGfpb7jX2NcRvX","4augHG42xHOanAISRi+VwV","4a/dZ6CU9GyqBB+1xq8SOJ","4bfw2g24VF6q3nk1mGd13C","4boKmsIZxCLL+evOX2l2o5","4bwd7+95xFFJOQNO6c1BqC","4cU8pGfeZCsq4ZsQoop3v4","4dDW/5viNIXZBlBBPoPWuC","4dL5PlU5lK/J5ZyPt2lv8O","4dosWCBt9LMYyhOqXCtQlh","4drj2BjJVGvKi93aZ2QyGT","4dwYI2C4lOtoFVwl4sgvZw","4fZw0LeCtKbK4EVWx+VPE7","4fbKseaSZELoUtv7xp+7vE","4f3zhieLlM16JFlX290BBG","50jNsr4N1LFpoa4Mj0lrXn","50j5SkiXdGsKXtO5/z9Xn7","51KQtBSj1Ny7nu8adSmw7o","51haTQn2RBBYxyazuPSbu1","51oXZpSD1LhLNTuY76tQLj","52ZE2/drlAOYsm8m3ZBCmA","52hzTNkdhHpapDdbcMwDlx","526HeCegpAibsukDg+Or+2","528PpkJKVGWr/jSqsLvTf6","528v5VOfJMyLB0e+dCQ6YJ","53U5v1QSFCp4XUHzD4p1mt","536vbWno9EMbl1YXsMQaTZ","55KiZGGExBZ4hczDHdbcDO","55RDel4uZM1ZS6f9ERhbq7","55dk/3H+9GArswffc2Hold","55uJf/6uNH76a6u5k967Pn","552PDNGZ9PxoAS1w23B6Lt","5592J+CYZNT7EAp3bzvn3B","56MVawZxZKtpB1Q/8PVav5","56Z6Z1KNpAw4fjUJvW3QS9","56fc2Ai/RFNYpaMT8crweK","56mhbsc1lL/IIJIizeVMjp","563KtNLqtJo720q/JI4rmY","565PdyOSNCULDoklByk4k0","571dDtXEpGka/V8xfC+UHl","58jyn0n/FHbZUO/wG/DK7/","580UJt3DRDg6AWiTt3DDF6","584L+MnW5Nw40pfYlmktze","589DgFkH9GhK+cQ+Cttx/H","59qB4loFhPypwoEbmMuP8d","5aV1WYiqRGXZRSIKu64N1X","5afsf/mQBOdavcdoExXYJO","5agU4a6q5OzZkDwTrKrMKg","5a0bpmh+dNap9sH4gcsd/n","5a2D3OGEFNRKV14UdazkMQ","5bCqlutDJDOr9rp790tEyE","5cDzDf871E2Y8vkSLYFEtp","5cSULYfShKpptKP5ismwZx","5cV4deq2VCFb6Sp8s9AXLN","5cZ/XtBWlDQofazq7JJge9","5dfQeM/wpOmrz4rmLb11j9","5dk5G6l8dOZLu4FVgZPPcu","5du7FR8JFBJ7zLkGqTlOW2","5eUFP5/55NOY1lECu6aZvF","5fcfPv3ctML6wWoR/A/Uvy","5f2dW/1SVHgJaiR0dDrOZX","61EmVjkGpAf7QIcMZhWnis","61cyPdEfRN047sDK9rO0W5","61ozx114NO4Y8eAWwQCvnQ","62CGrlj61GKJw76SLDlU6x","62wAoPDd1F2q911X5W5jLs","62ySTIUIJB/LdEz512o0nl","63G1YvpCJJ8Zwxq+xjBJph","63X1RATnBBMJXt5oGfL3gC","63cDgv64xGXaUPkIMpzd3/","64KN8ShSJNA4oPJ6oKFeIX","66sHwJdQtGn4ozqqWSJJft","67lwpiUgVK9LGda0UNCIGy","69TL30WRZEUZTWPGr2xNZy","6aHzRtmtNCJ7Kpc+NGQhiq","6a0hgFdtFO95c5hfF1313I","6a8dHrzfBN3InLHdNvbFKI","6a8mOhjT9E4r+Fkl6uZQ+r","6dBgxKWQFOJrEttSpJneBa","6dg5icjOFOrKCx96lx9lHI","6di+6gUjhFd5IKBlzP4ej3","6eZaMzCXpH8pu59vIKUN//","6eb1G2FSND64vebxx2/ZWu","6ejn85yW5OE5Kaxu8HdvuO","6e1iJ/kz1N5IgdwQf/wRcr","6e+UNCWcBNPJ0qWK7/Rp3z","70FwsDb2xLc4azDVZVjzU5","70eilAvXpF8Zre8CAiUKOf","71SrVhJABI96o2RQgDvrhe","71VhFCTINJM6/Ky3oX9nBT","71vNh5WfdNsaY6rTZcb3GF","72BUpuKG5K8oB9isaGA3cz","72YaXnkHZOhLbYEzb5FiJr","73CghpgyZCDrsKm8hQ1V4H","73LfXJDldFJIIpo9wIuVad","73fzzHQohCo7N92JxPfGhE","73ieTUxptMn6hW+RGl9gWj","745LS0gKZDioFQkZazPfE7","75DYSrH9lMsoHAaJ8vKNxA","75bTv/Be9FELsgdQMOIYnq","75oa5VsrVIqaPGgusGHnMq","76Fz5tDXJG06y/V9BY8oyk","76HhVAWxRPJrQuSJXk7e9z","76645SRAhIQLLhfdgAQ4n3","77TydTqmdHKbHcDXpY4SRG","77T/B9oxNB372TdXbCmh9K","77ZAxmMnxI3qxP+2y3c5tW","77gP0SI2RA9pnJR3FwNGpG","7743D+62xHvKMdLJscE8lz","77+4VmDuJGy5dmLgR4btTP","78F0cBE9dG1amTqrQUj43O","78Q/ANnmVKio5XbfGEGQdV","79SADCg6FAe5Q3vsSOuCQr","79rSyk+C9NqrawoUHvpy63","79rULrcCdCqKblylOqLN3O","7aR76tBdNBF6QX8NE2VrdZ","7aSR0k19tP/aKiQZfvnDyx","7apNzjwY5COopk5GmHPQ2H","7ap5yqfl9O+oF/qbRFA7vQ","7a0uoUixJOdpIo0TJymM87","7a9g1AhXJDDLIMjEiyXFHw","7bXoq8TatLVJq+kx3a4Lm5","7bfV7xawdFxKa57hfaui/1","7bg5r7MZ9E9LqQx2QlvOtG","7bzY/h6edITr/SZfnA0i0q","7dUg33EKtIX76DRMsXwV4m","7dYzqVsMpLsKIZiEYMFwZ6","7duibTyaFNXKbGEe+r1MzQ","7dwvX+Aq5OKqRSZO3N0sV2","7eHH3bX6pPk6oYlcnStgxu","80w2+ziydFmo8nC/Y7KDw9","81xK3wH/JBWbprwJyg/wdM","84mx4uCWRLz7FlFndODsTh","846WdZ50FPYI297Evf1lT3","86bbYGPFdC+pz+uZFx2t5r","87wpGxa3ZOf5KzuBqhcHZ9","87xZ2ZtmZMO5X3T3412NK4","88ORRGA2FAQICuJeBJoNLT","88mRZnEVZH2Jc6+vhKwFqD","89D1LjS3VOUp/obLJsn7M+","89h6e7BxxNFppFJ6rG+Wfw","89zrMwkL1F5ZFIU5/b51x0","8aAzVjmcxEgZKr5vWccseZ","8aecDBEp1Mxa6rTdLGcvt8","8bB/Q+VrBOJ7JuUyVvVLC9","8bqmZuWIlHAKuRYBbcHI5Y","8bz2V/gDpBj5mSD3PBHQFr","8b1opqtq5IvbOlj0JvDEyR","8cNxtt+P5Pxp/u4yZT+qOV","8ceab/iFtAe7dOg5TRrEMu","8dkFdUz9ZIWrxK2pox0Frz","8dqnd2vhtBmKewiB7PU0mv","8evn7QdIxL4IiWG9WjSHkf","8e/X5LPAZPAbkeXl/2h7uQ","8fzWYvryhHbY2YpJl5zzf+","8f39I87URA3743OAIfDpe1","91HWH+MShFbr0dKHXIIhnA","91kdPDtTZNSZ5VXu7EXglK","92RiporkZLwIpTxrUXzGW0","93Uvf1FPNNDb5S0TlSRx6c","93tD+F0lRNELRp0ndynmc6","942lqcSl1Cnaa/Fa/yWila","9452DAW01CDoNsBESlCv9B","95PiTW9eJGLIHuFbUQoGAc","95TBSz4dlLFZ8Y3iuwKcIX","96caYW0VVP8LV70IhVv3Qy","966yBpZl9JAI9LxYUN6hQz","99K1Z2amJLd4zArgcrkrZ5","99UyBfYO1JLIXSEMo1FYcQ","99hRAUyCNMIrqqprvF2Vm9","9aV/QhfZdKEoOfTbrXgCS5","9aabaxMwlK8ZBeZ2gqUxgM","9bRAk1+AtAla4HTfvwX5G+","9bkQEQkfNGQ6tLFPFfZ17R","9b3REzZ/lF7LMjOcLC7bac","9cd+l+yrhHpYD9y6OMkani","9dIwIZcnpCf6jsySoPfHva","9dYX9pQL5CA6V2O/E49uLp","9e0ewapFtGZoISRVie1lJ2","9fb3qZgK1EcaApRap1IyxS","9fvB6Xgp9CvbKr6dcSYKye","a0wmWw/J5EA6Ua5D4fyyN6","a1KDHVRhlCqYu5Ns2IDmlM","a1VET2+0JJ74AAqOBEFMQL","a12MKfYd9FB6LiLA43+100","a1+cZzr3JPH6np4XePY5W8","a2Kx6fwkhCc7K1rg6Mjpmm","a2Mhk/FhVFno+MfbvWBjmO","a2TG/N5WZDnpsVpdUe1Oxp","a2orvdZeFPTK7eUbd1gczA","a4DGS23v5BMKvNpwxZAaow","a43Rb+1Y9FBpZ241m8ZGcQ","a451nErXtGwq6y+kaCMju1","a6Mtf+G6RKhZM+UtgaDwEG","a659zvjcNCOYRut+w/7vP+","a6/EVFKi5A1rHz8+IzoDQ6","a7JNFW5eFJuZvPG7/CQIts","a7UBrzGWlH2ar0Yj1mdQl6","a7qyyaIsVO9InqFAGPXIZ+","a94BijuSdJ+rwFM/tKqZEO","aag2ZEAWNK97Z9bMdoyy1B","ab9T0GHJVIVZZuavTZmtXS","acEv1gVDhLDoGNF/rOWk/t","acZjN+XEJO9aU+69DuAibG","acywb7CxBIL5NClAgeHSxL","ac8H9cX3tL5rrJim2pddDf","ac/aOI7EhNSZIouXPEgvJV","addXa+K8pMRbCn/lBMiTp9","aeHE8Tk0RIroP1GeRV8BIe","aeRQpNLlxIw60jJKLCWYe3","aeTfyownZKCrAXu/EQ1+UR","aeWDe7oslGE7wNij5/5IS1","aeYFQlcahONYNrT2jZpbUx","aekxXYOPtCqbjCu9mxhf8+","afDemMdRdInq2Rj/3iSng2","afLfRUXtxAFpHxkSpFp0tV","b0Vvy50y1CUZJSOrzSprOG","b09Rf7kz9Cgq0xGRQzesjT","b1HLiQuZ5AsJaxSZL0UAww","b2skISGOlM8opkqUwZXdZY","b3iBIsTNhOz6ptcgaZ+ZZ6","b4DWy99gdALIjFi3lUtBPl","b4TBC29gJLpbMt6Il3KxMY","b48UCEoTRG2rBwEba26O7O","b6U2Sb6MJGHIT1Ua7JvmHX","b7KtTDlLhFiYJILqgJpfTt","b7Yb4qF4NEZK9Hd+kc9+He","b7gNgSS6hKmo+5O+90YiqF","b7s9brHptICrLql21dzDCz","b7vbAjI5JJw6nmw7wiR7sX","b8MZeTKB9NTJZdrL328HSu","b9CoOaclhE0rZw2ychljYj","b9DMVVz7JMg5jG699h64LJ","b9Q6jt4AJD1qKgl5LJLg4W","bao8j3ZzZP/a9UQjVcK9Yo","baxTp2wRpIFau3iGJyeeSh","ba541LiIpAMpY5ChY+kWAW","bbLdxYIj5JiYydQ1jTN19b","bboqGarTxDK7etFUnz8csj","bby9QBQyJNT4uTErPXbBhT","bcQS2GCtVEAb9DhT5ARDLv","bcQ3yZGUVC0ZQersSxQfjC","bcjWr/4NdE1ok8bbYXmkgz","bdrcIH6L9I7Ke6VhB8dQBz","bdyEOnLxdObopHOoK4rzFo","bd+/YLqRtE+LiZAd5l4ieQ","beisDDAshOIIYFlSuqXljf","be6wLBdPhKeKgbLMasxshk","bfyx3HnhlGPYVUI4Y2NoEW","bf4Z1041hKeZTFc7iKvzJf","c0ZToNwQlK0ZaMdXTdfCOy","c0irl7LU1A8rq71I1TP4Z+","c0jIMQyEVO/ZwAyurBg2iX","c0oDOgrhtENom8qh03v/GP","c1Eu1rw+tEh69GCEuwfLVO","c1Re5Pa/FJJYSBN/n5uiZa","c1pDD8sAJASomNJZA4cI+Q","c1twSPkhFJM5c3T8MQtYwy","c145EI1lFIZ7TI8d6CBy97","c1/9gimkRHh7M6xntchPpU","c2cWGaTJlGQbzynAZUvVVB","c3mBdKieNOdYqKiQ1tjj4q","c5hepRyApEuYkvJFwXG/5h","c6pC/pRShKlLXY7hOPtcNv","c6ueaDwZBE+4IGOapxthge","c7FZGtoJ9DD5A0f9yAZcJW","c7Jvl0/KhDYL0EJqI/rtVl","c7Lqm4v7tFbr3o+5C0O2y6","c7bzNwLBxDC5YrmwPUCVmu","c7jE0SjZZCVpeFF03Ern8i","c79aVjT4FFCLrdsV2QkmmY","c8VFfZ2hZKdr6k5KMXybOx","c86wq07o1Nob9QNLQlh4B8","c9eTQdfMpDDof/JpQ1m5zO","c9xRsarHlIh5AT8TXESEcg","caSY47oMRE2pA1UyKvfLGM","caX/ifRRpF2LZPM5ObDupq","cakqghgXxPTbx1vcxTvdrq","cbctfFhPlADZdxIrWGRGfZ","ccQd2+r2VFd6Hx/+mVl/b/","ccUIOel6JOpoWmoDnLuZna","cdQOvNK7BPzY9o0iEK4h7T","cdxpdE0dNMHLIE3d3iQq0X","cfocbfoEpJQJde9uR+f1h4","d0ZJATEVdBWa34V9+8MvOY","d0ZTQuk5JFEKy0TPmImOpo","d0mIC/VaBON57PXrqyUL+8","d0/VNShvJEfbjaq5bKZWzQ","d1D1+Sw7hD8blRCFxfutei","d1HNwMTfNCVa6NM1p45xaB","d1H2W7JDZNE7l6z3+M+3KF","d1QARc7pdDLZuqiB+hFfp8","d35caWRrNFWZQUPuTKIhpB","d4QuQzZaFJqIYN4brB2rpA","d5VtVmTSlCm6S+zToyQnxt","d5zyCryKVG+LnSvbYGt0Ui","d608qFRoFHwbXd0Dap056i","d61eb06kZJPbFaILRKFUMc","d8HsitJHxOYqo801xBk8ev","d8P3p0utlKkqrTlOcFuWow","d9NXq1zy1FB5IgHl7L/sAl","daQO4TBD9DHJ+3fGFs+74P","dadU+xDmZE9Io8t4yLy41n","dak2YkCP5PZ5xG5H3jwWXQ","dbK2oaGPtOPrh7ftye+0m7","dbQ1GBEONGlJgfnfgWaVjJ","dbc3qfm6tHR7yYrm81xNaF","db386eBSBFoY+StWWYB72t","dc2pIYim5LJKouEWRu3s27","dejHznIN9HGqDiM19sGLOV","des3nSHVJHq6lJRib62T49","dfbsaIQpJGoIPH/KkCImL8","df82AwQdNNYaZp6o/34Ncj","e1CWzUiNZMLIcuda3iS81K","e1GVMUQeNNOYBzfMbEQjMd","e1Lt5vDihEJp5kDs2Xfmpi","e1mO3BO45IcZk76lXPvo4j","e18Aa8KYFMU49V0E9Lg4Ba","e2CZruep5BbaEqrsHQn0sE","e2bvpwZedIdp030rWGRs7M","e21uPXzCVEOoHLZKYAh0oa","e291e1w/ROX5xwgOshW22f","e4GVAXjfdMlqT557J44j1p","e42hgNhu9Am5EegNDStSEh","e5Rfs9I0BJi5YhND+awTgT","e5XhE32sxNzbklQzAKQs+L","e51keMYXVLkZtDUmkD3VwD","e6F5+bOHpDAZanKxLDrbzr","e6OsAq44NO3Y5087FQOpU9","e6i42z2mpEK5aV42UaksPi","e9VDwEaoZOvKUxRoLfTXY1","eac5SIcpVBMr3p6jE66uEh","ebVWCTLW9Gk7jTKfzovG/m","eb6HHTtH5FZqL4EawUUrHj","ecji32ltZE64BjQqGvEba+","ecuQrGqxlEIqlOifqinKGx","edYnJ1pIZOd5qtlqxjf/qN","edkaQLKI5Ba6Yo9Zya3MsH","eem15XEDJJnZY8olyBnLxw","eeoPrjQ41B+JQnXjtLblXL","efLwiDZF5Nj64dNhvC1w+y","f0MdNXMKFCGrlIxweF0COi","f0ZPJW3ANBB7K2GhgydZsB","f0yLmW2R9BW4MFRgTHgJZK","f1toS5CMlPM6neHFY+DGbu","f2uGHkPOpKFL9olrKXfNZb","f2zDnuYbtPeLINKg8Sl0o7","f3Uup8LRtK3LUagYkXdW0p","f3fhp2mmtPmIg3o6PSWO50","f3kTAjE4hIM6FBslLFm6e3","f4ZTf0plZDOrjAcH+o/rT0","f4fsxkqExJfqmio5gP3j0y","f40R0laEVHjKwyEyW28zk+","f45FpM0FhOxoOlD9/+0sgW","f5M0hDdiRB7JBM+pYQMarA","f6FZaaXHNFRbRw2/FFlDAV","f6hP+Z+w5N2YQLLl1Rukbq","f7quvCl1lOYYy9c9eKPPjj","f7wGTI5A9JxphBM/qjGOw/","f8d9nR02lP9bnuI+nfOsbw","faCS0A+bRA1qkyOxkHEfvj","fa31ygQipDrpg6rjCqm+7I","fbc3EoQsdJ0aj8vpb7eq/M","fci+ISsedBpacl4mRu/wcI","fdcmldD5lO7LCJ23kONP5V","fdjQ7XfnVE9YPPjxHbn7c9","fd5ix3akJId5tF/9nnu7Ft","fd6Eh0u8dMCoc4yl6PQHV7","fd6sTUbLVEUrtRH4DHOjQL","00AGvpp4tCJLTIOrMfpuje","00in64ifFIUL0A+uuR41ez","01T11Dwn5D3JY5N8xGsqNN","02delMVqdBD70a/HSD99FK","03tY9M4jNDSZ4PbMJ1rGk1","04MAtKlGJACoQcu3hpjVdN","05iE/FTMdLM6ZvVThkIdR9","051XdnjzRHR4W33DbWwF6f","07EvErJApIv76VGyYv8tog","09B+SPQ0ROTYe+RLAm5GWt","0buaJl/ZtOQ6yUNzs6OgRf","0cBAfR65dI2qEtDGLVpAv3","0cnH7m7ERIBoQooLXSMGz7","0crRuHQu5Ly67ZF6B+Yk/m","0c0NBanHtPJZpEXZ0S8dTb","0c0g7dzatJiKh3N4nZJ7PD","0dlXOvHGhKz6wpT6grXJgL","0e+R2GazxBGLhB0hQbuqMa","13CwKXXMNH74Zs101GBdZw","13R5VcNy1MQpDjT38iOKYO","134C9jgExKqrCgRrprrPlr","18un8TyR9N/7Re2hhm3qB3","1aZuv7CHlLaJ6HQ9tEfDi6","1b7nClr7tGJbGtsa3y78EO","1dMw7nMFFB/Jq9P7ovtB4v","1e8Twp1ANPF48tC4klvvI5","1f+A9tGAlFNoMN9XbVKiu7","21Jw2rSo1LUYTKBKqFzK4V","24UJ/Gg6tEjonAb/p1uUBA","24+t+HCSlHmLXExQVb6OcW","25qaeyAdRP3KieBra7aE9v","26J2jtj5xJgp5d6w0kC++F","26t8dcIORN0YfQ0+3y8e0L","27nM6XsIFPvbwXFcd89cKw","27/CtJ/CdLpJWQHKKKRrhA","29FYIk+N1GYaeWH/q1NxQO","29pP7xYO1Ld6sNZuq88kHG","2aHZVLPpBEhIVd/QBO3o23","2dJndVGudKRYtsTc+jzFsx","2dbtG0vPZMZ5NcbqE5p1gk","2ddWdgrRpOMLwJUF9nFmrC","302cMNampAlZTPByULyYDw","32nbUJ5kdCdIdWlf6dBJeO","3213AklVJMsKD0QcR4weSm","33D7WpKYFI3oxYGBSx4Ce/","339mdjK1ZAIIVNskh5BXZl","34L3jnimVNCJyTh9Ucyycf","34bvzzjw1GjoS2WUO1+eBp","35ewd8J+5LKr0qCqBESlXg","39lidBpDFGiaSSYU+xSFFH","3aO5xWDFBICatq1E25FmCX","3ae7efMv1CLq2ilvUY/tQi","3c35OQND1N7LuxvhjE6Xqb","3dTLqRDj9F4IyNMAg4HbLn","3eVHrMintMmJerda524MoN","3f+RNQoVpAGIg8Ttvi5J8m","40js93xGBPr7Yg2wRgAKUY","405BLkS2tAO7yR8/fAHAfc","408aoF+CZFSI2aim5snAA1","42gB24lnVGEKambNItbGAS","47ThH0cpRLaa4x3bQsj1uP","473cGudkVLl7NEz99UCS1U","487JNKWLlAjJDxHFyFyDvx","49AesENOdHRYSZ9UYmqIP2","49rF122YlH7ZqsQ7ZKrZ59","4bI0limydOU5DpdsVPFwb2","4csFK+CutImI5b3TqfeX7q","4dIc4QPwdLAJjowzzLuc/O","4djugZpb1DBqltY6aZnRtZ","4eAaPq/5BHRpSXc0p8BaAM","51cTurln1EKJsYG86ZBxT5","51pOYjHoRPKJW2OHsMl3TI","51wEu4GrFJ/pdwoKtHvKrH","52vrEEEFlFI7sHdrpLO59i","530DSKGSZPF5A/RDv1FPDx","533IR/0llD8qLQeyBooM2v","55DMuDHZRPUbKlbzZGdaRV","564FZHCI5C3L2zgbJCrJg9","57CaCxnRpNTaY8pOnQAOkI","57WaSGAkJHbYATykEtktHV","591cbH39ZCM7Y4fvq5OHbX","5cO7kybDxGj4ipyMYdRYZB","5cwE1Y775NM6WOF9S9l6gy","5eegMXXcBKPpaSkbbIRH6a","5fbMZGCcxOvpCOPxgJ8slu","5f5dyqtRNNxaFmVzYns6FZ","61iX/6TgZEK6TbXT/XUEJj","62KlaSek5M8Ll6FqPpUvrH","62Y8ZRjmZCCJeBgfpjKY9a","62sOOPfdVCM4TQLfnIi9yp","63rHuwskhKhYc3FBv4cPdi","66ITApauhHWIEYN0pjur/f","67Dp/e4qJDWoTAkI0ljfcH","67tn9ErQNKrpqvTPiudZ7Z","69Fgzj9HpOIYAKinNeYgo0","6bFdKW6NlFQJuA/w3MWoMC","6biY40wz9ATqa0hw4WZVbG","6fRchdM89JjaCCRNpevO9v","6fTU+xENlKc491QffeP1Eo","70lkGaV7NCZL+nrYKftIUI","70tnMIOTNDoKw3Deuxfet2","71KWTufsFJEoHZvoOo6pK8","73STurnftC9JFHKq76x4g4","73nmDboEtLhahN56QqbqeP","7322QAmVxDoKYkyOA75pl3","74f9sT01hKhJAB1fNN7r5s","74ug/ysftA/ILEizkvv1Mb","76pc75XNRGloB9LqTVpaO2","7aA+tc49JMnLyz76CJvJhi","7a/QZLET9IDreTiBfRn2PD","7bPkyRhIROsakQRx42jaHq","7cytJVG+1ArbmX3cExBfhb","7df2tBaE5GAouRZp65JSAz","7dwcKgPNVMeLT2FQHlwGGD","7dxQUV6x1Nu5zPsoxD0tOt","7efQE7hnND8KAQcowW0hIX","7fcgSnontFfJblyqt2NqZA","80CxgCajtFyota7svvmLYG","81Jc+1vXlEGbhHS0Nzkx/x","82NM93H25HBY86ec1m9aDe","83i5D448tOD47CEr8fublO","85vt1GgSFPYql1tig8jTK/","86LydgdwhN6riUYOOxJCE4","86v65vZStMrZRPstrby5w2","88MIFr+BRLroYVicAFoqw9","88M7bZSodKYIERkyy/pd/9","88VfbFI6xCQp5Tc/iJiaNG","89QdAovTFL0KJp06OOd/rb","8aFYwNGKlELJdMImZ9i2yp","8cUaZYdylCw6TgWNhiomFd","8ePzNYTotF87gsQUOLdAmP","90WyIPW15Ag7CzSbFupuMG","90xkZSWapFSIxcf0sHkbwG","92lahOduZETao9w5HJh5nG","93PY0W0UBOqqoJ3cZVvvd9","94IOSF+lxIsp6xBA7Vzo4I","95FKIDjz5Nhovd5HHY+XBb","95IoYWk05GqafBNX7pZ2Si","99Y7FpaFFATrFktpo/7zEl","9a2sOMbAhM6LPJIrrERZ7A","9bZBfXD/VDyoDuHIRVUkLq","9bvaMerUlDyary99mJa6xp","9cSOxn0KpNTr+M9N5eiPC0","9eqfCkMKdGO7mcpHyVn646","a0ao9hUAVD9apv8yqKWkdE","a0cgH3d9dEzbyts/0U37de","a1TtqFMexO5JOOOHwZJBe0","a2MjXRFdtLlYQ5ouAFv/+R","a3CHllNa9OC5lrBL8+Rj6p","a42xcvArZNn5JJvlEza7qQ","a9Ay8Y+05DmbuxJkDqJI7w","a9Ktem6ZdORoQR2pdodQ+4","aaRuo0J8BDLoPq3oIX+BaQ","abBdGnJrhM4LCyDoLZM8o3","abLKY3xTdNoKe2rjed+gWx","acbMx9ZHlBUI+dQVn2vwje","aeotz1rYdB0Jtpq7wQ9rUw","afVDGMWxZOwoHmoxCkyG0X","b1RIrlAbNNypt1F42G9zC5","b2Y75/r0lPMoYTwNwmRTPq","b30KESiEtMk7JxQwSkBjJY","b4AUkSEN9IH54XdgSGjSUC","b4dG04p7lPopaY5b42XkXH","b5K/A0fsNHxorT3eJPllXm","b6PYYEETJHEq7yzOTWYCln","b8BBXg8t1A37XZDJ14bAU7","b8mVfU+YlIT7Pn4k1S/c8p","baugG7vdFIS4z23jsobxtG","bbsROnL95PgJVEI1Eh9SvP","bdu3IpbOFF7KrlxxdlG2Dm","c2O6v73ihP/ZtxopbU29H+","c2SjqWhYFFaIuRsXGzEsHK","c23ae9juJFkaNryK6aBOVk","c4/5A2AyJD7IilK8R05NG9","c5YMCHaqpFCoMk21jrCjuH","c5oA1nPIBFEJKtG+VKaspu","c6KlrCvg1NR7G9Dyxd4eg7","c8BHlNRYpNNIEmsoC0EigF","c8LiGgaGpA5rnX93DcoS80","c88q3LlB5NWpt+p2sTAzRT","c9PjN1Ph5C0rGkyDA1Fd8P","ccfaBLa/RJTKEhMLSTkCLr","ccnu8mCbZPaIIMZlPynit0","cdNL2/zzxFao6Hsp3px4+T","ceSC7rFsJE84NQczNmisLu","cfOYFUqcJAU7wgu9zeJJZr","d0/bK2OiZOhoGArJWmJfTW","d1uBRI2CZIvKBq8dMXvdAe","d2rCyoJhdPcol9hjJtQnSv","d8bJH5c91EnK/sbE0CoK+Y","d9/9TKCLZA8r0cw/ZebjSA","dc7ECZSE9GppwpBc5IcC4k","dd9n/ksR1D8oKNoB0f8Vwn","deE+iZ6ClNaKKzHN0/xyej","deFwoxAw1GdZsa9ICf1red","dfERAP56NArpoWwk9Nx5GL","e2SpWBpalBNJp2MSDFgJ8i","e2W73TadpHn7t0Vs2Y49q+","e3jmQcbjRA36/EQyDFTBx2","e42srEif5JPL2PezL7k26Z","e6Y5V6YmZEjKYwu98+Zci0","e7q6FL+VZEgLJUjVeDLic/","e8BHhMKj1OPY4/6N8RfIe7","ecNNc3HphFwZuZT0ml12db","ecpdLyjvZBwrvm+cedCcQy","ecvfOg1LBInrI6Y7j+4Vue","eehYmpmJBMw4q5eYsfY4n5","ef9cvVB09MpbowOgT8RjFV","f0tRLOx3tN2K6oqiEHoz2y","f2Tvii11xLU4OfpgHINrJl","f3PGLZS99IUL/qF6ZVEOis","f57ZegAc9NhKUBjHpgio9f","f659qWdPxInL8rXUhRIMZ+","f7u8Oww7JCz7tTZyhRF6k0","f9auQNMhRHNoO8XEAFKhSh"],"scenes":{},"redirect":[207,0,728,1,765,0,776,1,812,0,834,1,517,0,629,0,929,1],"deps":["start-scene","internal"],"packs":{"01990e99b":[726,729,743,750,764,779,787,869,883,904,715],"0212873c5":[500,663],"022b981bb":[740,770,826,914],"025e7aa62":[818,535],"02641af50":[735,741,760,790,795,815,816,829,895,628,905,926,932],"02859dba8":[269,774,870,935],"0314b5b53":[206,0,208,209,1,2,217,3,4,219,5,221,6,223,7,8,227,9,10,11,12,230,13,14,15,232,16,233,234,17,18,241,242,19,20,246,21,22,250,23,24,25,26,255,27,257,28,29,30,31,259,32,33,34,268,35,36,271,272,37,38,39,40,41,42,43,282,44,285,45,46,47,48,289,290,49,50,295,51,52,296,53,298,299,300,301,54,302,304,305,307,55,315,56,57,58,59,60,324,325,330,61,332,333,62,63,335,336,337,64,65,66,341,343,347,348,350,67,351,68,69,70,71,354,72,73,359,360,74,364,365,75,371,76,373,374,77,376,78,380,79,80,385,386,388,389,391,81,393,82,83,84,398,399,404,85,410,411,412,414,86,87,416,88,418,422,424,426,89,90,91,428,92,93,94,95,431,433,435,96,439,440,441,97,98,99,100,445,448,101,102,103,450,451,452,104,453,105,454,455,458,106,463,107,464,465,467,108,469,470,109,110,111,471,112,473,475,477,478,113,482,483,485,114,115,116,488,117,118,119,490,120,491,493,121,494,495,499,122,123,504,506,124,510,125,126,520,523,127,533,534,536,128,537,540,542,544,545,129,130,131,132,133,134,135,550,136,137,553,554,138,139,140,555,556,141,142,143,144,560,561,563,145,568,569,146,571,147,575,148,149,150,151,584,586,152,153,154,592,595,155,596,597,156,157,158,159,601,603,160,605,606,161,607,608,613,616,162,163,164,618,165,166,167,619,621,168,623,625,169,170,631,171,634,635,172,637,173,642,174,175,645,647,176,648,649,650,652,654,177,178,657,659,179,180,662,664,181,182,670,183,674,680,184,684,685,185,186,687,187,188,189,190,191,192,193,194,694,695,697,700,195,710,196,197,198,713,199,200,201,202,203,717,204,718,205,719,722,723],"036c2a317":[756,661],"0390c6cf5":[566,624],"03adf2cf1":[326,328,505,578],"051f8461e":[747,882],"055189934":[817,864,884],"05742d1cd":[732,746,306,794,836,873,918],"058f38a12":[312,512,526],"069e4b0fa":[831,842,874,876],"069f8e291":[215,820,472,702],"06b692b60":[802,527,890],"072345815":[752,432,858],"073ba4e7e":[519,921],"0790d8219":[730,753,768,772,777,784,798,801,803,804,403,813,830,839,852,853,860,861,878,886,909,928,933],"07dd49d50":[761,805,814,489],"07e17ebec":[824,848],"07f24aa2b":[792,841],"0809bf8e1":[751,513,877,880,907],"080f816f0":[888,930],"0872034b6":[736,739,293,775,780,786,849,859,892,899,901,910,919,927,934],"08b73d3c5":[763,788,789,898,920,709],"08e1f1012":[213,240,748,762,320,369,809,862],"08e8b01c1":[725,767,318,819,827,913],"092e48310":[737,785,811,867,887,594],"09a0025ef":[825,459],"09f6a5b10":[781,352],"0a6088a00":[783,655],"0a6e1bc60":[310,392,644],"0b6bd23c3":[744,754,799,800,843,857,875,916,699],"0b954c2b0":[224,549],"0bfbd7cfd":[492,896,923],"0c9e74975":[541,893],"0cc3bf842":[808,417,822,832,917],"0d1696fa7":[727,262,758,759,793,806,810,840,856,863,865,868,871,879,897,902],"0d4382040":[821,900,671],"0d659e297":[314,406],"0e18a8243":[400,854,507,508,546,565,567,658],"0e266936a":[317,355,885],"0e4e50c2a":[502,889,912,936],"0f089b35d":[745,757,363,937],"0f27dde2c":[288,321,419],"0f362b9d0":[731,738,742,769,771,791,797,402,823,828,833,837,838,845,846,847,850,851,855,891,903,906,908,915]},"name":"resources","importBase":"import","nativeBase":"native","debug":false,"isZip":false,"encrypted":false,"versions":{"import":[210,"a2db4","01990e99b","833a8",211,"ca5a5",212,"fe143","0212873c5","1ba41","022b981bb","40e2c","025e7aa62","b875a","02641af50","34db5",214,"d8c26","02859dba8","a2354",216,"8c294","0314b5b53","340a1","036c2a317","f4b49","0390c6cf5","6a14b","03adf2cf1","a99f5",218,"335c4","051f8461e","ac014","055189934","6a99c","05742d1cd","d9a6c",220,"1bc1f","058f38a12","66c0d","069e4b0fa","e12f5","069f8e291","2e605","06b692b60","cca3d",733,"32a0c","072345815","fd053","073ba4e7e","8e5f6","0790d8219","c74a5",222,"94d03","07dd49d50","21ab0","07e17ebec","91b9c","07f24aa2b","01deb","0809bf8e1","f5de2","080f816f0","806b3","0872034b6","46126",225,"3cbac",226,"3bd1c","08b73d3c5","6990c","08e1f1012","a39af","08e8b01c1","c35c4",734,"98fa4","092e48310","46f32","09a0025ef","ef5b1","09f6a5b10","124d8","0a6088a00","9df9f","0a6e1bc60","32ed8",228,"0a01c",229,"f0f12",231,"fb6d9","0b6bd23c3","4bd12","0b954c2b0","3c0dd","0bfbd7cfd","9577a","0c9e74975","33697","0cc3bf842","f98f6","0d1696fa7","7ab75","0d4382040","38f60","0d659e297","ed9f8",235,"22396",236,"54b91",237,"186ff","0e18a8243","1ddcb","0e266936a","64e6a",238,"4edb4","0e4e50c2a","82012","0f089b35d","826e7",239,"4dff3","0f27dde2c","e5da0","0f362b9d0","b9a79",243,"6b3bd",244,"41f07",245,"e89c3",247,"baca0",248,"01597",249,"ba9f7",251,"bef9d",252,"a50ed",253,"faca9",254,"4c329",256,"862e0",258,"9f6a2",260,"608e4",261,"18cbe",263,"cc116",264,"b706d",749,"d4147",265,"c6224",266,"4e734",267,"c6364",270,"1c722",273,"ce872",274,"f1ad0",275,"c5d43",276,"48a24",277,"3cb0c",278,"a7857",279,"07168",280,"5187b",281,"f72e8",283,"1a6ee",284,"e5d35",755,"506f0",286,"cec33",287,"b2405",291,"16d79",292,"11c47",294,"711f2",297,"070da",766,"93a2e",303,"e0f6c",308,"1d90d",309,"d8ece",773,"9aa12",311,"23ebe",313,"a761b",316,"39886",319,"6e471",322,"bf07d",323,"fd7e6",327,"28a81",329,"6f5c1",331,"8c220",778,"11568",334,"c6e5a",338,"f91fa",339,"78f59",782,"952ae",340,"b71c9",342,"3ae63",344,"e5c83",345,"f2c1f",346,"c2222",349,"b18c0",353,"9ddd6",356,"ade2c",357,"b8316",358,"b98dd",361,"c5dd7",362,"ae508",366,"2e70b",367,"078a4",368,"d9ce9",370,"38909",372,"41320",375,"d0499",796,"f7727",377,"96624",378,"be2de",379,"5d4fc",381,"fc18b",382,"5969d",383,"1a9d6",384,"1a64a",387,"98df2",390,"f2d5f",394,"4e06d",395,"bf5ca",396,"8d933",397,"ab56d",401,"f86e2",405,"a2010",407,"57089",408,"209c6",409,"fa976",807,"6b0fe",413,"50132",415,"34602",420,"2d5ca",421,"88a15",423,"3575a",425,"3fc59",427,"243db",429,"319d8",430,"eca35",434,"48020",436,"e252e",437,"6e2cb",438,"f0099",442,"f2f65",443,"11c47",444,"c30db",446,"2bc46",447,"7c002",449,"5a7e8",456,"d6d5f",457,"d3258",460,"91a6f",461,"7c62c",462,"65fb3",466,"6d9d6",468,"2c65a",474,"c73a3",476,"addf2",835,"1e37e",479,"fdba9",480,"b5939",481,"bd80d",484,"ed6c7",486,"fdbf0",487,"4f4a7",844,"67fb6",496,"b304d",497,"b29b2",498,"d965e",501,"520c0",503,"37737",509,"23bbb",511,"963db",514,"ad95d",515,"524d8",516,"74271",518,"117b3",521,"2a1c8",522,"75a8d",524,"cca5d",525,"03851",528,"617f9",529,"33814",866,"95264",530,"0d6fc",531,"3df83",532,"dd877",538,"244fc",539,"bda15",543,"81e71",872,"43d76",547,"817fb",548,"1b051",551,"ba032",552,"0a708",557,"0705e",558,"84757",559,"286ea",562,"e7351",564,"3ed91",881,"915b2",570,"6db97",572,"036de",573,"7b340",574,"22025",576,"be322",577,"2f771",579,"f4dc4",580,"c7430",581,"d30d6",582,"58b93",583,"8bec7",585,"95ad7",587,"89e1e",588,"3d83e",589,"013e5",590,"b3e49",591,"3c98e",593,"18a16",598,"b8ca5",599,"dab21",894,"6e62d",600,"8250f",602,"15974",604,"279cd",609,"2cc95",610,"92852",611,"a188b",612,"c705e",614,"9990e",615,"fb566",617,"eedd7",620,"7b90c",622,"d7ffd",626,"45311",627,"5d617",630,"0faa3",632,"ac695",633,"4b7c8",636,"0b024",638,"4a66a",639,"2519e",640,"4c83a",641,"f6294",643,"b8eed",911,"d1e98",646,"d4775",651,"046cf",653,"ea702",656,"23da3",660,"f854b",665,"15cfb",666,"29308",667,"84fef",668,"0fd09",669,"7cfaa",672,"1b97f",673,"4b57c",922,"d2ce9",675,"727c5",676,"16aac",677,"6d05d",678,"a46dc",679,"d80e6",924,"dd961",681,"3fb4d",682,"65e25",683,"c7251",925,"29348",686,"c2944",688,"5d73a",689,"941bc",690,"8ed88",691,"16241",692,"cc80c",693,"2450c",931,"3daeb",696,"ecd14",698,"b54ac",701,"f3bae",703,"e5190",704,"91f97",705,"d4cda",706,"030e1",707,"28448",708,"d6aa4",711,"0d80e",712,"dbf0d",938,"198b8",714,"ef853",939,"d7a8e",716,"6e675",720,"ee32d",721,"274ad",724,"f790d"],"native":[206,"278f5",0,"a0786",208,"d8675",209,"a73db",1,"afba0",2,"4739a",217,"9b8c9",3,"e62cd",4,"332ee",219,"0e0bc",5,"394db",221,"cbd86",6,"41b61",223,"cf6ae",7,"7b5a1",8,"c8449",227,"3de80",9,"9faac",10,"f30c7",11,"d0c25",12,"f5d76",230,"f4db3",13,"c3ff0",14,"a479f",15,"badf6",232,"21cc8",16,"5d851",233,"9959c",234,"759be",17,"663e1",18,"4fe09",241,"5cd98",242,"51d4d",19,"eb965",20,"73b59",246,"31a6c",21,"49a67",22,"de5ff",250,"55e2c",23,"3421f",24,"47555",25,"68f11",26,"bf478",255,"9b035",27,"500b5",257,"294d0",28,"bd2d6",29,"70f30",30,"dc273",31,"fb467",259,"917de",32,"419c2",33,"6cddb",34,"e6b1b",268,"997c9",35,"8c90b",36,"ef1da",271,"e5969",272,"73cdb",37,"de5ff",38,"ea958",39,"32880",40,"f4aae",41,"dced1",42,"a4942",43,"e7276",282,"d7ab6",44,"cc0cf",285,"403eb",45,"f68c5",46,"36622",47,"6199a",48,"afe6c",289,"76b10",290,"d179a",49,"66889",50,"bae30",295,"0204f",51,"c1842",52,"ab548",296,"87fc4",53,"f86a0",298,"848e9",299,"bdac5",300,"c28fb",301,"50413",54,"e4e67",302,"087c1",304,"d0729",305,"13f20",307,"2d14c",55,"06f78",315,"6e734",56,"d5efa",57,"7c486",58,"9a6ae",59,"653ed",60,"2bfcc",324,"777b4",325,"e09d7",330,"fa74a",61,"ec858",332,"35d96",333,"3c9f2",62,"7411f",63,"3ec39",335,"107bc",336,"dcccb",337,"783af",64,"62edd",65,"5e94a",66,"4683b",341,"bd316",343,"7e5f6",347,"7eb04",348,"659a5",350,"2127a",67,"e9166",351,"2757f",68,"9b2c1",69,"d8f80",70,"ab548",71,"8c21b",354,"f9711",72,"41328",73,"c0fb7",359,"eab94",360,"c5917",74,"08f3e",364,"4da0b",365,"87906",75,"12b1b",371,"20d92",76,"6b7e6",373,"a2279",374,"8fd79",77,"5541f",376,"3b5b6",78,"7147c",380,"eacd7",79,"a2cc1",80,"24e72",385,"2757f",386,"212eb",388,"2ba51",389,"d9def",391,"5f1d9",81,"53d77",393,"9161c",82,"b4e25",83,"ef1a9",84,"56f8a",398,"65b99",399,"f3266",404,"17503",85,"f5755",410,"f1df8",411,"b6279",412,"ab7e6",414,"84f36",86,"14d57",87,"46516",416,"94e00",88,"58236",418,"6d707",422,"904bd",424,"0ddd2",426,"8bcc6",89,"f5af1",90,"d3ad9",91,"f3aee",428,"bfaf5",92,"f969f",93,"05e68",94,"5f02f",95,"419c2",431,"f1e44",433,"fb0b9",435,"30f80",96,"2a5f1",439,"84cb2",440,"7110e",441,"bec10",97,"6f245",98,"95e54",99,"dfec0",100,"dc273",445,"c06a9",448,"e5515",101,"c9469",102,"f5d76",103,"a6726",450,"bba58",451,"f47ff",452,"d1943",104,"685b2",453,"7119e",105,"79447",454,"20557",455,"099d6",458,"ad6be",106,"63b12",463,"e3ced",107,"a69b3",464,"c1b17",465,"4b87a",467,"a891c",108,"3e5c8",469,"2fc42",470,"7b254",109,"5986c",110,"5a3c2",111,"81efb",471,"7d155",112,"81d23",473,"ce7cc",475,"70f15",477,"eb7bf",478,"33021",113,"38c36",482,"b4ed2",483,"01291",485,"2653d",114,"f855e",115,"e2fcb",116,"6e4d1",488,"91399",117,"1a1c2",118,"a1d20",119,"d8165",490,"7f394",120,"c9e67",491,"40f82",493,"7af66",121,"e497f",494,"6ccc2",495,"1352e",499,"f804a",122,"4d918",123,"0dc5d",504,"4f637",506,"a5967",124,"d4dec",510,"0f777",125,"3fabe",126,"ec6dd",520,"13596",523,"f2594",127,"1899a",533,"425bc",534,"783af",536,"6edf8",128,"bee46",537,"45064",540,"b467d",542,"703f9",544,"46eb6",545,"0ae78",129,"8ffe5",130,"485a4",131,"79ec0",132,"662e2",133,"b40a1",134,"c403b",135,"64574",550,"f29bf",136,"d88ef",137,"5c8b0",553,"9f75b",554,"08bfb",138,"fc1b2",139,"b4b1d",140,"6c682",555,"d597c",556,"37bdf",141,"d4edf",142,"b66ce",143,"63b6f",144,"b7cd2",560,"ead4f",561,"69c34",563,"b9e66",145,"daedc",568,"ca78a",569,"eeea4",146,"5b5ee",571,"22ac9",147,"53b8d",575,"585b5",148,"d4bc0",149,"1ab7e",150,"2499b",151,"2ce0c",584,"f8b2a",586,"27b75",152,"8cc34",153,"44518",154,"8203e",592,"ed157",595,"1ed78",155,"c2d1b",596,"1d935",597,"3a18a",156,"6c750",157,"9e128",158,"d75e7",159,"c01f2",601,"0dc5d",603,"98647",160,"b01e1",605,"e43e3",606,"d216c",161,"fd191",607,"15923",608,"a0c76",613,"94b41",616,"b71cc",162,"585b5",163,"da41c",164,"e8545",618,"a92f3",165,"fa38b",166,"ea55e",167,"26903",619,"98b77",621,"0ca14",168,"4667b",623,"ec4b8",625,"af19b",169,"6cddb",170,"da82e",631,"23c84",171,"ba79b",634,"6ba90",635,"f7c7b",172,"b0c17",637,"c31b4",173,"39c89",642,"735c0",174,"5c8b0",175,"12b9d",645,"c2878",647,"70a9e",176,"0dc5d",648,"202ee",649,"e194f",650,"a922d",652,"d55c2",654,"cdbc9",177,"fcf89",178,"79955",657,"e8693",659,"a6572",179,"27775",180,"f0c33",662,"2f3af",664,"6997f",181,"9435a",182,"5d543",670,"b7928",183,"056ae",674,"c67f4",680,"f1d1a",184,"25e69",684,"df8e0",685,"1c91e",185,"dcb15",186,"ab0d6",687,"0e132",187,"cbcf2",188,"a469c",189,"8fbed",190,"2f7af",191,"3dd78",192,"badfd",193,"5274b",194,"0fd9f",694,"d4c94",695,"d0ab7",697,"9219c",700,"c9211",195,"1aaf5",710,"85219",196,"1e561",197,"dcf36",198,"6eefd",713,"cd379",199,"45361",200,"57204",201,"f5af1",202,"2a871",203,"b2822",717,"92a8b",204,"e6443",718,"84217",205,"94e0e",719,"0b94c",722,"daa30",723,"2eacc"]}}