[1,["ecpdLyjvZBwrvm+cedCcQy","26J2jtj5xJgp5d6w0kC++F","a2MjXRFdtLlYQ5ouAFv/+R","bbsROnL95PgJVEI1Eh9SvP","51pOYjHoRPKJW2OHsMl3TI","1ehyBjSAdG+oi9vaPygqcC","dbQ1GBEONGlJgfnfgWaVjJ","c7bzNwLBxDC5YrmwPUCVmu","aeTfyownZKCrAXu/EQ1+UR","eehYmpmJBMw4q5eYsfY4n5","82NM93H25HBY86ec1m9aDe","05GWd30nFD1rnrvWr7BD3J"],["node","_spriteFrame","root","data","_textureSetter"],[["cc.Node",["_name","_opacity","_active","_prefab","_parent","_components","_contentSize","_trs","_children","_color","_anchorPoint"],0,4,1,9,5,7,2,5,5],["cc.Sprite",["_sizeMode","node","_materials","_spriteFrame"],2,1,3,6],["cc.Button",["_N$transition","zoomScale","node"],1,1],["cc.Label",["_string","_N$horizontalAlign","_N$verticalAlign","_fontSize","_styleFlags","_lineHeight","node","_materials"],-3,1,3],["cc.PrefabInfo",["fileId","root","asset"],2,1,1],"cc.SpriteFrame",["cc.Prefab",["_name"],2],["aba50DBtB1KJZE/uXkPlqk/",["m_b_need_guangao","node"],2,1],["cc.LabelOutline",["_width","node","_color"],2,1,5]],[[4,0,1,2,2],[0,0,4,5,3,6,7,2],[1,1,2,3,1],[8,0,1,2,2],[0,0,4,8,3,7,2],[1,0,1,2,3,2],[0,0,4,5,3,6,2],[0,0,4,5,3,6,10,7,2],[3,0,4,1,2,6,7,5],[0,0,2,4,5,3,6,7,3],[3,0,3,5,1,2,6,7,6],[6,0,2],[0,0,8,5,3,6,2],[0,0,4,8,3,2],[0,0,4,8,5,3,6,7,2],[0,0,1,4,5,3,9,6,3],[7,0,1,2],[4,1,2,1],[1,0,1,2,2],[1,1,2,1],[2,1,0,2,3],[2,2,1],[2,0,2,2],[3,0,3,4,1,2,6,7,6]],[[[[11,"game_shoukan_libao"],[12,"game_shoukan_libao",[-3,-4],[[16,1,-2]],[17,-1,0],[5,720,1280]],[13,"panel",1,[-5,-6,-7,-8,-9,-10,-11,-12],[0,"e1OK/Tw4FBb4Jv0NSFI6AH",1,0]],[4,"wuping",2,[-13,-14,-15,-16,-17],[0,"54xHGVZ6tF/oUBPqXACpq6",1,0],[0,128,0,0,0,0,1,1,1,1]],[14,"lignqubtn",2,[-20,-21],[[5,0,-18,[35],36],[20,1.1,3,-19]],[0,"a3VIdVG4JG9rzH97ArAlu7",1,0],[5,320,130],[2.397,-225.45299999999997,0,0,0,0,1,1,1,0]],[4,"1",3,[-22,-23,-24],[0,"edfFgRFWtN34hqPBz0Kf/I",1,0],[-102.205,-176.86,0,0,0,0,1,1,1,1]],[4,"2",3,[-25,-26,-27],[0,"63qInZomBOtbNN2NI7bW+8",1,0],[84.516,-176.86,0,0,0,0,1,1,1,1]],[4,"3",3,[-28,-29,-30],[0,"04z0JERJtFdLYXvok98vg1",1,0],[-119.446,13.62,0,0,0,0,1,1,1,1]],[4,"4",3,[-31,-32,-33],[0,"e3TjR7B/hKt7k4PCQrkQbo",1,0],[86.826,11.965,0,0,0,0,1,1,1,1]],[15,"bk",200,1,[[5,0,-34,[0],1],[21,-35]],[0,"f2YaArhsVAOo7mVKQyYO1t",1,0],[4,4278190080],[5,1000,2000]],[1,"exit",2,[[5,0,-36,[4],5],[22,3,-37]],[0,"f2deJh7sFAnaiWm5dGeHc0",1,0],[5,60,60],[-208.046,317.585,0,0,0,0,1,1,1,0]],[1,"desc1",2,[[10,"玩法首次进入奖励礼包",22,22,1,1,-38,[6]],[3,0,-39,[4,4278190080]]],[0,"3awd/WVU5JF4Ko8E3bM9QF",1,0],[5,220,27.72],[-6.234,254.06,0,0,0,0,1,1,1,1]],[9,"desc2",false,2,[[10,"滑木块首看福利",22,22,1,1,-40,[7]],[3,0,-41,[4,4278190080]]],[0,"8bLqa3Mc1Kh4BaSUp8vK4l",1,0],[5,154,27.72],[-6.652,253.323,0,0,0,0,1,1,1,1]],[1,"c",5,[[8,"x2",1,1,1,-42,[16]],[3,2,-43,[4,4278190080]]],[0,"b3msrQmvtPyZiSbAMjO3VQ",1,0],[5,48.49,54.4],[0,-68.305,0,0,0,0,1,1,1,1]],[1,"c",6,[[8,"x2",1,1,1,-44,[21]],[3,2,-45,[4,4278190080]]],[0,"20VVFINBFDPICHuqzUEPGZ",1,0],[5,48.49,54.4],[0,-68.305,0,0,0,0,1,1,1,1]],[1,"c",7,[[8,"x2",1,1,1,-46,[26]],[3,2,-47,[4,4278190080]]],[0,"535WoaYPlH9I5j+iyMi/bh",1,0],[5,48.49,54.4],[0,-68.305,0,0,0,0,1,1,1,1]],[1,"c",8,[[8,"x2",1,1,1,-48,[31]],[3,2,-49,[4,4278190080]]],[0,"a2gb80G0pA+rDcT+mjMBde",1,0],[5,48.49,54.4],[0,-68.305,0,0,0,0,1,1,1,1]],[1,"t",4,[[23,"看视频全部领取",38,1,1,1,-50,[34]],[3,2,-51,[4,4278190080]]],[0,"56Mk51J+ZOdL9RTHNx9mRB",1,0],[5,270,54.4],[-1.681,5.351,0,0,0,0,1,1,1,1]],[1,"tk",2,[[5,0,-52,[2],3]],[0,"2eDjrQhOJPNJY/xpZk0zNa",1,0],[5,500,600],[0,114,0,0,0,0,1,1,1,1]],[1,"btk",2,[[18,0,-53,[8]]],[0,"ecR7cWZ6hEZZfX4c36anvv",1,0],[5,360,75],[15.961,367.642,0,0,0,0,1,1,1,1]],[1,"lp",2,[[19,-54,[9]]],[0,"e2px+te9lE5atnXaRWtj9s",1,0],[5,262,257],[-279.145,349.268,0,0,0,0,1,1,1,1]],[9,"g",false,3,[[2,-55,[10],11]],[0,"bah2A9Nh5BrbqCGj7yo/Jh",1,0],[5,226,225],[0,0,0,0,0,0,1,3,3,1]],[6,"g",5,[[2,-56,[12],13]],[0,"c4hcpg2EhOsqeEmrQyqIHc",1,0],[5,226,225]],[7,"icon",5,[[2,-57,[14],15]],[0,"fa/6+O7t1E0Y8W5daieLk1",1,0],[5,106,121],[0,0.5,0],[0,-44,0,0,0,0,1,0.8,0.8,1]],[6,"g",6,[[2,-58,[17],18]],[0,"afcE9EmJpArIzR4emIk732",1,0],[5,226,225]],[7,"icon",6,[[2,-59,[19],20]],[0,"30ai46qQxJB5jCM4aH+zcr",1,0],[5,106,121],[0,0.5,0],[0,-44,0,0,0,0,1,0.8,0.8,1]],[6,"g",7,[[2,-60,[22],23]],[0,"b116r+Td9Hoo9nLvZWjjbp",1,0],[5,226,225]],[7,"icon",7,[[2,-61,[24],25]],[0,"85sxlrYCdK8ruWgM5woVns",1,0],[5,106,121],[0,0.5,0],[5,-46,0,0,0,0,1,0.8,0.8,1]],[6,"g",8,[[2,-62,[27],28]],[0,"48VtmnGTpD0LfJqrhXseKa",1,0],[5,226,225]],[7,"icon",8,[[2,-63,[29],30]],[0,"258kEiJdhMKZ7RPsp3mAQ/",1,0],[5,106,121],[0,0.5,0],[0,-46,0,0,0,0,1,0.8,0.8,1]],[9,"sp",false,4,[[5,0,-64,[32],33]],[0,"59s8G/+ilKcpxJ/IZI4HBn",1,0],[5,50,40],[-112.51,0,0,0,0,0,1,1,1,1]]],0,[0,2,1,0,0,1,0,-1,9,0,-2,2,0,-1,18,0,-2,10,0,-3,11,0,-4,12,0,-5,19,0,-6,20,0,-7,3,0,-8,4,0,-1,21,0,-2,5,0,-3,6,0,-4,7,0,-5,8,0,0,4,0,0,4,0,-1,30,0,-2,17,0,-1,22,0,-2,23,0,-3,13,0,-1,24,0,-2,25,0,-3,14,0,-1,26,0,-2,27,0,-3,15,0,-1,28,0,-2,29,0,-3,16,0,0,9,0,0,9,0,0,10,0,0,10,0,0,11,0,0,11,0,0,12,0,0,12,0,0,13,0,0,13,0,0,14,0,0,14,0,0,15,0,0,15,0,0,16,0,0,16,0,0,17,0,0,17,0,0,18,0,0,19,0,0,20,0,0,21,0,0,22,0,0,23,0,0,24,0,0,25,0,0,26,0,0,27,0,0,28,0,0,29,0,0,30,0,3,1,64],[0,0,0,0,0,0,0,0,0,0,0,0,0,0,0,0,0,0,0,0,0,0,0,0,0,0,0,0,0,0,0,0,0,0,0,0,0],[-1,1,-1,1,-1,1,-1,-1,-1,-1,-1,1,-1,1,-1,1,-1,-1,1,-1,1,-1,-1,1,-1,1,-1,-1,1,-1,1,-1,-1,1,-1,-1,1],[0,2,0,3,0,4,0,0,0,0,0,1,0,1,0,5,0,0,1,0,6,0,0,1,0,7,0,0,1,0,8,0,0,9,0,0,10]],[[{"name":"bjk","rect":[0,0,464,534],"offset":[0,0],"originalSize":[464,534],"capInsets":[0,0,0,0]}],[5],0,[0],[4],[11]]]]