[1,["ecpdLyjvZBwrvm+cedCcQy","51pOYjHoRPKJW2OHsMl3TI","405BLkS2tAO7yR8/fAHAfc","89D1LjS3VOUp/obLJsn7M+","a2MjXRFdtLlYQ5ouAFv/+R","3dTLqRDj9F4IyNMAg4HbLn","07EvErJApIv76VGyYv8tog","6fRchdM89JjaCCRNpevO9v","dd9n/ksR1D8oKNoB0f8Vwn","5eegMXXcBKPpaSkbbIRH6a","76pc75XNRGloB9LqTVpaO2","1dMw7nMFFB/Jq9P7ovtB4v","eehYmpmJBMw4q5eYsfY4n5","e4GVAXjfdMlqT557J44j1p","fd6Eh0u8dMCoc4yl6PQHV7","0dajj+k1pMvIer9LcpzvTV","7743D+62xHvKMdLJscE8lz"],["node","_spriteFrame","_textureSetter","root","_parent","data","_N$normalSprite"],[["cc.Node",["_name","_opacity","_prefab","_components","_parent","_contentSize","_trs","_color","_children","_anchorPoint"],1,4,9,1,5,7,5,12,5],"cc.SpriteFrame",["cc.Node",["_name","_active","_parent","_children","_prefab","_contentSize","_trs","_components"],1,1,2,4,5,7,9],["cc.Sprite",["_sizeMode","node","_materials","_spriteFrame"],2,1,3,6],["cc.Button",["_N$transition","zoomScale","node","_N$normalSprite"],1,1,6],["cc.PrefabInfo",["fileId","root","asset"],2,1,1],["cc.Label",["_string","_fontSize","_styleFlags","_N$verticalAlign","_N$horizontalAlign","node","_materials"],-2,1,3],["cc.Prefab",["_name"],2],["d240eJK+olCCbUIXHWPOHHZ",["node"],3,1],["cc.Widget",["_alignFlags","_left","_right","_top","_bottom","node"],-2,1],["cc.BlockInputEvents",["node"],3,1]],[[5,0,1,2,2],[3,1,2,3,1],[0,0,4,3,2,5,2],[2,0,2,3,7,4,5,6,2],[0,0,4,3,2,5,6,2],[0,0,4,3,2,7,5,6,2],[4,1,0,2,3],[6,0,1,2,4,3,5,6,6],[0,0,4,3,2,7,5,9,6,2],[3,0,1,2,3,2],[6,0,1,2,3,5,6,5],[7,0,2],[0,0,8,3,2,2],[0,0,4,2,6,2],[0,0,1,4,3,2,7,5,3],[2,0,2,3,4,5,6,2],[2,0,1,2,3,7,4,5,6,3],[5,1,2,1],[8,0,1],[3,1,2,1],[9,0,1,2,3,4,5,6],[10,0,1],[4,2,1],[4,0,2,3,2]],[[[{"name":"ts","rect":[0,0,75,90],"offset":[0,0],"originalSize":[75,90],"capInsets":[0,0,0,0]}],[1],0,[0],[2],[3]],[[[11,"Goumai_Daoju"],[12,"Goumai_Daoju",[[-3,[13,"i",-5,[0,"88oNXmSP9HcoIiL7ugHNLX",-4,0],[47.293,-383.074,0,0,0,0,1,1,1,1]],-6],1,4,1],[[18,-2]],[17,-1,0]],[15,"node_ui",1,[-7,-8,-9,-10,-11,-12,-13,-14],[0,"81X53698hG3byi5zA80T2Z",1,0],[5,720,1280],[0,0,0,0,0,0,1,1,1,0]],[3,"yuan",2,[-16,-17,-18,-19],[[1,-15,[18],19]],[0,"d2jKZe6ZFI9KlyXpgBZ+vN",1,0],[5,168,168],[0,185.309,0,0,0,0,1,1,1,1]],[14,"bk",200,1,[[9,0,-20,[0],1],[20,45,-500,-500,-1000,-1000,-21],[21,-22],[22,-23]],[0,"d2sjuDLihB5KpqXIikgn+1",1,0],[4,4278190080],[5,1000,2000]],[3,"goumai",2,[-26,-27],[[1,-24,[24],25],[6,1.1,3,-25]],[0,"66vjEIIwtHOqqdLRFkMiIK",1,0],[5,246,87],[7.539,-260,0,0,0,0,1,1,1,0]],[3,"jinbigoumai",2,[-30,-31],[[1,-28,[29],30],[6,1.1,3,-29]],[0,"80UzarZ/FGwa8mIKHa2hk4",1,0],[5,246,87],[7.539,-135,0,0,0,0,1,1,1,0]],[16,"cancel",false,2,[-34],[[19,-32,[32]],[6,1.1,3,-33]],[0,"e62W+7LEJEQrw5EtFfeHAd",1,0],[5,246,87],[7.539,-263,0,0,0,0,1,1,1,0]],[4,"exit",2,[[1,-35,[4],5],[23,2,-36,6]],[0,"983AWb0cdKS5gi1ZWxzSmJ",1,0],[5,64,67],[253.879,341.863,0,0,0,0,1,1,1,0]],[3,"bt",2,[-38],[[1,-37,[8],9]],[0,"34bA/M+fxK6oY96VhOHTKs",1,0],[5,226,83],[-5,354.568,0,0,0,0,1,1,1,1]],[2,"tk",2,[[9,0,-39,[2],3]],[0,"faHnyHLpJDV4uI8xyJ3YL+",1,0],[5,547,720]],[5,"title",9,[[7,"购买道具",32,1,1,1,-40,[7]]],[0,"1cm1xCqRpN+Ig/PKSPbvG5",1,0],[4,4279057241],[5,128,50.4],[0,2,0,0,0,0,1,1,1,1]],[2,"1",3,[[1,-41,[10],11]],[0,"86ZwAB1wlNDbjKV2ybR70U",1,0],[5,79,85]],[2,"2",3,[[1,-42,[12],13]],[0,"b3HnazO7lPqrXBwldZoMU5",1,0],[5,67,89]],[2,"3",3,[[1,-43,[14],15]],[0,"19bgzIj9NMmYBjXCh0kUGK",1,0],[5,75,90]],[2,"4",3,[[1,-44,[16],17]],[0,"a6rwOJ39VMza4ElQFkI26o",1,0],[5,66,81]],[5,"tip",2,[[7,"移出三个砖块并把他们\n堆放到旁边",28,1,1,1,-45,[20]]],[0,"ebEa0U9lpG8rxzJ11HEDzl",1,0],[4,4279057241],[5,280,90.4],[0,1.9230000000000018,0,0,0,0,1,1,1,1]],[4,"sp",5,[[1,-46,[21],22]],[0,"8f9iwgyS9NrqdDfP8PesNn",1,0],[5,38,30],[-71.407,4,0,0,0,0,1,1.6,1.6,1]],[8,"desc",5,[[10,"免费获取(+2)",24,1,1,-47,[23]]],[0,"fbShsuXFFOi5PTv3+QZ0t0",1,0],[4,4279057241],[5,139.35,50.4],[0,0,0.5],[-35.129000000000005,4.575,0,0,0,0,1,1,1,1]],[4,"sp",6,[[1,-48,[26],27]],[0,"7c71TyuhFHHrz5Rq4VGqN8",1,0],[5,38,39],[-95.493,4,0,0,0,0,1,1,1,1]],[8,"desc",6,[[10,"金币200购买(+1)",24,1,1,-49,[28]]],[0,"bfMbZKT4VI6Y0mCll6KtkH",1,0],[4,4279057241],[5,179.39,50.4],[0,0,0.5],[-69.488,4.302,0,0,0,0,1,1,1,1]],[5,"desc",7,[[7,"不,谢谢",28,1,1,1,-50,[31]]],[0,"dcKWfyTBRCspKRHJPBkKmj",1,0],[4,4279057241],[5,91.78,50.4],[0,4.575,0,0,0,0,1,1,1,1]]],0,[0,3,1,0,0,1,0,-1,4,0,3,1,0,4,1,0,-3,2,0,-1,10,0,-2,8,0,-3,9,0,-4,3,0,-5,16,0,-6,5,0,-7,6,0,-8,7,0,0,3,0,-1,12,0,-2,13,0,-3,14,0,-4,15,0,0,4,0,0,4,0,0,4,0,0,4,0,0,5,0,0,5,0,-1,17,0,-2,18,0,0,6,0,0,6,0,-1,19,0,-2,20,0,0,7,0,0,7,0,-1,21,0,0,8,0,0,8,0,0,9,0,-1,11,0,0,10,0,0,11,0,0,12,0,0,13,0,0,14,0,0,15,0,0,16,0,0,17,0,0,18,0,0,19,0,0,20,0,0,21,0,5,1,50],[0,0,0,0,0,0,0,0,0,0,0,0,0,0,0,0,0,0,0,0,0,0,0,0,0,0,0,0,0,0,0,0,0],[-1,1,-1,1,-1,1,6,-1,-1,1,-1,1,-1,1,-1,1,-1,1,-1,1,-1,-1,1,-1,-1,1,-1,1,-1,-1,1,-1,-1],[0,4,0,5,0,1,1,0,0,6,0,7,0,8,0,9,0,10,0,11,0,0,12,0,0,2,0,13,0,0,2,0,0]],[[{"name":"1ch","rect":[0,0,79,85],"offset":[0,0],"originalSize":[79,85],"capInsets":[0,0,0,0]}],[1],0,[0],[2],[14]],[[{"name":"1sj","rect":[0,0,66,81],"offset":[0,0],"originalSize":[66,81],"capInsets":[0,0,0,0]}],[1],0,[0],[2],[15]],[[{"name":"1yc","rect":[0,0,67,89],"offset":[0,0],"originalSize":[67,89],"capInsets":[0,0,0,0]}],[1],0,[0],[2],[16]]]]