[1,["efTi6yi5pHu77cSiwhQOpQ"],0,[["sp.SkeletonData",["_name","_atlasText","textureNames","_skeletonJson","textures"],-1,3]],[[0,0,1,2,3,4,5]],[[0,"zombie_effect","\nzombie_effect.png\nsize: 1024,512\nformat: RGBA4444\nfilter: Linear,Linear\nrepeat: none\neffectImages/bullet\n  rotate: false\n  xy: 2, 7\n  size: 91, 13\n  orig: 91, 13\n  offset: 0, 0\n  index: -1\neffectImages/fx_target_bomb_ring\n  rotate: false\n  xy: 235, 135\n  size: 92, 76\n  orig: 92, 76\n  offset: 0, 0\n  index: -1\neffectImages/hit_0\n  rotate: true\n  xy: 526, 306\n  size: 70, 36\n  orig: 70, 36\n  offset: 0, 0\n  index: -1\neffectImages/hit_1\n  rotate: false\n  xy: 279, 292\n  size: 106, 56\n  orig: 106, 56\n  offset: 0, 0\n  index: -1\neffectImages/hit_2\n  rotate: false\n  xy: 19, 72\n  size: 118, 104\n  orig: 118, 104\n  offset: 0, 0\n  index: -1\neffectImages/hit_3\n  rotate: false\n  xy: 849, 402\n  size: 121, 108\n  orig: 121, 108\n  offset: 0, 0\n  index: -1\neffectImages/hit_4\n  rotate: false\n  xy: 721, 402\n  size: 126, 108\n  orig: 126, 108\n  offset: 0, 0\n  index: -1\neffectImages/smoke\n  rotate: false\n  xy: 583, 409\n  size: 136, 101\n  orig: 136, 101\n  offset: 0, 0\n  index: -1\neffectImages/trap_land_poison\n  rotate: false\n  xy: 139, 52\n  size: 100, 64\n  orig: 100, 64\n  offset: 0, 0\n  index: -1\nzombies/dog/land_smoke_1\n  rotate: false\n  xy: 443, 378\n  size: 123, 27\n  orig: 123, 27\n  offset: 0, 0\n  index: -1\nzombies/dog/land_smoke_2\n  rotate: true\n  xy: 387, 225\n  size: 123, 32\n  orig: 123, 32\n  offset: 0, 0\n  index: -1\nzombies/dog/land_smoke_3\n  rotate: false\n  xy: 290, 350\n  size: 124, 43\n  orig: 124, 43\n  offset: 0, 0\n  index: -1\nzombies/dog/land_smoke_4\n  rotate: false\n  xy: 2, 22\n  size: 124, 48\n  orig: 124, 48\n  offset: 0, 0\n  index: -1\nzombies/effect/fx_punch\n  rotate: false\n  xy: 260, 7\n  size: 65, 52\n  orig: 65, 52\n  offset: 0, 0\n  index: -1\nzombies/effect/fx_song\n  rotate: false\n  xy: 524, 256\n  size: 30, 48\n  orig: 30, 48\n  offset: 0, 0\n  index: -1\nzombies/effect/fx_song2\n  rotate: false\n  xy: 972, 403\n  size: 39, 48\n  orig: 39, 48\n  offset: 0, 0\n  index: -1\nzombies/effect/fx_zombie_shadow\n  rotate: false\n  xy: 133, 294\n  size: 144, 81\n  orig: 144, 81\n  offset: 0, 0\n  index: -1\nzombies/effect/fx_zombie_under_cap_0\n  rotate: false\n  xy: 241, 61\n  size: 88, 72\n  orig: 88, 72\n  offset: 0, 0\n  index: -1\nzombies/effect/fx_zombie_under_cap_1\n  rotate: false\n  xy: 238, 213\n  size: 98, 77\n  orig: 98, 77\n  offset: 0, 0\n  index: -1\nzombies/weapons/wpn_shield\n  rotate: false\n  xy: 331, 54\n  size: 65, 79\n  orig: 65, 79\n  offset: 0, 0\n  index: -1\nzombies/weapons/wpn_spear\n  rotate: false\n  xy: 2, 77\n  size: 15, 259\n  orig: 15, 259\n  offset: 0, 0\n  index: -1\nzombies/zombie_basketball/wpn_basketball\n  rotate: false\n  xy: 421, 234\n  size: 72, 73\n  orig: 72, 73\n  offset: 0, 0\n  index: -1\nzombies/zombie_bigCaptain/throw_weapon\n  rotate: false\n  xy: 133, 377\n  size: 155, 133\n  orig: 155, 133\n  offset: 0, 0\n  index: -1\nzombies/zombie_bowler/wpn_bowl\n  rotate: false\n  xy: 329, 135\n  size: 65, 64\n  orig: 65, 64\n  offset: 0, 0\n  index: -1\nzombies/zombie_drill/wpn_pin\n  rotate: true\n  xy: 495, 260\n  size: 47, 27\n  orig: 47, 27\n  offset: 0, 0\n  index: -1\nzombies/zombie_poison/zom_wpn_8\n  rotate: true\n  xy: 327, 20\n  size: 32, 80\n  orig: 32, 80\n  offset: 0, 0\n  index: -1\nzombies/zombie_poison/zom_wpn_8a\n  rotate: true\n  xy: 338, 201\n  size: 89, 47\n  orig: 89, 47\n  offset: 0, 0\n  index: -1\nzombies/zombie_skater/helmet\n  rotate: false\n  xy: 123, 215\n  size: 113, 77\n  orig: 113, 77\n  offset: 0, 0\n  index: -1\nzombies/zombie_skater/obj_skate\n  rotate: false\n  xy: 583, 367\n  size: 114, 40\n  orig: 114, 40\n  offset: 0, 0\n  index: -1\nzombies/zombie_traveler/rear_backpack\n  rotate: false\n  xy: 2, 338\n  size: 129, 172\n  orig: 129, 172\n  offset: 0, 0\n  index: -1\nzombies/zombie_trolley/backpack1\n  rotate: true\n  xy: 443, 407\n  size: 103, 138\n  orig: 103, 138\n  offset: 0, 0\n  index: -1\nzombies/zombie_trolley/backpack2\n  rotate: false\n  xy: 139, 118\n  size: 94, 95\n  orig: 94, 95\n  offset: 0, 0\n  index: -1\nzombies/zombie_trolley/backpack3\n  rotate: false\n  xy: 421, 309\n  size: 103, 67\n  orig: 103, 67\n  offset: 0, 0\n  index: -1\nzombies/zombie_trolley/cart_trolley\n  rotate: true\n  xy: 19, 178\n  size: 158, 102\n  orig: 158, 102\n  offset: 0, 0\n  index: -1\nzombies/zombie_woman/obj_cart0\n  rotate: false\n  xy: 290, 395\n  size: 151, 115\n  orig: 151, 115\n  offset: 0, 0\n  index: -1\nzombies/zombie_woman/obj_cart1\n  rotate: false\n  xy: 972, 453\n  size: 50, 57\n  orig: 50, 57\n  offset: 0, 0\n  index: -1\nzombies/zombie_woman/obj_cart2\n  rotate: true\n  xy: 195, 2\n  size: 48, 63\n  orig: 48, 63\n  offset: 0, 0\n  index: -1\nzombies/zombie_woman/obj_cart3\n  rotate: true\n  xy: 128, 2\n  size: 48, 65\n  orig: 48, 65\n  offset: 0, 0\n  index: -1\n",["zombie_effect.png"],{"skeleton":{"hash":"sH79ssxVhYCXhleFpDx9IhPIDZA","spine":"3.6.41","width":0,"height":0},"bones":[{"name":"root"},{"name":"bullet","parent":"root","length":54.87,"rotation":90},{"name":"object","parent":"root","y":3},{"name":"shadow","parent":"root"}],"slots":[{"name":"shadow","bone":"shadow"},{"name":"bullet","bone":"bullet"},{"name":"fx_fall","bone":"object"},{"name":"bullet box","bone":"bullet","attachment":"bullet box"},{"name":"dig","bone":"shadow"}],"skins":{"default":{"bullet":{"effectImages/bullet":{"rotation":-180,"width":91,"height":13},"effectImages/trap_land_poison":{"rotation":-90,"width":100,"height":64},"zombies/weapons/wpn_shield":{"x":-1.25,"y":-2.05,"rotation":-90,"width":65,"height":79},"zombies/weapons/wpn_spear":{"x":0.16,"rotation":-90,"width":15,"height":259},"zombies/zombie_basketball/wpn_basketball":{"rotation":-90,"width":72,"height":73},"zombies/zombie_bigCaptain/throw_weapon":{"rotation":-90,"width":155,"height":133},"zombies/zombie_bowler/wpn_bowl":{"rotation":-90,"width":65,"height":64},"zombies/zombie_drill/wpn_pin":{"x":14,"rotation":179.2,"width":47,"height":27},"zombies/zombie_poison/zom_wpn_8":{"rotation":-90,"width":32,"height":80},"zombies/zombie_poison/zom_wpn_8a":{"rotation":-90,"width":89,"height":47}},"bullet box":{"bullet box":{"type":"boundingbox","vertexCount":4,"vertices":[10.36,0.16,-0.22,17.98,-9.14,0.16,-0.22,-17.11]}},"dig":{"zombies/dog/land_smoke_1":{"y":-7.72,"width":123,"height":27},"zombies/dog/land_smoke_2":{"y":-6.32,"width":123,"height":32},"zombies/dog/land_smoke_3":{"y":-1.05,"width":124,"height":43},"zombies/dog/land_smoke_4":{"y":1.05,"width":124,"height":48}},"fx_fall":{"effectImages/hit_0":{"width":70,"height":36},"effectImages/hit_1":{"width":106,"height":56},"effectImages/hit_2":{"width":118,"height":104},"effectImages/hit_3":{"width":121,"height":108},"effectImages/hit_4":{"width":126,"height":108},"effectImages/smoke":{"width":136,"height":101},"zombies/effect/fx_punch":{"x":29.02,"y":-0.61,"width":65,"height":52},"zombies/effect/fx_song":{"width":30,"height":48},"zombies/effect/fx_song2":{"width":39,"height":48},"zombies/effect/fx_zombie_under_cap_0":{"width":88,"height":72},"zombies/zombie_skater/helmet":{"width":113,"height":77},"zombies/zombie_skater/obj_skate":{"width":114,"height":40}},"shadow":{"effectImages/fx_target_bomb_ring":{"width":92,"height":76},"zombies/effect/fx_zombie_shadow":{"scaleX":0.4,"scaleY":0.4,"width":144,"height":81},"zombies/effect/fx_zombie_under_cap_1":{"width":98,"height":77}}},"zombie_backpack":{"fx_fall":{"zombie_cart1":{"name":"zombies/zombie_traveler/rear_backpack","width":129,"height":172}}},"zombie_cart":{"fx_fall":{"zombie_cart":{"name":"zombies/zombie_woman/obj_cart0","width":151,"height":115},"zombie_cart1":{"name":"zombies/zombie_woman/obj_cart1","width":50,"height":57},"zombie_cart2":{"name":"zombies/zombie_woman/obj_cart2","width":48,"height":63},"zombie_cart3":{"name":"zombies/zombie_woman/obj_cart3","width":48,"height":65}}},"zombie_trolley":{"fx_fall":{"zombie_cart1":{"name":"zombies/zombie_trolley/backpack1","width":103,"height":138},"zombie_cart2":{"name":"zombies/zombie_trolley/backpack2","width":94,"height":95},"zombie_cart3":{"name":"zombies/zombie_trolley/backpack3","width":103,"height":67},"zombie_cart":{"name":"zombies/zombie_trolley/cart_trolley","width":158,"height":102}}}},"events":{"collision":{},"collision2":{},"make fx":{},"make missile":{},"make id":{},"make zombie":{},"sound":{},"stop":{}},"animations":{"backpack fall":{"slots":{"bullet box":{"attachment":[{"time":0,"name":null}]},"fx_fall":{"color":[{"time":1.5667,"color":"ffffffff"},{"time":2.9667,"color":"ffffff00"}],"attachment":[{"time":0,"name":"zombie_cart1"}]}},"bones":{"object":{"rotate":[{"time":0,"angle":0},{"time":0.3333,"angle":-152.57},{"time":0.6333,"angle":113.2},{"time":0.8,"angle":14.63},{"time":0.9667,"angle":-53.49},{"time":1.1333,"angle":-143.41},{"time":1.3,"angle":141.92},{"time":1.4333,"angle":109.45},{"time":1.5667,"angle":92.63}],"translate":[{"time":0,"x":-12.33,"y":87.8,"curve":[0,0,0.579,1]},{"time":0.3333,"x":0,"y":148.41,"curve":[0.516,0,1,1]},{"time":0.6333,"x":0,"y":16.78,"curve":[0,0,0.579,1]},{"time":0.8,"x":0,"y":75.62,"curve":[0.516,0,1,1]},{"time":0.9667,"x":0,"y":17.53,"curve":[0,0,0.579,1]},{"time":1.1333,"x":0,"y":39.74,"curve":[0.516,0,1,1]},{"time":1.3,"x":0,"y":16.49,"curve":[0,0,0.579,1]},{"time":1.4333,"x":0,"y":38.1,"curve":[0.516,0,1,1]},{"time":1.5667,"x":0,"y":10.97}],"scale":[{"time":0,"x":0.801,"y":0.801}]}}},"basketball":{"slots":{"bullet":{"color":[{"time":2.1,"color":"ffffffff"},{"time":2.9333,"color":"ffffff00"}],"attachment":[{"time":0,"name":"zombies/zombie_basketball/wpn_basketball"}]},"bullet box":{"attachment":[{"time":0,"name":null},{"time":0.5333,"name":null},{"time":0.5667,"name":"bullet box"},{"time":0.6667,"name":null},{"time":1.2,"name":"bullet box"}]},"shadow":{"attachment":[{"time":0,"name":"zombies/effect/fx_zombie_shadow"}]}},"bones":{"bullet":{"rotate":[{"time":0,"angle":90},{"time":0.6,"angle":269},{"time":1.3667,"angle":88.91},{"time":1.7,"angle":-181.86},{"time":1.9333,"angle":-88.21}],"translate":[{"time":0,"x":0.91,"y":275.85,"curve":[0.097,0.09,0.485,1.01]},{"time":0.3,"x":0.91,"y":457.5,"curve":[0.532,0,1,1]},{"time":0.6,"x":0.91,"y":30,"curve":[0,0,0.579,1]},{"time":0.9333,"x":0.91,"y":310,"curve":[0.54,0.01,1,1]},{"time":1.2667,"x":0.91,"y":30,"curve":[0,0,0.579,1]},{"time":1.6,"x":0.91,"y":200,"curve":[0.54,0.01,1,1]},{"time":1.9333,"x":0.91,"y":30,"curve":[0,0,0.579,1]},{"time":2.1,"x":0.91,"y":5.52}],"scale":[{"time":1.9333,"x":1,"y":1},{"time":2.1,"x":2.106,"y":0.51}]}},"deform":{"default":{"bullet box":{"bullet box":[{"time":0.5667,"vertices":[18.59641,3.88303,-3.07382,10.18185,-19.02581,-2.65418,2.25438,-11.53408]}]}}},"events":[{"time":0.6,"name":"make id","int":1003},{"time":1.2667,"name":"make id","int":1003}]},"bottle":{"slots":{"bullet":{"attachment":[{"time":0,"name":"zombies/zombie_poison/zom_wpn_8"}]},"bullet box":{"attachment":[{"time":0,"name":null}]},"shadow":{"attachment":[{"time":0,"name":"zombies/effect/fx_zombie_shadow"}]}},"bones":{"bullet":{"rotate":[{"time":0,"angle":-90},{"time":0.2667,"angle":0.88},{"time":0.5,"angle":90},{"time":1,"angle":269}],"translate":[{"time":0,"x":0.91,"y":63.24,"curve":[0,0,0.579,1]},{"time":0.5,"x":0.91,"y":305.85,"curve":[0.54,0.01,1,1]},{"time":1,"x":6.61,"y":29.25}]}},"events":[{"time":1,"name":"make fx","string":"bottle broken"},{"time":1,"name":"make missile","string":"bottle poison"},{"time":1,"name":"sound","string":"snd_brokenbottle"}]},"bottle broken":{"slots":{"bullet":{"color":[{"time":0,"color":"ffffffff"},{"time":2,"color":"ffffff00"}],"attachment":[{"time":0,"name":"zombies/zombie_poison/zom_wpn_8a"}]}},"bones":{"bullet":{"translate":[{"time":0,"x":8.26,"y":10}]}}},"bottle poison":{"slots":{"bullet":{"attachment":[{"time":0,"name":"effectImages/trap_land_poison"}]},"shadow":{"attachment":[{"time":0,"name":"zombies/effect/fx_zombie_shadow"}]}},"bones":{"bullet":{"scale":[{"time":0,"x":1,"y":1},{"time":0.5,"x":0.87,"y":0.87},{"time":1,"x":1,"y":1}]},"shadow":{"scale":[{"time":0,"x":1.977,"y":1.977}]}},"deform":{"default":{"bullet box":{"bullet box":[{"time":0,"vertices":[19.09597,0,0.682,27.96201,-20.45997,0.68204,1.364,-27.27995]}]}}}},"bowl":{"slots":{"bullet":{"attachment":[{"time":0,"name":"zombies/zombie_bowler/wpn_bowl"}]},"bullet box":{"attachment":[{"time":0,"name":null},{"time":0.9,"name":null},{"time":0.9333,"name":"bullet box"},{"time":1.0333,"name":null},{"time":1.5667,"name":"bullet box"}]},"shadow":{"attachment":[{"time":0,"name":"zombies/effect/fx_zombie_shadow"}]}},"bones":{"bullet":{"rotate":[{"time":0,"angle":-90},{"time":0.2333,"angle":0.16},{"time":0.5,"angle":90},{"time":0.9667,"angle":269},{"time":1.7333,"angle":88.91},{"time":2.0667,"angle":-181.86},{"time":2.4,"angle":-88.21},{"time":2.7333,"angle":-0.24},{"time":3.0667,"angle":-269.86},{"time":3.4,"angle":-179.86},{"time":3.7333,"angle":-89.86},{"time":4.0667,"angle":0.14},{"time":4.4,"angle":-269.86}],"translate":[{"time":0,"x":0.91,"y":63.24,"curve":[0,0,0.579,1]},{"time":0.5,"x":0.91,"y":305.85,"curve":[0.54,0.01,1,1]},{"time":0.9667,"x":0.91,"y":30,"curve":[0,0,0.579,1]},{"time":1.3,"x":0.91,"y":200,"curve":[0.54,0.01,1,1]},{"time":1.6,"x":0.91,"y":30,"curve":[0,0,0.579,1]},{"time":1.7333,"x":0.91,"y":70,"curve":[0.54,0.01,1,1]},{"time":1.8667,"x":0.91,"y":30,"curve":[0,0,0.579,1]},{"time":2.0333,"x":0.91,"y":50,"curve":[0.54,0.01,1,1]},{"time":2.1667,"x":0.91,"y":30},{"time":2.3,"x":0.91,"y":40},{"time":2.4333,"x":0.91,"y":30}]}},"deform":{"default":{"bullet box":{"bullet box":[{"time":0.9333,"vertices":[18.59641,3.88303,-3.07382,10.18185,-19.02581,-2.65418,2.25438,-11.53408]}]}}}},"bowl2":{"slots":{"bullet":{"attachment":[{"time":0,"name":"zombies/zombie_bowler/wpn_bowl"}]},"shadow":{"attachment":[{"time":0,"name":"zombies/effect/fx_zombie_shadow"}]}},"bones":{"bullet":{"rotate":[{"time":0,"angle":-90},{"time":0.3333,"angle":90},{"time":0.6667,"angle":269},{"time":1.5,"angle":88.91},{"time":1.8333,"angle":-181.86},{"time":2.2333,"angle":-88.21}],"translate":[{"time":0,"x":0.91,"y":63.24,"curve":[0,0,0.579,1]},{"time":0.3333,"x":0.91,"y":225.85,"curve":[0.54,0.01,1,1]},{"time":0.6667,"x":0.91,"y":30,"curve":[0,0,0.579,1]},{"time":1,"x":0.91,"y":150,"curve":[0.54,0.01,1,1]},{"time":1.3,"x":0.91,"y":30,"curve":[0,0,0.579,1]},{"time":1.4667,"x":0.91,"y":70,"curve":[0.54,0.01,1,1]},{"time":1.6,"x":0.91,"y":30,"curve":[0,0,0.579,1]},{"time":1.7667,"x":0.91,"y":50,"curve":[0.54,0.01,1,1]},{"time":1.9,"x":0.91,"y":30},{"time":2.0333,"x":0.91,"y":40},{"time":2.1667,"x":0.91,"y":30}]}}},"bowl bullet":{"slots":{"bullet":{"attachment":[{"time":0,"name":"zombies/zombie_bowler/wpn_bowl"}]},"shadow":{"attachment":[{"time":0,"name":"zombies/effect/fx_zombie_shadow"}]}},"bones":{"bullet":{"rotate":[{"time":0,"angle":0},{"time":0.4,"angle":-179.43},{"time":0.8,"angle":1.48}],"translate":[{"time":0,"x":0,"y":30}]}}},"bullet":{"slots":{"bullet":{"attachment":[{"time":0,"name":"effectImages/bullet"}]},"shadow":{"attachment":[{"time":0,"name":null}]}},"bones":{"bullet":{"scale":[{"time":0,"x":0.511,"y":0.254},{"time":0.6667,"x":1.028,"y":0.114}]},"shadow":{"scale":[{"time":0,"x":0.633,"y":0.633}]},"object":{"translate":[{"time":0,"x":-27.08,"y":54.17}],"scale":[{"time":0,"x":1.457,"y":0.84}]}},"deform":{"default":{"bullet box":{"bullet box":[{"time":0,"vertices":[30.15325,-1.29735,0,50.24066,-34.99066,3.69835,0.86633,-57.41562]}]}}},"events":[{"time":0,"name":"collision","string":"bullet"}]},"cart part":{"slots":{"bullet box":{"attachment":[{"time":0,"name":null}]},"fx_fall":{"color":[{"time":1.7,"color":"ffffffff"},{"time":3.1,"color":"ffffff00"}],"attachment":[{"time":0,"name":"zombie_cart"}]}},"bones":{"object":{"rotate":[{"time":0,"angle":0},{"time":0.3,"angle":-152.57},{"time":0.6,"angle":113.2},{"time":0.8,"angle":14.63},{"time":1,"angle":-53.49},{"time":1.2,"angle":-143.41},{"time":1.4,"angle":141.92},{"time":1.5667,"angle":109.45},{"time":1.7,"angle":169.9}],"translate":[{"time":0,"x":-12.33,"y":31.16,"curve":[0,0,0.579,1]},{"time":0.3,"x":-4.28,"y":104.65,"curve":[0.516,0,1,1]},{"time":0.6,"x":0,"y":16.78,"curve":[0,0,0.579,1]},{"time":0.8,"x":0,"y":75.62,"curve":[0.516,0,1,1]},{"time":1,"x":0,"y":17.53,"curve":[0,0,0.579,1]},{"time":1.2,"x":0,"y":39.74,"curve":[0.516,0,1,1]},{"time":1.4,"x":0,"y":16.49,"curve":[0,0,0.579,1]},{"time":1.5667,"x":0,"y":38.1,"curve":[0.516,0,1,1]},{"time":1.7,"x":0,"y":10.97}],"scale":[{"time":0,"x":0.801,"y":0.801}]}}},"cart part 0":{"slots":{"bullet box":{"attachment":[{"time":0,"name":null}]},"fx_fall":{"color":[{"time":1.5667,"color":"ffffffff"},{"time":2.9667,"color":"ffffff00"}],"attachment":[{"time":0,"name":"zombie_cart1"}]}},"bones":{"object":{"rotate":[{"time":0,"angle":0},{"time":0.3333,"angle":-152.57},{"time":0.6333,"angle":113.2},{"time":0.8,"angle":14.63},{"time":0.9667,"angle":-53.49},{"time":1.1333,"angle":-143.41},{"time":1.3,"angle":141.92},{"time":1.4333,"angle":109.45},{"time":1.5667,"angle":92.63}],"translate":[{"time":0,"x":-12.33,"y":87.8,"curve":[0,0,0.579,1]},{"time":0.3333,"x":0,"y":148.41,"curve":[0.516,0,1,1]},{"time":0.6333,"x":0,"y":16.78,"curve":[0,0,0.579,1]},{"time":0.8,"x":0,"y":75.62,"curve":[0.516,0,1,1]},{"time":0.9667,"x":0,"y":17.53,"curve":[0,0,0.579,1]},{"time":1.1333,"x":0,"y":39.74,"curve":[0.516,0,1,1]},{"time":1.3,"x":0,"y":16.49,"curve":[0,0,0.579,1]},{"time":1.4333,"x":0,"y":38.1,"curve":[0.516,0,1,1]},{"time":1.5667,"x":0,"y":10.97}],"scale":[{"time":0,"x":0.801,"y":0.801}]}}},"cart part 1":{"slots":{"bullet box":{"attachment":[{"time":0,"name":null}]},"fx_fall":{"color":[{"time":1.4667,"color":"ffffffff"},{"time":2.8667,"color":"ffffff00"}],"attachment":[{"time":0,"name":"zombie_cart2"}]}},"bones":{"object":{"rotate":[{"time":0,"angle":0},{"time":0.2667,"angle":-152.57},{"time":0.5333,"angle":113.2},{"time":0.7,"angle":14.63},{"time":0.8667,"angle":-53.49},{"time":1.0333,"angle":-143.41},{"time":1.2,"angle":141.92},{"time":1.3333,"angle":93.35},{"time":1.4667,"angle":61.59},{"time":1.5667,"angle":97.33}],"translate":[{"time":0,"x":-12.33,"y":87.8,"curve":[0,0,0.53,0.8]},{"time":0.2667,"x":0,"y":181.12,"curve":[0.516,0,1,1]},{"time":0.5333,"x":0,"y":14.89,"curve":[0,0,0.579,1]},{"time":0.7,"x":0,"y":75.62,"curve":[0.516,0,1,1]},{"time":0.8667,"x":0,"y":14.71,"curve":[0,0,0.579,1]},{"time":1.0333,"x":0,"y":39.74,"curve":[0.516,0,1,1]},{"time":1.2,"x":0,"y":16.49,"curve":[0,0,0.579,1]},{"time":1.3333,"x":0,"y":38.1,"curve":[0.516,0,1,1]},{"time":1.4667,"x":0,"y":10.97}],"scale":[{"time":0,"x":0.801,"y":0.801}]}}},"cart part 2":{"slots":{"bullet box":{"attachment":[{"time":0,"name":null}]},"fx_fall":{"color":[{"time":1.4,"color":"ffffffff"},{"time":2.8,"color":"ffffff00"}],"attachment":[{"time":0,"name":"zombie_cart3"}]}},"bones":{"object":{"rotate":[{"time":0,"angle":0},{"time":0.4667,"angle":76.34},{"time":0.6667,"angle":-28.29},{"time":0.8667,"angle":-128.42},{"time":1.0333,"angle":178.4},{"time":1.2,"angle":97.73},{"time":1.3,"angle":48.81},{"time":1.4,"angle":6.48}],"translate":[{"time":0,"x":-12.33,"y":87.8,"curve":[0,0,0.579,1]},{"time":0.2333,"x":0,"y":201.25,"curve":[0.516,0,1,1]},{"time":0.4667,"x":0,"y":16.77,"curve":[0,0,0.579,1]},{"time":0.6667,"x":0,"y":75.62,"curve":[0.516,0,1,1]},{"time":0.8667,"x":0,"y":17.53,"curve":[0,0,0.579,1]},{"time":1.0333,"x":0,"y":39.74,"curve":[0.516,0,1,1]},{"time":1.2,"x":0,"y":18.37,"curve":[0,0,0.579,1]},{"time":1.3,"x":0,"y":38.1,"curve":[0.516,0,1,1]},{"time":1.4,"x":0,"y":5.33}],"scale":[{"time":0,"x":0.801,"y":0.801}]}}},"dog_dig":{"slots":{"dig":{"color":[{"time":2.3333,"color":"ffffffff"},{"time":3.3333,"color":"ffffff00"}],"attachment":[{"time":0,"name":"zombies/dog/land_smoke_1"},{"time":0.5333,"name":"zombies/dog/land_smoke_2"},{"time":1.0667,"name":"zombies/dog/land_smoke_3"},{"time":1.6667,"name":"zombies/dog/land_smoke_4"}]}}},"fall engine":{"slots":{"bullet":{"color":[{"time":5,"color":"ffffffff"},{"time":5.1667,"color":"ffffff00"}],"attachment":[{"time":0,"name":"zombies/zombie_bigCaptain/throw_weapon"}]},"shadow":{"color":[{"time":0,"color":"ffffffff"},{"time":0.4667,"color":"ffffff00"},{"time":0.5,"color":"ffffffff"},{"time":0.9667,"color":"ffffff00"},{"time":1,"color":"ffffffff"},{"time":1.4667,"color":"ffffff00"},{"time":1.5,"color":"ffffffff"},{"time":1.9667,"color":"ffffff00"},{"time":2,"color":"ffffffff"},{"time":2.4667,"color":"ffffff00"},{"time":2.5,"color":"ffffffff"},{"time":2.9667,"color":"ffffff00"},{"time":3,"color":"ffffffff"},{"time":3.4667,"color":"ffffff00"},{"time":3.5,"color":"ffffffff"},{"time":3.9667,"color":"ffffff00"}],"attachment":[{"time":0,"name":"effectImages/fx_target_bomb_ring"},{"time":0.5,"name":"effectImages/fx_target_bomb_ring"},{"time":1,"name":"effectImages/fx_target_bomb_ring"},{"time":1.5,"name":"effectImages/fx_target_bomb_ring"},{"time":2,"name":"effectImages/fx_target_bomb_ring"},{"time":2.5,"name":"effectImages/fx_target_bomb_ring"},{"time":3,"name":"effectImages/fx_target_bomb_ring"},{"time":3.5,"name":"effectImages/fx_target_bomb_ring"}]}},"bones":{"bullet":{"rotate":[{"time":4,"angle":-27.27},{"time":5,"angle":87.08}],"translate":[{"time":0,"x":0,"y":898.78,"curve":"stepped"},{"time":4,"x":0,"y":898.78,"curve":[0.307,0.07,1,0.42]},{"time":5,"x":0,"y":104.44},{"time":5.1667,"x":0,"y":45.11}],"scale":[{"time":5,"x":1,"y":1},{"time":5.1667,"x":1.359,"y":0.686}]},"shadow":{"scale":[{"time":0,"x":1,"y":1},{"time":0.4667,"x":3.137,"y":3.137},{"time":0.5,"x":1,"y":1},{"time":0.9667,"x":3.137,"y":3.137},{"time":1,"x":1,"y":1},{"time":1.4667,"x":3.137,"y":3.137},{"time":1.5,"x":1,"y":1},{"time":1.9667,"x":3.137,"y":3.137},{"time":2,"x":1,"y":1},{"time":2.4667,"x":3.137,"y":3.137},{"time":2.5,"x":1,"y":1},{"time":2.9667,"x":3.137,"y":3.137},{"time":3,"x":1,"y":1},{"time":3.4667,"x":3.137,"y":3.137},{"time":3.5,"x":1,"y":1},{"time":3.9667,"x":3.137,"y":3.137}]}},"deform":{"default":{"bullet box":{"bullet box":[{"time":4.0333,"vertices":[76.35968,6.19241,-5.53644,74.84717,-64.51691,0.86301,8.55969,-73.53537]}]}}},"events":[{"time":5,"name":"make missile","string":"boom"}]},"fall engine up":{"slots":{"bullet":{"color":[{"time":0.8333,"color":"ffffffff"},{"time":1,"color":"ffffff00"}],"attachment":[{"time":0,"name":"zombies/zombie_bigCaptain/throw_weapon"}]}},"bones":{"bullet":{"rotate":[{"time":0,"angle":0},{"time":1,"angle":-81.8}],"translate":[{"time":0,"x":0,"y":141.73,"curve":[0.487,0.95,0.75,1]},{"time":1,"x":-247.2,"y":1147.01}]}}},"nail":{"slots":{"bullet":{"attachment":[{"time":0,"name":"zombies/zombie_drill/wpn_pin"}]},"shadow":{"attachment":[{"time":0,"name":"zombies/effect/fx_zombie_shadow"}]}},"bones":{"bullet":{"rotate":[{"time":0,"angle":-269.59}],"translate":[{"time":0,"x":9.22,"y":55.35}],"scale":[{"time":0,"x":0.834,"y":1},{"time":0.3333,"x":1.028,"y":1}]},"shadow":{"scale":[{"time":0,"x":0.633,"y":0.633}]},"object":{"translate":[{"time":0,"x":-27.08,"y":54.17}],"scale":[{"time":0,"x":1.457,"y":0.84}]}},"deform":{"default":{"bullet box":{"bullet box":[{"time":0,"vertices":[30.15325,-1.29735,0,0,-18.09773,0.10753]}]}}},"events":[{"time":0,"name":"collision","string":"bullet"}]},"skate fall":{"slots":{"bullet box":{"attachment":[{"time":0,"name":null}]},"fx_fall":{"color":[{"time":1.4667,"color":"ffffffff"},{"time":2.8667,"color":"ffffff00"}],"attachment":[{"time":0,"name":"zombies/zombie_skater/obj_skate"}]}},"bones":{"object":{"rotate":[{"time":0,"angle":0},{"time":0.2667,"angle":-62.55},{"time":0.5333,"angle":-144.56},{"time":0.7,"angle":152.11},{"time":0.8667,"angle":138.69},{"time":1.0333,"angle":-179.87},{"time":1.2,"angle":-153.37},{"time":1.3333,"angle":167.51},{"time":1.4667,"angle":179.42}],"translate":[{"time":0,"x":0,"y":0,"curve":[0,0,0.579,1]},{"time":0.2667,"x":0,"y":224.54,"curve":[0.516,0,1,1]},{"time":0.5333,"x":0,"y":27.13,"curve":[0,0,0.579,1]},{"time":0.7,"x":0,"y":75.62,"curve":[0.516,0,1,1]},{"time":0.8667,"x":0,"y":30.7,"curve":[0,0,0.579,1]},{"time":1.0333,"x":0,"y":39.74,"curve":[0.516,0,1,1]},{"time":1.2,"x":0,"y":18.37,"curve":[0,0,0.579,1]},{"time":1.3333,"x":0,"y":15.08,"curve":[0.516,0,1,1]},{"time":1.4667,"x":0,"y":-3}]}}},"skate helmet fall":{"slots":{"bullet box":{"attachment":[{"time":0,"name":null}]},"fx_fall":{"color":[{"time":1.4667,"color":"ffffffff"},{"time":2.8667,"color":"ffffff00"}],"attachment":[{"time":0,"name":"zombies/zombie_skater/helmet"}]}},"bones":{"object":{"rotate":[{"time":0,"angle":0},{"time":0.2667,"angle":-152.57},{"time":0.5333,"angle":113.2},{"time":0.7,"angle":14.63},{"time":0.8667,"angle":-53.49},{"time":1.0333,"angle":-143.41},{"time":1.2,"angle":141.92},{"time":1.3333,"angle":109.45},{"time":1.4667,"angle":22.1}],"translate":[{"time":0,"x":-12.33,"y":87.8,"curve":[0,0,0.579,1]},{"time":0.2667,"x":0,"y":297.69,"curve":[0.516,0,1,1]},{"time":0.5333,"x":0,"y":27.13,"curve":[0,0,0.579,1]},{"time":0.7,"x":0,"y":75.62,"curve":[0.516,0,1,1]},{"time":0.8667,"x":0,"y":30.7,"curve":[0,0,0.579,1]},{"time":1.0333,"x":0,"y":39.74,"curve":[0.516,0,1,1]},{"time":1.2,"x":0,"y":18.37,"curve":[0,0,0.579,1]},{"time":1.3333,"x":0,"y":38.1,"curve":[0.516,0,1,1]},{"time":1.4667,"x":0,"y":10.97}],"scale":[{"time":0,"x":0.801,"y":0.801}]}}},"smoke":{"slots":{"bullet box":{"attachment":[{"time":0,"name":null}]}},"bones":{"object":{"rotate":[{"time":0.3333,"angle":0}]}}},"song0":{"slots":{"bullet box":{"attachment":[{"time":0,"name":null}]},"fx_fall":{"attachment":[{"time":0,"name":"zombies/effect/fx_song"}]}},"bones":{"object":{"translate":[{"time":0,"x":0,"y":0},{"time":0.6667,"x":0,"y":88.56}]}}},"song1":{"slots":{"bullet box":{"attachment":[{"time":0,"name":null}]},"fx_fall":{"attachment":[{"time":0,"name":"zombies/effect/fx_song2"}]}},"bones":{"object":{"translate":[{"time":0,"x":0,"y":0},{"time":0.6667,"x":0,"y":88.56}]}}},"spear":{"slots":{"bullet":{"color":[{"time":1,"color":"ffffffff"},{"time":2,"color":"ffffff00"}],"attachment":[{"time":0,"name":"zombies/weapons/wpn_spear"}]},"bullet box":{"attachment":[{"time":1,"name":null}]},"shadow":{"color":[{"time":1,"color":"ffffffff"},{"time":2,"color":"ffffff00"}],"attachment":[{"time":0,"name":"zombies/effect/fx_zombie_shadow"}]}},"bones":{"bullet":{"rotate":[{"time":0,"angle":90},{"time":1,"angle":-247.33,"curve":"stepped"},{"time":1.1,"angle":-247.33}],"translate":[{"time":0,"x":0,"y":65.06},{"time":0.6667,"x":0.12,"y":50.34},{"time":1,"x":0,"y":39},{"time":1.1,"x":-17,"y":31.59},{"time":1.2333,"x":0,"y":39.93}],"scale":[{"time":0,"x":0.8,"y":0.8,"curve":"stepped"},{"time":1,"x":0.8,"y":0.8},{"time":1.1,"x":0.628,"y":0.8},{"time":1.2333,"x":0.8,"y":0.8}]},"shadow":{"translate":[{"time":0,"x":0,"y":0,"curve":"stepped"},{"time":1,"x":0,"y":0}],"scale":[{"time":0,"x":3.301,"y":0.717}]},"root":{"translate":[{"time":0,"x":-120,"y":0,"curve":"stepped"},{"time":1,"x":-120,"y":0}]}},"deform":{"default":{"bullet box":{"bullet box":[{"time":0,"vertices":[100.62091,-1.39753,0,0,-102.01616,-0.69874]}]}}},"events":[{"time":1,"name":"stop"}]},"spear fall":{"slots":{"bullet":{"color":[{"time":0.8333,"color":"ffffffff"},{"time":1.3333,"color":"ffffff00"}],"attachment":[{"time":0,"name":"zombies/weapons/wpn_spear"}]},"bullet box":{"attachment":[{"time":0,"name":null}]},"shadow":{"color":[{"time":0.8333,"color":"ffffffff"},{"time":1.3333,"color":"ffffff00"}],"attachment":[{"time":0,"name":"zombies/effect/fx_zombie_shadow"}]}},"bones":{"bullet":{"rotate":[{"time":0,"angle":90,"curve":"stepped"},{"time":0.2667,"angle":90},{"time":0.5333,"angle":74.52},{"time":0.6333,"angle":89.49},{"time":0.7333,"angle":-260.96},{"time":0.8333,"angle":-269.98}],"translate":[{"time":0,"x":0,"y":64.5},{"time":0.1333,"x":-62.92,"y":64.5},{"time":0.2667,"x":37.66,"y":87.42},{"time":0.5333,"x":118.98,"y":29.64},{"time":0.6333,"x":133.54,"y":2.24},{"time":0.7333,"x":198.59,"y":15.94},{"time":0.8333,"x":224.27,"y":2.67}],"scale":[{"time":0,"x":0.8,"y":0.8},{"time":0.1333,"x":0.334,"y":1.831},{"time":0.3333,"x":0.8,"y":0.8}]},"shadow":{"translate":[{"time":0,"x":0,"y":0,"curve":"stepped"},{"time":0.1667,"x":0,"y":0},{"time":0.6333,"x":135.68,"y":0},{"time":0.8333,"x":226.84,"y":0}],"scale":[{"time":0,"x":3.301,"y":0.717}]},"root":{"translate":[{"time":0,"x":71.9,"y":0}]}}},"trap poison":{"slots":{"bullet":{"attachment":[{"time":0,"name":"effectImages/trap_land_poison"}]},"shadow":{"attachment":[{"time":0,"name":"zombies/effect/fx_zombie_shadow"}]}},"bones":{"bullet":{"scale":[{"time":0,"x":1,"y":1,"curve":[0,0,0.579,1]},{"time":1,"x":0.945,"y":0.945,"curve":[0.516,0,1,1]},{"time":2,"x":1,"y":1}]},"shadow":{"scale":[{"time":0,"x":1.202,"y":2.169}]}},"deform":{"default":{"bullet box":{"bullet box":[{"time":0,"vertices":[16.77004,1.11798,0,29.06798,-13.41599,0,0,-24.03697]}]}}}},"trap poison dead":{"slots":{"bullet":{"color":[{"time":0,"color":"ffffffff"},{"time":1,"color":"ffffff00"}],"attachment":[{"time":0,"name":"effectImages/trap_land_poison"}]}},"deform":{"default":{"bullet box":{"bullet box":[{"time":0,"vertices":[18.44704,0,0.559,27.95,-16.21099,0,-0.559,-25.155]}]}}}},"trap poison fall":{"slots":{"bullet":{"attachment":[{"time":0,"name":"effectImages/trap_land_poison"}]},"shadow":{"attachment":[{"time":0,"name":"zombies/effect/fx_zombie_shadow"}]}},"bones":{"bullet":{"translate":[{"time":0,"x":0,"y":274.04},{"time":0.0333,"x":0,"y":297.44},{"time":0.3333,"x":0,"y":56.26},{"time":0.4333,"x":0,"y":-1.67},{"time":0.8,"x":0,"y":0}],"scale":[{"time":0,"x":1.089,"y":0.515},{"time":0.3333,"x":1.982,"y":0.344,"curve":[0,0,0.356,0.37]},{"time":0.4333,"x":0.644,"y":1.178,"curve":[0.273,0.28,0.609,0.62]},{"time":0.4667,"x":0.687,"y":1.699,"curve":[0.189,0.31,0.646,1]},{"time":0.8,"x":0.945,"y":0.945}]},"shadow":{"scale":[{"time":0,"x":1.202,"y":2.169}]}},"events":[{"time":0.3333,"name":"collision","int":1,"string":"bullet"},{"time":0.6,"name":"collision","int":1,"string":"bullet"},{"time":0.8,"name":"make missile","string":"trap poison"}]},"under":{"slots":{"bullet box":{"attachment":[{"time":0,"name":null}]},"fx_fall":{"attachment":[{"time":0,"name":"zombies/effect/fx_zombie_under_cap_0"}]},"shadow":{"attachment":[{"time":0,"name":"zombies/effect/fx_zombie_under_cap_1"}]}}},"under make":{"slots":{"bullet box":{"attachment":[{"time":0,"name":null}]},"fx_fall":{"color":[{"time":0,"color":"ffffff00","curve":"stepped"},{"time":0.1333,"color":"ffffff00"},{"time":0.3333,"color":"ffffffff"}],"attachment":[{"time":0,"name":"zombies/effect/fx_zombie_under_cap_0"}]},"shadow":{"attachment":[{"time":0,"name":"zombies/effect/fx_zombie_under_cap_1"}]}},"bones":{"shadow":{"scale":[{"time":0,"x":0,"y":0,"curve":[0.25,0,0.75,1.62]},{"time":0.2667,"x":1,"y":1}]},"object":{"rotate":[{"time":0.3333,"angle":0},{"time":0.4,"angle":-13.05},{"time":0.5,"angle":0},{"time":0.5667,"angle":7.5},{"time":0.6667,"angle":0}],"translate":[{"time":0.1333,"x":0,"y":122.88},{"time":0.3333,"x":0,"y":0},{"time":0.4,"x":0,"y":8.34},{"time":0.5,"x":0,"y":0},{"time":0.5667,"x":0,"y":7.78},{"time":0.6667,"x":0,"y":0}]}}},"under open":{"slots":{"bullet box":{"attachment":[{"time":0,"name":null}]},"fx_fall":{"attachment":[{"time":0,"name":"zombies/effect/fx_zombie_under_cap_0"}]},"shadow":{"attachment":[{"time":0,"name":"zombies/effect/fx_zombie_under_cap_1"}]}},"bones":{"object":{"rotate":[{"time":0,"angle":0},{"time":0.0667,"angle":6.16},{"time":0.1333,"angle":-2.5},{"time":0.2,"angle":8.94},{"time":0.2667,"angle":-4.55},{"time":0.3333,"angle":0,"curve":"stepped"},{"time":0.6667,"angle":0},{"time":0.8333,"angle":-30},{"time":1.1667,"angle":0}],"translate":[{"time":0,"x":0,"y":0,"curve":"stepped"},{"time":0.6667,"x":0,"y":0},{"time":0.8333,"x":22.86,"y":10},{"time":1.1667,"x":80,"y":0,"curve":"stepped"},{"time":2.6333,"x":80,"y":0},{"time":3,"x":0,"y":0}]}},"events":[{"time":1.1667,"name":"make zombie","string":"under up"}]},"under open cap":{"slots":{"bullet box":{"attachment":[{"time":0,"name":null}]},"fx_fall":{"attachment":[{"time":0,"name":"zombies/effect/fx_zombie_under_cap_0"}]},"shadow":{"attachment":[{"time":0,"name":"zombies/effect/fx_zombie_under_cap_1"}]}},"bones":{"object":{"rotate":[{"time":0,"angle":0},{"time":0.0667,"angle":6.16},{"time":0.1333,"angle":-2.5},{"time":0.2,"angle":8.94},{"time":0.2667,"angle":-4.55},{"time":0.3333,"angle":0,"curve":"stepped"},{"time":0.6667,"angle":0},{"time":0.8333,"angle":-30},{"time":1.1667,"angle":0}],"translate":[{"time":0,"x":0,"y":0,"curve":"stepped"},{"time":0.6667,"x":0,"y":0},{"time":0.8333,"x":22.86,"y":10},{"time":1.1667,"x":80,"y":0,"curve":"stepped"},{"time":2.6333,"x":80,"y":0},{"time":3,"x":0,"y":0}]}}}}},[0]]],0,0,[0],[-1],[0]]