[1,["ecpdLyjvZBwrvm+cedCcQy","89utgAfUxGSLKtOIfUJnA8","1fXWrokORLk4SekUj2kIdj"],["root","node","data","_spriteFrame","_textureSetter"],["cc.SpriteFrame",["cc.Prefab",["_name"],2],["cc.Node",["_name","_components","_prefab","_contentSize"],2,9,4,5],["cc.Sprite",["node","_materials","_spriteFrame"],3,1,3,6],["cc.PrefabInfo",["root"],3,1]],[[1,0,2],[2,0,1,2,3,2],[3,0,1,2,1],[4,0,1]],[[[[0,"bullet_11"],[1,"bullet_4",[[2,-2,[0],1]],[3,-1],[5,56,18]]],0,[0,0,1,0,1,1,0,2,1,2],[0,0],[-1,3],[0,1]],[[{"name":"zhadan","rect":[0,0,56,18],"offset":[0,0],"originalSize":[56,18],"capInsets":[0,0,0,0]}],[0],0,[0],[4],[2]]]]