[1,["ecpdLyjvZBwrvm+cedCcQy","92lahOduZETao9w5HJh5nG","3aVse9BXFKXrE6hf76W2fc","1ehyBjSAdG+oi9vaPygqcC","21Jw2rSo1LUYTKBKqFzK4V","c2cWGaTJlGQbzynAZUvVVB"],["node","_spriteFrame","_textureSetter","root","data"],[["cc.Node",["_name","_prefab","_components","_contentSize","_parent","_trs","_children","_anchorPoint"],2,4,9,5,1,7,2,5],"cc.SpriteFrame",["cc.Sprite",["_sizeMode","node","_materials","_spriteFrame"],2,1,3,6],["cc.PrefabInfo",["fileId","root","asset"],2,1,1],["cc.Prefab",["_name"],2],["a019aHNbMxO8qc/bLWMPaut",["node"],3,1],["cc.Label",["_string","_fontSize","_lineHeight","_styleFlags","_N$horizontalAlign","_N$verticalAlign","node","_materials"],-3,1,3],["cc.LabelOutline",["node","_color"],3,1,5]],[[3,0,1,2,2],[2,0,1,2,3,2],[0,0,4,2,1,3,2],[4,0,2],[0,0,6,2,1,3,5,2],[0,0,4,6,1,2],[0,0,4,2,1,3,5,2],[0,0,4,2,1,3,7,5,2],[2,1,2,3,1],[5,0,1],[3,1,2,1],[6,0,1,2,3,4,5,6,7,7],[7,0,1,1]],[[[{"name":"发光外框","rect":[5,0,322,380],"offset":[1,0],"originalSize":[330,380],"capInsets":[0,0,0,0]}],[1],0,[0],[2],[2]],[[[3,"choujiang_per_wuping"],[4,"choujiang_per_wuping",[-4,-5,-6],[[1,0,-2,[7],8],[9,-3]],[10,-1,0],[5,162,203],[0,0,0,0,0,0,1,1,1,0]],[5,"wuping",1,[-7,-8],[0,"1awRDdJVpF6aycedJ96nP0",1,0]],[6,"n",2,[[11,"重玩卡",24,30,1,1,1,-9,[2]],[12,-10,[4,4294901760]]],[0,"cbEphNMu9McLvyHSaAIMpF",1,0],[5,74,39.8],[5,-70.305,0,0,0,0,1,1,1,1]],[7,"icon",2,[[8,-11,[0],1]],[0,"1b7qdUtLVNUKhaR1RWoxaw",1,0],[5,106,121],[0,0.5,0],[0,-30,0,0,0,0,1,1,1,1]],[2,"back",1,[[1,0,-12,[3],4]],[0,"50zPVEAqRKZppmNaIg3Dhm",1,0],[5,162,203]],[2,"FrameSelect",1,[[1,0,-13,[5],6]],[0,"9d3hsnl19IIaJjOrpw9VbY",1,0],[5,214,260]]],0,[0,3,1,0,0,1,0,0,1,0,-1,2,0,-2,5,0,-3,6,0,-1,4,0,-2,3,0,0,3,0,0,3,0,0,4,0,0,5,0,0,6,0,4,1,13],[0,0,0,0,0,0,0,0,0],[-1,1,-1,-1,1,-1,1,-1,1],[0,3,0,0,1,0,4,0,1]],[[{"name":"卡片背面","rect":[838,1662,246,316],"offset":[0,0],"originalSize":[246,316],"capInsets":[0,0,0,0]}],[1],0,[0],[2],[5]]]]