[1,["ecpdLyjvZBwrvm+cedCcQy","e2SpWBpalBNJp2MSDFgJ8i","5dfQeM/wpOmrz4rmLb11j9"],["root","node","data","_spriteFrame","_textureSetter"],[["cc.Node",["_name","_prefab","_children","_parent","_components","_contentSize"],2,4,2,1,9,5],["cc.PrefabInfo",["fileId","root","asset"],2,1,1],"cc.SpriteFrame",["cc.Prefab",["_name"],2],["cc.Sprite",["node","_materials","_spriteFrame"],3,1,3,6]],[[3,0,2],[0,0,2,1,2],[0,0,3,4,1,5,2],[1,1,2,1],[1,0,1,2,2],[4,0,1,2,1]],[[[[0,"ping_desk"],[1,"ping_desk",[-2],[3,-1,0]],[2,"desk_bk",1,[[5,-3,[0],1]],[4,"37VsAJt7FHE7j+YhQhXx4x",1,0],[5,619,48]]],0,[0,0,1,0,-1,2,0,1,2,0,2,1,3],[0,0],[-1,3],[0,1]],[[{"name":"banzi","rect":[0,0,619,48],"offset":[0,0],"originalSize":[619,48],"capInsets":[0,0,0,0]}],[2],0,[0],[4],[2]]]]