[1,["ecpdLyjvZBwrvm+cedCcQy","abBdGnJrhM4LCyDoLZM8o3","04MAtKlGJACoQcu3hpjVdN","a2MjXRFdtLlYQ5ouAFv/+R","52vrEEEFlFI7sHdrpLO59i","94IOSF+lxIsp6xBA7Vzo4I","57CaCxnRpNTaY8pOnQAOkI","7dxQUV6x1Nu5zPsoxD0tOt","33W2nVvf9MHpeejryS3Jl1","5592J+CYZNT7EAp3bzvn3B","a7UBrzGWlH2ar0Yj1mdQl6","4boKmsIZxCLL+evOX2l2o5","12nq2fFOdJ4Zj6lppmBpYX","87wpGxa3ZOf5KzuBqhcHZ9","33pBwx+89M1rOZkCLX/MOX","41tS2sUhlG3LS7HTc5pbuA","c6pC/pRShKlLXY7hOPtcNv","c7FZGtoJ9DD5A0f9yAZcJW","25qaeyAdRP3KieBra7aE9v","3213AklVJMsKD0QcR4weSm","55DMuDHZRPUbKlbzZGdaRV","3c35OQND1N7LuxvhjE6Xqb","34bvzzjw1GjoS2WUO1+eBp","f0tRLOx3tN2K6oqiEHoz2y","89QdAovTFL0KJp06OOd/rb","ecNNc3HphFwZuZT0ml12db","42gB24lnVGEKambNItbGAS","24UJ/Gg6tEjonAb/p1uUBA","ceSC7rFsJE84NQczNmisLu","57WaSGAkJHbYATykEtktHV","8aFYwNGKlELJdMImZ9i2yp","2ddWdgrRpOMLwJUF9nFmrC","62Y8ZRjmZCCJeBgfpjKY9a","74f9sT01hKhJAB1fNN7r5s","62KlaSek5M8Ll6FqPpUvrH","b4AUkSEN9IH54XdgSGjSUC","3ae7efMv1CLq2ilvUY/tQi","95FKIDjz5Nhovd5HHY+XBb","95TBSz4dlLFZ8Y3iuwKcIX","bf4Z1041hKeZTFc7iKvzJf","11GFyuUIJKSYxB737VkfSp","24NdQG3fVNop9/96LB1mgY","8fzWYvryhHbY2YpJl5zzf+","0axay7bghFHrni9NMpCWjO","52ZE2/drlAOYsm8m3ZBCmA","32/APKAhNCbbDDRyipPIu3","a2Kx6fwkhCc7K1rg6Mjpmm","73ieTUxptMn6hW+RGl9gWj","30glRyU99IPbQ0abQpW+Av","dak2YkCP5PZ5xG5H3jwWXQ"],["node","_spriteFrame","_textureSetter","_parent","_N$normalSprite","root","data"],["cc.SpriteFrame",["cc.Node",["_name","_active","_opacity","_prefab","_parent","_components","_children","_contentSize","_trs","_color","_anchorPoint"],0,4,1,9,2,5,7,5,5],["cc.Button",["_N$transition","zoomScale","node","_N$normalSprite"],1,1,6],["cc.Sprite",["_sizeMode","node","_materials","_spriteFrame"],2,1,3,6],["cc.Label",["_string","_fontSize","_N$horizontalAlign","_N$verticalAlign","_lineHeight","_styleFlags","node","_materials"],-3,1,3],["cc.PrefabInfo",["fileId","root","asset"],2,1,1],["cc.Prefab",["_name"],2],["cc.Node",["_name","_parent","_children","_prefab","_trs"],2,1,12,4,7],["97e2bTmzGhG97eVgfDhhG5E",["node"],3,1],["cc.BlockInputEvents",["node"],3,1],["d47f4KA8v5OfYEIGgeo6CdK",["node"],3,1],["cc.LabelOutline",["_width","node","_color"],2,1,5]],[[5,0,1,2,2],[1,0,4,5,3,7,8,2],[3,1,2,3,1],[3,0,1,2,3,2],[2,1,0,2,3],[11,0,1,2,2],[1,0,4,6,3,2],[4,0,1,4,5,2,3,6,7,7],[1,0,6,5,3,7,8,2],[1,0,4,5,3,7,2],[1,0,1,4,6,3,3],[2,2,1],[2,1,0,2,3,3],[4,0,1,4,2,3,6,7,6],[1,0,4,3,2],[1,0,4,5,3,7,10,8,2],[7,0,1,2,3,4,2],[3,0,1,2,2],[1,0,4,6,5,3,7,8,2],[1,0,4,5,3,9,7,8,2],[2,0,2,2],[4,0,1,5,2,3,6,7,6],[6,0,2],[1,0,6,5,3,7,2],[1,0,1,6,3,3],[1,0,6,3,2],[1,0,2,4,5,3,9,7,3],[1,0,4,6,5,3,2],[8,0,1],[5,1,2,1],[9,0,1],[10,0,1]],[[[{"name":"button_jinru","rect":[0,0,144,63],"offset":[0,0],"originalSize":[144,63],"capInsets":[0,0,0,0]}],[0],0,[0],[2],[8]],[[{"name":"day_info_bk","rect":[0,0,161,44],"offset":[0,0],"originalSize":[161,44],"capInsets":[0,0,0,0]}],[0],0,[0],[2],[9]],[[{"name":"bkg_center","rect":[0,0,1440,1920],"offset":[0,0],"originalSize":[1440,1920],"capInsets":[0,0,0,0]}],[0],0,[0],[2],[10]],[[{"name":"mstw","rect":[0,0,246,105],"offset":[0,0],"originalSize":[246,105],"capInsets":[0,0,0,0]}],[0],0,[0],[2],[11]],[[{"name":"shouye ","rect":[0,0,91,92],"offset":[0,0],"originalSize":[91,92],"capInsets":[0,0,0,0]}],[0],0,[0],[2],[12]],[[{"name":"luosihechengbtn","rect":[0,0,293,110],"offset":[0,0],"originalSize":[293,110],"capInsets":[0,0,0,0]}],[0],0,[0],[2],[13]],[[{"name":"hmk","rect":[0,0,246,105],"offset":[0,0],"originalSize":[246,105],"capInsets":[0,0,0,0]}],[0],0,[0],[2],[14]],[[{"name":"bkg_center","rect":[0,0,1440,1920],"offset":[0,0],"originalSize":[1440,1920],"capInsets":[0,0,0,0]}],[0],0,[0],[2],[15]],[[{"name":"txz","rect":[0,0,246,105],"offset":[0,0],"originalSize":[246,105],"capInsets":[0,0,0,0]}],[0],0,[0],[2],[16]],[[{"name":"button_mrtz","rect":[0,0,296,88],"offset":[0,0],"originalSize":[296,88],"capInsets":[0,0,0,0]}],[0],0,[0],[2],[17]],[[[22,"more_wanfa_dlg"],[23,"more_wanfa_dlg",[-3,-4],[[28,-2]],[29,-1,0],[5,720,1280]],[24,"1",false,[-5,-6,-7,-8,-9,-10],[0,"f57gPTwMBN3rCirWK/tpME",1,0]],[25,"menu",[2,-11,-12,-13,-14],[0,"3a27Z+GBVLFLrtJG66npO/",1,0]],[10,"4",false,3,[-15,-16,-17,-18,-19],[0,"ddjZw4NkpCUoY9Oawv2zUx",1,0]],[16,"1",4,[[-20,-21,-22,[14,"title",-23,[0,"286UEk4HhGGaxts6zHol+n",1,0]],-24],1,1,1,4,1],[0,"b0dFRWSWBH/YfskZJ8urR/",1,0],[180,153.78,0,0,0,0,1,1,1,1]],[16,"2",4,[[-25,-26,-27,[14,"title",-28,[0,"a0ommLBDpA8qCTY8PCV6b3",1,0]],-29],1,1,1,4,1],[0,"25U4PyDUtLrbCvgNB/Wf8f",1,0],[-180,153.78,0,0,0,0,1,1,1,1]],[16,"3",4,[[-30,-31,-32,[14,"title",-33,[0,"feUOcEVWdF5Yd5w4D3JJbd",1,0]],-34],1,1,1,4,1],[0,"ceQ4SBAmdEY7Ta8Hc6gt/J",1,0],[-180,-235.22000000000003,0,0,0,0,1,1,1,1]],[16,"4",4,[[-35,-36,-37,[14,"title",-38,[0,"efJvtwsRBB4aMNZ43BUTGK",1,0]],-39],1,1,1,4,1],[0,"51iaWbY/FApIbeI+hX51LS",1,0],[180,-235.22000000000003,0,0,0,0,1,1,1,1]],[10,"2",false,3,[-40,-41,-42,-43],[0,"d4x+WXKcJPQ7CrhxP5Q3PG",1,0]],[18,"meiritiaozhan",9,[-46,-47],[[2,-44,[32],33],[4,1.1,3,-45]],[0,"cflGLdTe9OOLCYCfDpOJIZ",1,0],[5,293,110],[-180,-73,0,0,0,0,1,1,1,0]],[8,"startyingyebtn",[-50,-51],[[2,-48,[40],41],[20,3,-49]],[0,"65Ytkg/OZDGqI7DT/OAQfN",1,0],[5,310,88],[0,132.848,0,0,0,0,1,1,1,0]],[8,"yidianshanghai",[-54,-55],[[3,0,-52,[82],83],[4,1.1,3,-53]],[0,"d4bAgp3t5Mi6zhZBx0jsId",1,0],[5,360,140],[0,151.216,0,0,0,0,1,1,1,0]],[8,"yiyishuqian",[-58,-59],[[3,0,-56,[86],87],[4,1.1,3,-57]],[0,"01k9ceQG5DiYKZav/bst8y",1,0],[5,330,130],[0,-161.143,0,0,0,0,1,1,1,0]],[26,"bk",200,1,[[3,0,-60,[0],1],[30,-61],[11,-62]],[0,"d2sjuDLihB5KpqXIikgn+1",1,0],[4,4278190080],[5,1000,2000]],[6,"panel",1,[-63,-64,3],[0,"a959gJOXVAU5ytzPQxk/0v",1,0]],[6,"bk",15,[-65,-66,-67],[0,"dc+M/UV0tPmr5LnvxnNbrc",1,0]],[18,"luosihechengbtn",9,[-70],[[2,-68,[35],36],[4,1.1,3,-69]],[0,"2d6oRQYFJBKoqxBm8u7LvV",1,0],[5,293,110],[1.992,162.48000000000002,0,0,0,0,1,1,1,0]],[6,"3",3,[11,-71,-72],[0,"5faiw6yS1O+Jd5RGX4HueK",1,0]],[8,"button_jinru",[-75],[[2,-73,[52],53],[4,1.1,3,-74]],[0,"c5Tk/jOLRDJb2OiPdZclwA",1,0],[5,144,63],[0,-135.563,0,0,0,0,1,1,1,0]],[8,"button_jinru",[-78],[[2,-76,[60],61],[4,1.1,3,-77]],[0,"551f0SwmdNDYpcFZGGse3j",1,0],[5,144,63],[0,-135.563,0,0,0,0,1,1,1,0]],[8,"button_jinru",[-81],[[2,-79,[68],69],[4,1.1,3,-80]],[0,"eaYTdtOEdCOKxDRea/Lsq+",1,0],[5,144,63],[0,-135.563,0,0,0,0,1,1,1,0]],[8,"button_jinru",[-84],[[2,-82,[76],77],[4,1.1,3,-83]],[0,"754/Gw/5ZHo4+qARm9285q",1,0],[5,144,63],[0,-135.563,0,0,0,0,1,1,1,0]],[10,"5",false,3,[-85,12,13],[0,"dfaKNFbP5L76Km1mO0KvZa",1,0]],[27,"bottommenu",15,[-87],[[31,-86]],[0,"12Cx76ul9ENo2Lx6bhzOUU",1,0]],[1,"exitbtn",24,[[3,0,-88,[8],9],[4,1.1,3,-89]],[0,"d772HAznpNe6XB60GhQBFI",1,0],[5,120,120],[258.328,-541.338,0,0,0,0,1,1,1,0]],[1,"title",2,[[7,"木块训练",80,80,1,1,1,-90,[10]],[5,6,-91,[4,4290065039]]],[0,"6b3pgrluhNuZ2uiXyKKJ/U",1,0],[5,332,112.8],[0,425.513,0,0,0,0,1,1,1,1]],[1,"huamukuai",2,[[2,-92,[11],12],[12,1.1,3,-93,13]],[0,"52xluhfM1C6ojOS6mpI5qV",1,0],[5,246,105],[-8.189,176.623,0,0,0,0,1,1.2,1.2,0]],[1,"yixiangzi",2,[[2,-94,[14],15],[12,1.1,3,-95,16]],[0,"0b/WmMWq9JQbeNIXnY5Iyl",1,0],[5,246,105],[-154,-24,0,0,0,0,1,1,1,0]],[1,"tuixiangzi",2,[[2,-96,[17],18],[12,1.1,3,-97,19]],[0,"bcl1tG4VhFMK6a0hAsd/o+",1,0],[5,246,105],[194,-24,0,0,0,0,1,1,1,0]],[1,"mushitaowang",2,[[2,-98,[20],21],[12,1.1,3,-99,22]],[0,"3031Skk1lIqZ2UVeKNV/5L",1,0],[5,246,105],[-156,-201,0,0,0,0,1,1,1,0]],[1,"shuzihuarongdao",2,[[2,-100,[23],24],[12,1.1,3,-101,25]],[0,"fdnNcqgWJHY4Bs+FVsXKhJ",1,0],[5,246,105],[194,-201,0,0,0,0,1,1,1,0]],[1,"title",9,[[7,"螺丝训练",80,80,1,1,1,-102,[26]],[5,6,-103,[4,4290065039]]],[0,"8cg+AiOMxCmpAtgJCYPGbz",1,0],[5,332,112.8],[0,425.513,0,0,0,0,1,1,1,1]],[1,"luosixiaochubtn",9,[[2,-104,[27],28],[4,1.1,3,-105]],[0,"d2L/eozpREt7uggvivSPu5",1,0],[5,296,108],[180,-73,0,0,0,0,1,1,1,0]],[15,"t",10,[[21,"排序训练",32,1,1,1,-106,[31]],[5,3,-107,[4,4280115906]]],[0,"e4nM8EGxlGfbfrk+e6oaKe",1,0],[5,134,56.4],[0,0,0.5],[-40.506,3.024,0,0,0,0,1,1,1,1]],[1,"meiritiaozhenbtn",18,[[2,-108,[42],43],[20,3,-109]],[0,"b5r1ChF1BLErAIV8ATan/T",1,0],[5,296,88],[0,-43.998,0,0,0,0,1,1,1,0]],[1,"title",18,[[7,"酒吧训练",80,80,1,1,1,-110,[44]],[5,6,-111,[4,4290065039]]],[0,"15Dv6VtfJBNr68zmBfSpXl",1,0],[5,332,112.8],[0,425.513,0,0,0,0,1,1,1,1]],[1,"title",4,[[7,"怪兽训练",80,80,1,1,1,-112,[45]],[5,6,-113,[4,4290065039]]],[0,"d7j/JAGvpEor7E3AeoSjRL",1,0],[5,332,112.8],[0,425.513,0,0,0,0,1,1,1,1]],[1,"ban",5,[[2,-114,[46],47],[11,-115]],[0,"7559+75K5PSoGrK3Zzw69C",1,0],[5,283,360],[0,2.393,0,0,0,0,1,1,1,1]],[9,"ban",6,[[2,-116,[54],55],[11,-117]],[0,"a2PttcFdxKgJStp8ODh//Y",1,0],[5,283,360]],[9,"ban",7,[[2,-118,[62],63],[11,-119]],[0,"a3YQMLOphNObmDwF11MACG",1,0],[5,283,360]],[9,"ban",8,[[2,-120,[70],71],[11,-121]],[0,"63rdLx/wpJVbEQRwNmgWS1",1,0],[5,283,360]],[1,"title",23,[[7,"一亿玩法训练",80,80,1,1,1,-122,[78]],[5,6,-123,[4,4290065039]]],[0,"b5+tlEEYxJ3obPozvRSU6x",1,0],[5,492,112.8],[0,425.513,0,0,0,0,1,1,1,1]],[15,"t",12,[[7,"一亿伤害\n训练",36,50,1,1,1,-124,[81]],[5,4,-125,[4,4285234844]]],[0,"ceZPZm7ZhBx7y6OAU29f+w",1,0],[5,152,121],[0,0,0.5],[-24.813,3,0,0,0,0,1,1,1,1]],[15,"t",13,[[7,"一亿数钱\n训练",26,36,1,1,1,-126,[84]],[5,4,-127,[4,4285234844]]],[0,"68JQFf8SlAi4Q3xFeAS5ti",1,0],[5,112,89.36],[0,0,0.5],[-16.813,3,0,0,0,0,1,1,1,1]],[15,"t",13,[[7,"开发中",22,36,1,1,1,-128,[85]],[5,4,-129,[4,4285234844]]],[0,"2a6ZSiSfNKepMpyLFQQ8Ho",1,0],[5,74,53.36],[0,0,0.5],[-134.414,3,0,0,0,0,1,1,1,1]],[10,"1",false,16,[-130],[0,"57vE6+bJVAVJEObu82m/jz",1,0]],[9,"bkg_center",46,[[2,-131,[2],3]],[0,"621w9FziBL2L/nzgwsA6Hh",1,0],[5,1440,1920]],[10,"2",false,16,[-132],[0,"1bD7wqOxZBkZ6u8XvSXISR",1,0]],[9,"bkg_center",48,[[2,-133,[4],5]],[0,"65TwM08SZJLLQ/4s7fJrY5",1,0],[5,1440,1920]],[6,"3",16,[-134],[0,"b6ZzEhnn5O5otTzftoR+Uo",1,0]],[9,"bkg_center",50,[[2,-135,[6],7]],[0,"9cjtN3MJVKLJ+V7vyG/kXW",1,0],[5,1440,1920]],[19,"bk",10,[[3,0,-136,[29],30]],[0,"d7oSfHPXhOPqciTElUzgsC",1,0],[4,4279819141],[5,160,60],[33.459,9.812,0,0,0,0,1,1,1,1]],[1,"maxshu",17,[[21,"11",24,1,1,1,-137,[34]]],[0,"1eqCuxFjBDZLVJ87eqRauo",1,0],[5,25.37,50.4],[-91.427,-0.349,0,0,0,0,1,1,1,1]],[1,"day_info_bk",11,[[2,-138,[37],38]],[0,"006nUSAcZLAZXASgxmsLi3",1,0],[5,161,44],[1.227,67.475,0,0,0,0,1,1,1,1]],[19,"c",11,[[13,"第1天",24,24,1,1,-139,[39]]],[0,"5baYOdRBBMmoPmOSlswf7t",1,0],[4,4284517320],[5,61.35,30.24],[0,66.48,0,0,0,0,1,1,1,1]],[1,"t3",5,[[3,0,-140,[48],49]],[0,"04hdREeGROoqrqW5W0A8wz",1,0],[5,210,270],[0,8,0,0,0,0,1,1,1,1]],[1,"t",5,[[13,"排序训练",32,32,1,1,-141,[50]]],[0,"ba3BMvWWpPVK7YctOZ90Bs",1,0],[5,128,40.32],[-4,136,0,0,0,0,1,1,1,1]],[6,"com",5,[19],[0,"99xGJoB3RJPp4y5tO2pNMk",1,0]],[1,"hongdian",19,[[17,0,-142,[51]]],[0,"53/LZynDNGl4RPeoziH2BR",1,0],[5,26,26],[61.507,23.597,0,0,0,0,1,1,1,1]],[1,"wanfa2",6,[[3,0,-143,[56],57]],[0,"7dZHlb7GhMA7SNUNJ7yT0B",1,0],[5,130,100],[0,7,0,0,0,0,1,1,1,1]],[1,"t",6,[[13,"集合训练",32,32,1,1,-144,[58]]],[0,"8c98iK9QtNxqPyBJlUDN3P",1,0],[5,128,40.32],[-4,136,0,0,0,0,1,1,1,1]],[6,"com",6,[20],[0,"1cvEtv/W1IKaLLl2ubzXsZ",1,0]],[1,"hongdian",20,[[17,0,-145,[59]]],[0,"ecQ064MKBA8qVWU81oRs8C",1,0],[5,26,26],[61.507,23.597,0,0,0,0,1,1,1,1]],[1,"wanfa3",7,[[3,0,-146,[64],65]],[0,"ab/HnmowlJC7F9T6GRrpyN",1,0],[5,140,110],[-1.395,0,0,0,0,0,1,1,1,1]],[1,"t",7,[[13,"疯狂集合训练",32,32,1,1,-147,[66]]],[0,"4cKZDbqwlJTZ+Nm1H0lXZM",1,0],[5,192,40.32],[-4,136,0,0,0,0,1,1,1,1]],[6,"com",7,[21],[0,"e94c4YJIRKfoJNaFpUM6UO",1,0]],[1,"hongdian",21,[[17,0,-148,[67]]],[0,"467GYQ+ulPnr9+LfN0n3IV",1,0],[5,26,26],[61.507,23.597,0,0,0,0,1,1,1,1]],[1,"wanfa2",8,[[3,0,-149,[72],73]],[0,"52Jt1VtnRJVpDMgB/bcjd9",1,0],[5,140,180],[0,5.905,0,0,0,0,1,1,1,1]],[1,"t",8,[[13,"疯狂排序训练",32,32,1,1,-150,[74]]],[0,"31qMrrciRBaqNaqB8eSyns",1,0],[5,192,40.32],[-4,136,0,0,0,0,1,1,1,1]],[6,"com",8,[22],[0,"c23mTcyutPoYp2IUWomK5X",1,0]],[1,"hongdian",22,[[17,0,-151,[75]]],[0,"54pSd4aOZAGKZtyQXsJHj/",1,0],[5,26,26],[61.507,23.597,0,0,0,0,1,1,1,1]],[1,"luosixunlian",12,[[3,0,-152,[79],80]],[0,"68fB96ROVHJ5159g9I/AtA",1,0],[5,80,80],[-107.274,4.157,0,0,0,0,1,1,1,1]]],0,[0,5,1,0,0,1,0,-1,14,0,-2,15,0,-1,26,0,-2,27,0,-3,28,0,-4,29,0,-5,30,0,-6,31,0,-2,9,0,-3,18,0,-4,4,0,-5,23,0,-1,37,0,-2,5,0,-3,6,0,-4,7,0,-5,8,0,-1,38,0,-2,56,0,-3,57,0,3,5,0,-5,58,0,-1,39,0,-2,60,0,-3,61,0,3,6,0,-5,62,0,-1,40,0,-2,64,0,-3,65,0,3,7,0,-5,66,0,-1,41,0,-2,68,0,-3,69,0,3,8,0,-5,70,0,-1,32,0,-2,33,0,-3,10,0,-4,17,0,0,10,0,0,10,0,-1,52,0,-2,34,0,0,11,0,0,11,0,-1,54,0,-2,55,0,0,12,0,0,12,0,-1,72,0,-2,43,0,0,13,0,0,13,0,-1,44,0,-2,45,0,0,14,0,0,14,0,0,14,0,-1,16,0,-2,24,0,-1,46,0,-2,48,0,-3,50,0,0,17,0,0,17,0,-1,53,0,-2,35,0,-3,36,0,0,19,0,0,19,0,-1,59,0,0,20,0,0,20,0,-1,63,0,0,21,0,0,21,0,-1,67,0,0,22,0,0,22,0,-1,71,0,-1,42,0,0,24,0,-1,25,0,0,25,0,0,25,0,0,26,0,0,26,0,0,27,0,0,27,0,0,28,0,0,28,0,0,29,0,0,29,0,0,30,0,0,30,0,0,31,0,0,31,0,0,32,0,0,32,0,0,33,0,0,33,0,0,34,0,0,34,0,0,35,0,0,35,0,0,36,0,0,36,0,0,37,0,0,37,0,0,38,0,0,38,0,0,39,0,0,39,0,0,40,0,0,40,0,0,41,0,0,41,0,0,42,0,0,42,0,0,43,0,0,43,0,0,44,0,0,44,0,0,45,0,0,45,0,-1,47,0,0,47,0,-1,49,0,0,49,0,-1,51,0,0,51,0,0,52,0,0,53,0,0,54,0,0,55,0,0,56,0,0,57,0,0,59,0,0,60,0,0,61,0,0,63,0,0,64,0,0,65,0,0,67,0,0,68,0,0,69,0,0,71,0,0,72,0,6,1,2,3,3,3,3,15,11,3,18,12,3,23,13,3,23,19,3,58,20,3,62,21,3,66,22,3,70,152],[0,0,0,0,0,0,0,0,0,0,0,0,0,0,0,0,0,0,0,0,0,0,0,0,0,0,0,0,0,0,0,0,0,0,0,0,0,0,0,0,0,0,0,0,0,0,0,0,0,0,0,0,0,0,0,0,0,0,0,0,0,0,0,0,0,0,0,0,0,0,0,0,0,0,0,0,0,0,0,0,0,0,0,0,0,0,0,0],[-1,1,-1,1,-1,1,-1,1,-1,1,-1,-1,1,4,-1,1,4,-1,1,4,-1,1,4,-1,1,4,-1,-1,1,-1,1,-1,-1,1,-1,-1,1,-1,1,-1,-1,1,-1,1,-1,-1,-1,1,-1,1,-1,-1,-1,1,-1,1,-1,1,-1,-1,-1,1,-1,1,-1,1,-1,-1,-1,1,-1,1,-1,1,-1,-1,-1,1,-1,-1,1,-1,-1,1,-1,-1,-1,1],[0,3,0,18,0,19,0,20,0,21,0,0,4,4,0,5,5,0,6,6,0,22,7,0,23,7,0,0,24,0,3,0,0,25,0,0,26,0,27,0,0,28,0,29,0,0,0,1,0,30,0,0,0,2,0,1,0,31,0,0,0,2,0,1,0,32,0,0,0,2,0,1,0,33,0,0,0,2,0,0,34,0,0,35,0,0,36,37]],[[{"name":"wanfa3","rect":[0,0,200,166],"offset":[0,0],"originalSize":[200,166],"capInsets":[0,0,0,0]}],[0],0,[0],[2],[38]],[[{"name":"t4","rect":[0,0,283,360],"offset":[0,0],"originalSize":[283,360],"capInsets":[0,0,0,0]}],[0],0,[0],[2],[39]],[[{"name":"mkhrd","rect":[0,0,246,105],"offset":[0,0],"originalSize":[246,105],"capInsets":[0,0,0,0]}],[0],0,[0],[2],[40]],[[{"name":"luosixiaochubtn","rect":[0,0,296,108],"offset":[0,0],"originalSize":[296,108],"capInsets":[0,0,0,0]}],[0],0,[0],[2],[41]],[[{"name":"t3","rect":[0,0,283,360],"offset":[0,0],"originalSize":[283,360],"capInsets":[0,0,0,0]}],[0],0,[0],[2],[42]],[[{"name":"yxz","rect":[0,0,246,105],"offset":[0,0],"originalSize":[246,105],"capInsets":[0,0,0,0]}],[0],0,[0],[2],[43]],[[{"name":"emptybtn2","rect":[0,0,260,100],"offset":[0,0],"originalSize":[260,100],"capInsets":[0,0,0,0]}],[0],0,[0],[2],[44]],[[{"name":"ban1png","rect":[0,0,283,360],"offset":[0,0],"originalSize":[283,360],"capInsets":[0,0,0,0]}],[0],0,[0],[2],[45]],[[{"name":"emptybtn4","rect":[0,0,260,100],"offset":[0,0],"originalSize":[260,100],"capInsets":[0,0,0,0]}],[0],0,[0],[2],[46]],[[{"name":"button_ksyy","rect":[0,0,310,88],"offset":[0,0],"originalSize":[310,88],"capInsets":[0,0,0,0]}],[0],0,[0],[2],[47]],[[{"name":"meiritiaozhan","rect":[0,0,293,110],"offset":[0,0],"originalSize":[293,110],"capInsets":[0,0,0,0]}],[0],0,[0],[2],[48]],[[{"name":"szhrd","rect":[0,0,246,105],"offset":[0,0],"originalSize":[246,105],"capInsets":[0,0,0,0]}],[0],0,[0],[2],[49]]]]