[1,["ecpdLyjvZBwrvm+cedCcQy","591cbH39ZCM7Y4fvq5OHbX","62sOOPfdVCM4TQLfnIi9yp","3eXDPz8SREJLu6rilVLBLv","50jNsr4N1LFpoa4Mj0lrXn","88ORRGA2FAQICuJeBJoNLT","a2MjXRFdtLlYQ5ouAFv/+R","29pP7xYO1Ld6sNZuq88kHG"],["node","_spriteFrame","_textureSetter","root","data"],[["cc.Node",["_name","_opacity","_active","_prefab","_parent","_children","_components","_contentSize","_color","_trs"],0,4,1,2,9,5,5,7],"cc.SpriteFrame",["cc.Sprite",["_sizeMode","_type","node","_materials","_spriteFrame"],1,1,3,6],["cc.PrefabInfo",["fileId","root","asset"],2,1,1],["cc.Prefab",["_name"],2],["d6668qeR2FJZr5ThKsUouhm",["node"],3,1],["7633c/ow0xHYZwa4BLlsdtU",["node"],3,1],["cc.BlockInputEvents",["node"],3,1],["cc.Button",["_N$transition","node"],2,1],["cc.Label",["_string","_N$horizontalAlign","_N$verticalAlign","node","_materials"],0,1,3]],[[3,0,1,2,2],[0,0,4,6,3,7,9,2],[2,1,0,2,3,4,3],[8,0,1,2],[0,0,4,5,6,3,2],[6,0,1],[4,0,2],[0,0,5,6,3,7,2],[0,0,4,5,3,7,2],[0,0,1,4,6,3,8,7,3],[0,0,2,4,5,3,3],[5,0,1],[3,1,2,1],[2,0,2,3,4,2],[2,2,3,4,1],[7,0,1],[9,0,1,2,3,4,4]],[[[{"name":"logo","rect":[0,0,260,71],"offset":[0,0],"originalSize":[260,71],"capInsets":[0,0,0,0]}],[1],0,[0],[2],[3]],[[{"name":"qx","rect":[0,0,204,86],"offset":[0,0],"originalSize":[204,86],"capInsets":[0,0,0,0]}],[1],0,[0],[2],[4]],[[{"name":"qd","rect":[0,0,204,86],"offset":[0,0],"originalSize":[204,86],"capInsets":[0,0,0,0]}],[1],0,[0],[2],[5]],[[[6,"fanhuidating_queren"],[7,"fanhuidating_queren",[-3,-4],[[11,-2]],[12,-1,0],[5,720,1280]],[8,"node_ui",1,[-5,-6,-7],[0,"08ge1ION5Pv6nnEQcvgAHo",1,0],[5,720,1280]],[4,"top",2,[-9,-10],[[5,-8]],[0,"c8TejSehlOIb/Ej5g/Ok5/",1,0]],[4,"bottom2",2,[-12,-13],[[5,-11]],[0,"67LzLX0CdKZKITyoj25kGR",1,0]],[9,"bk",235,1,[[13,0,-14,[0],1],[15,-15]],[0,"d2sjuDLihB5KpqXIikgn+1",1,0],[4,4278190080],[5,1000,2000]],[10,"bottom",false,2,[-16,-17],[0,"7f/4zEKoFKlprTzP2JDM+y",1,0]],[1,"btn_cancel",6,[[2,1,0,-18,[5],6],[3,3,-19]],[0,"1dRLHXVq9GYL6QgsUL8ZcB",1,0],[5,204,86],[0,-380,0,0,0,0,1,1,1,0]],[1,"btn_fanhui",6,[[2,1,0,-20,[7],8],[3,3,-21]],[0,"39mbxcQxRGYK3iT2kxJ7RW",1,0],[5,204,86],[6.251,-517.432,0,0,0,0,1,1,1,0]],[1,"btn_cancel",4,[[2,1,0,-22,[9],10],[3,3,-23]],[0,"f7sdaq79hHDIrGHy6Uanqs",1,0],[5,204,86],[-155,321,0,0,0,0,1,1,1,0]],[1,"btn_fanhui",4,[[2,1,0,-24,[11],12],[3,3,-25]],[0,"e0PVTVzZxNRLvAItj9tVEq",1,0],[5,204,86],[155,321,0,0,0,0,1,1,1,0]],[1,"btk",3,[[14,-26,[2],3]],[0,"b0uQIfYkFATbRC15xZqmAq",1,0],[5,260,71],[0,568,0,0,0,0,1,1,1,1]],[1,"gamename",3,[[16,"是否确定退出游戏,返回大厅？",1,1,-27,[4]]],[0,"ddk2dZh2VOdqY156Mcqd1/",1,0],[5,531.11,50.4],[0,490,0,0,0,0,1,1,1,1]]],0,[0,3,1,0,0,1,0,-1,5,0,-2,2,0,-1,3,0,-2,6,0,-3,4,0,0,3,0,-1,11,0,-2,12,0,0,4,0,-1,9,0,-2,10,0,0,5,0,0,5,0,-1,7,0,-2,8,0,0,7,0,0,7,0,0,8,0,0,8,0,0,9,0,0,9,0,0,10,0,0,10,0,0,11,0,0,12,0,4,1,27],[0,0,0,0,0,0,0,0,0,0,0,0,0],[-1,1,-1,1,-1,-1,1,-1,1,-1,1,-1,1],[0,6,0,7,0,0,1,0,2,0,1,0,2]]]]