[1,["e2CZruep5BbaEqrsHQn0sE","a659zvjcNCOYRut+w/7vP+"],["_textureSetter"],["cc.SpriteFrame",["sp.SkeletonData",["_name","_atlasText","textureNames","_skeletonJson","textures"],-1,3]],[[1,0,1,2,3,4,5]],[[[{"name":"wzk","rect":[1,1,103,108],"offset":[0,-0.5],"originalSize":[105,109],"capInsets":[0,0,0,0]}],[0],0,[0],[0],[0]],[[[0,"lingqu","\nlingqu.png\nsize: 588,362\nformat: RGBA8888\nfilter: Linear,Linear\nrepeat: none\nguang_1\n  rotate: true\n  xy: 2, 2\n  size: 358, 364\n  orig: 359, 364\n  offset: 1, 0\n  index: -1\nguang_2\n  rotate: true\n  xy: 368, 141\n  size: 219, 218\n  orig: 234, 230\n  offset: 8, 6\n  index: -1\nxg\n  rotate: false\n  xy: 368, 93\n  size: 50, 46\n  orig: 56, 53\n  offset: 3, 3\n  index: -1\n",["lingqu.png"],{"skeleton":{"hash":"sJQv+5WFiU3p9ANepltN5SRQeQ4","spine":"3.8.75","x":-364.22,"y":-651.08,"width":720,"height":1280,"images":"","audio":""},"bones":[{"name":"root"},{"name":"bone","parent":"root","x":-2.66,"y":-55.64},{"name":"guang_1","parent":"bone","x":-7.38,"y":59.01,"scaleX":1.2439,"scaleY":1.2439},{"name":"guang_3","parent":"guang_1","x":5.53,"y":-7.38},{"name":"xg","parent":"bone","x":61.4,"y":109.84},{"name":"xg2","parent":"bone","x":-88.8,"y":36.16},{"name":"xg3","parent":"bone","x":62.82,"y":-12.02},{"name":"xg4","parent":"bone","x":-39.21,"y":118.35,"scaleX":0.668,"scaleY":0.668}],"slots":[{"name":"bj","bone":"root"},{"name":"guang_1","bone":"guang_1","attachment":"guang_1"},{"name":"guang_2","bone":"guang_3","attachment":"guang_2"},{"name":"xg","bone":"xg","attachment":"xg"},{"name":"xg2","bone":"xg2","attachment":"xg"},{"name":"xg4","bone":"xg4","attachment":"xg"},{"name":"xg3","bone":"xg3","attachment":"xg"}],"skins":[{"name":"default","attachments":{"guang_1":{"guang_1":{"x":2.48,"y":-0.26,"width":359,"height":364}},"guang_2":{"guang_2":{"x":-2.08,"y":3.02,"width":234,"height":230}},"xg2":{"xg":{"x":2.53,"y":-1,"width":56,"height":53}},"xg3":{"xg":{"x":2.53,"y":-1,"width":56,"height":53}},"xg4":{"xg":{"x":2.53,"y":-1,"width":56,"height":53}},"xg":{"xg":{"x":2.53,"y":-1,"width":56,"height":53}}}}],"animations":{"stand":{"slots":{"guang_2":{"color":[{"color":"ffffffab"}]},"guang_1":{"color":[{"color":"ffffffab"}]}},"bones":{"guang_1":{"rotate":[{},{"time":1,"angle":180},{"time":2}]},"xg":{"scale":[{},{"time":0.2667,"x":0.17,"y":0.17},{"time":0.5333,"x":1.216,"y":1.216},{"time":0.7667,"x":0.17,"y":0.17},{"time":1,"x":1.547,"y":1.547},{"time":1.2333,"x":0.17,"y":0.17},{"time":1.5,"x":1.547,"y":1.547},{"time":1.7333,"x":0.17,"y":0.17},{"time":2}]},"xg2":{"scale":[{"x":0.17,"y":0.17},{"time":0.2333,"x":1.173,"y":1.173},{"time":0.5,"x":0.17,"y":0.17},{"time":0.7667,"x":1.467,"y":1.467},{"time":1.0333,"x":0.17,"y":0.17},{"time":1.2667,"x":1.196,"y":1.196},{"time":1.5333,"x":0.17,"y":0.17},{"time":1.7667,"x":1.196,"y":1.196},{"time":2,"x":0.17,"y":0.17}]},"xg3":{"scale":[{},{"time":0.3333,"x":0.17,"y":0.17},{"time":0.6667,"x":1.216,"y":1.216},{"time":1,"x":0.17,"y":0.17},{"time":1.3667,"x":1.547,"y":1.547},{"time":1.7,"x":0.17,"y":0.17},{"time":2}]},"xg4":{"scale":[{},{"time":0.3333,"x":0.17,"y":0.17},{"time":0.6667,"x":1.216,"y":1.216},{"time":1,"x":0.17,"y":0.17},{"time":1.3667,"x":1.547,"y":1.547},{"time":1.7,"x":0.17,"y":0.17},{"time":2}]}}}}},[0]]],0,0,[0],[-1],[1]]]]