[1,["145OMMwyVDt6Hi5rfq4tz8"],0,[["sp.SkeletonData",["_name","_atlasText","textureNames","_skeletonJson","textures"],-1,3]],[[0,0,1,2,3,4,5]],[[0,"texiao","\ntexiao.png\nsize: 1778,788\nformat: RGBA8888\nfilter: Linear,Linear\nrepeat: none\n06\n  rotate: true\n  xy: 1533, 178\n  size: 193, 59\n  orig: 194, 59\n  offset: 1, 0\n  index: -1\nbj/effect_d03_01\n  rotate: true\n  xy: 1110, 210\n  size: 144, 134\n  orig: 211, 192\n  offset: 36, 29\n  index: -1\nbj/effect_d03_02\n  rotate: false\n  xy: 1356, 211\n  size: 175, 160\n  orig: 211, 192\n  offset: 20, 15\n  index: -1\nbj/effect_d03_03\n  rotate: true\n  xy: 1296, 580\n  size: 206, 186\n  orig: 211, 192\n  offset: 3, 2\n  index: -1\nbj/effect_d03_04\n  rotate: true\n  xy: 1192, 2\n  size: 206, 189\n  orig: 211, 192\n  offset: 3, 1\n  index: -1\nbj/effect_d03_05\n  rotate: false\n  xy: 557, 4\n  size: 206, 190\n  orig: 211, 192\n  offset: 2, 1\n  index: -1\nbz/bz_1\n  rotate: false\n  xy: 1678, 323\n  size: 87, 53\n  orig: 302, 342\n  offset: 114, 55\n  index: -1\nbz/bz_2\n  rotate: true\n  xy: 1130, 576\n  size: 210, 164\n  orig: 302, 342\n  offset: 58, 49\n  index: -1\nbz/bz_3\n  rotate: true\n  xy: 696, 237\n  size: 255, 230\n  orig: 302, 342\n  offset: 23, 26\n  index: -1\nbz/bz_4\n  rotate: true\n  xy: 1310, 373\n  size: 205, 185\n  orig: 302, 342\n  offset: 52, 61\n  index: -1\nbz/bz_5\n  rotate: false\n  xy: 979, 8\n  size: 211, 193\n  orig: 302, 342\n  offset: 36, 68\n  index: -1\nbz/bz_6\n  rotate: false\n  xy: 1105, 356\n  size: 203, 211\n  orig: 302, 342\n  offset: 51, 78\n  index: -1\nbz/bz_7\n  rotate: true\n  xy: 928, 323\n  size: 218, 175\n  orig: 302, 342\n  offset: 30, 128\n  index: -1\ncaifu\n  rotate: false\n  xy: 762, 201\n  size: 26, 34\n  orig: 30, 34\n  offset: 2, 0\n  index: -1\nchanghu\n  rotate: true\n  xy: 1678, 195\n  size: 126, 73\n  orig: 126, 73\n  offset: 0, 0\n  index: -1\nfantan\n  rotate: true\n  xy: 1484, 582\n  size: 204, 202\n  orig: 204, 206\n  offset: 0, 4\n  index: -1\nfanwei/h1\n  rotate: false\n  xy: 187, 2\n  size: 183, 167\n  orig: 198, 181\n  offset: 5, 3\n  index: -1\nfanwei/h2\n  rotate: false\n  xy: 1497, 422\n  size: 184, 158\n  orig: 198, 181\n  offset: 7, 2\n  index: -1\nfanwei/h3\n  rotate: false\n  xy: 2, 7\n  size: 183, 150\n  orig: 198, 181\n  offset: 8, 3\n  index: -1\nfanwei/h4\n  rotate: false\n  xy: 372, 2\n  size: 183, 170\n  orig: 198, 181\n  offset: 4, 6\n  index: -1\nhudun\n  rotate: false\n  xy: 1246, 227\n  size: 108, 127\n  orig: 114, 132\n  offset: 2, 3\n  index: -1\nhx/h__00\n  rotate: false\n  xy: 177, 479\n  size: 174, 307\n  orig: 500, 580\n  offset: 162, 152\n  index: -1\nhx/h__01\n  rotate: false\n  xy: 177, 171\n  size: 173, 306\n  orig: 500, 580\n  offset: 162, 151\n  index: -1\nhx/h__02\n  rotate: false\n  xy: 2, 159\n  size: 173, 310\n  orig: 500, 580\n  offset: 162, 153\n  index: -1\nhx/h__03\n  rotate: false\n  xy: 2, 471\n  size: 173, 315\n  orig: 500, 580\n  offset: 162, 153\n  index: -1\nhx/h__04\n  rotate: false\n  xy: 353, 491\n  size: 173, 295\n  orig: 500, 580\n  offset: 161, 153\n  index: -1\nhx/h__05\n  rotate: false\n  xy: 528, 494\n  size: 174, 292\n  orig: 500, 580\n  offset: 161, 155\n  index: -1\nhx/h__06\n  rotate: false\n  xy: 523, 196\n  size: 171, 293\n  orig: 500, 580\n  offset: 162, 157\n  index: -1\nhx/h__07\n  rotate: false\n  xy: 352, 174\n  size: 169, 303\n  orig: 500, 580\n  offset: 164, 154\n  index: -1\njiasu\n  rotate: true\n  xy: 1383, 93\n  size: 116, 126\n  orig: 119, 131\n  offset: 2, 3\n  index: -1\njiasu_2\n  rotate: true\n  xy: 1644, 77\n  size: 116, 126\n  orig: 119, 131\n  offset: 2, 3\n  index: -1\njuyun\n  rotate: false\n  xy: 704, 543\n  size: 243, 243\n  orig: 244, 244\n  offset: 0, 0\n  index: -1\nliuxue/lx_1\n  rotate: true\n  xy: 696, 199\n  size: 36, 64\n  orig: 49, 115\n  offset: 7, 1\n  index: -1\nliuxue/lx_2\n  rotate: true\n  xy: 1644, 27\n  size: 48, 113\n  orig: 49, 115\n  offset: 1, 1\n  index: -1\nliuxue/lx_3\n  rotate: false\n  xy: 1594, 187\n  size: 48, 114\n  orig: 49, 115\n  offset: 1, 1\n  index: -1\nliuxue/lx_4\n  rotate: false\n  xy: 1594, 71\n  size: 48, 114\n  orig: 49, 115\n  offset: 1, 1\n  index: -1\nliuxue/lx_5\n  rotate: true\n  xy: 704, 494\n  size: 47, 113\n  orig: 49, 115\n  offset: 2, 2\n  index: -1\nliuxue/lx_6\n  rotate: true\n  xy: 1511, 21\n  size: 48, 113\n  orig: 49, 115\n  offset: 1, 2\n  index: -1\nliuxue/lx_7\n  rotate: true\n  xy: 819, 494\n  size: 47, 107\n  orig: 49, 115\n  offset: 2, 7\n  index: -1\nliuxue/lx_8\n  rotate: true\n  xy: 1497, 373\n  size: 47, 96\n  orig: 49, 115\n  offset: 2, 16\n  index: -1\nliuxue/lx_9\n  rotate: true\n  xy: 1683, 378\n  size: 45, 91\n  orig: 49, 115\n  offset: 3, 20\n  index: -1\nshanbi/z1\n  rotate: true\n  xy: 1002, 204\n  size: 117, 106\n  orig: 129, 108\n  offset: 7, 2\n  index: -1\nshanbi/z2\n  rotate: true\n  xy: 1595, 303\n  size: 117, 81\n  orig: 129, 108\n  offset: 7, 2\n  index: -1\nshanbi/z3\n  rotate: true\n  xy: 1688, 669\n  size: 117, 88\n  orig: 129, 108\n  offset: 8, 3\n  index: -1\nshanbi/z4\n  rotate: true\n  xy: 1688, 550\n  size: 117, 87\n  orig: 129, 108\n  offset: 4, 7\n  index: -1\nshanbi/z5\n  rotate: true\n  xy: 1683, 425\n  size: 123, 93\n  orig: 129, 108\n  offset: 2, 11\n  index: -1\nshanbi/z6\n  rotate: false\n  xy: 1383, 16\n  size: 126, 75\n  orig: 129, 108\n  offset: 3, 19\n  index: -1\nshanbi/z7\n  rotate: true\n  xy: 928, 203\n  size: 118, 72\n  orig: 129, 108\n  offset: 9, 36\n  index: -1\nwudi\n  rotate: false\n  xy: 765, 4\n  size: 212, 195\n  orig: 213, 195\n  offset: 0, 0\n  index: -1\nyq\n  rotate: true\n  xy: 949, 569\n  size: 217, 179\n  orig: 222, 180\n  offset: 1, 1\n  index: -1\nzidan\n  rotate: true\n  xy: 353, 480\n  size: 9, 33\n  orig: 9, 33\n  offset: 0, 0\n  index: -1\n",["texiao.png"],{"skeleton":{"hash":"a+em6mTSqpcE2ABUBVhCdsnQ/u8","spine":"3.8.75","x":-52.33,"y":-32.01,"width":107.95,"height":102.37,"images":"","audio":""},"bones":[{"name":"root"},{"name":"01","parent":"root","length":64.01,"rotation":90.9,"x":-1.18,"y":60.23},{"name":"zhongdu","parent":"root","length":78.58,"rotation":91.57,"x":1.05,"y":38.24,"color":"9bf733ff"},{"name":"liuxue","parent":"root","length":38.75,"rotation":91.59,"x":-5.54,"y":-2.18,"color":"f97702ff"},{"name":"huoyan","parent":"root","length":59.19,"rotation":88.96,"x":4.9,"y":-1.56,"color":"ffd52cff"},{"name":"baoji_2","parent":"root","x":-5.13,"y":32.85,"color":"ffffffff"},{"name":"shanbi","parent":"root","length":31.22,"rotation":91.98,"x":4.74,"y":1.79,"color":"f304ffff"},{"name":"baoji","parent":"root","x":65.73,"y":80.98,"scaleX":0.6437,"scaleY":0.6437,"color":"ffffffff"},{"name":"baozha","parent":"root","length":36.76,"rotation":90,"x":1.08,"y":-13.57,"scaleX":0.8067,"scaleY":0.8067},{"name":"caifu0","parent":"root","x":14.51,"y":-77.89},{"name":"caifu","parent":"caifu0","length":6.53,"rotation":90,"x":-8.29,"y":104.93},{"name":"caifu2","parent":"caifu0","length":6.53,"rotation":90,"x":26.57,"y":88},{"name":"caifu3","parent":"caifu0","length":6.53,"rotation":90,"x":-1.81,"y":63.1},{"name":"caifu4","parent":"caifu0","length":6.53,"rotation":90,"x":21.1,"y":130.33},{"name":"caifu1","parent":"root","x":-28.57,"y":-76.75},{"name":"caifu5","parent":"caifu1","length":6.53,"rotation":90,"x":-8.29,"y":104.93},{"name":"caifu6","parent":"caifu1","length":6.53,"rotation":90,"x":26.57,"y":88},{"name":"caifu7","parent":"caifu1","length":6.53,"rotation":90,"x":-1.81,"y":63.1},{"name":"caifu8","parent":"caifu1","length":6.53,"rotation":90,"x":21.1,"y":130.33},{"name":"caifu9","parent":"root","x":14.51,"y":-77.89},{"name":"caifu10","parent":"caifu9","length":6.53,"rotation":90,"x":-8.29,"y":104.93},{"name":"caifu11","parent":"caifu9","length":6.53,"rotation":90,"x":26.57,"y":88},{"name":"caifu12","parent":"caifu9","length":6.53,"rotation":90,"x":-1.81,"y":63.1},{"name":"caifu13","parent":"caifu9","length":6.53,"rotation":90,"x":21.1,"y":130.33},{"name":"caifu14","parent":"root","x":-28.57,"y":-76.75},{"name":"caifu15","parent":"caifu14","length":6.53,"rotation":90,"x":-8.29,"y":104.93},{"name":"caifu16","parent":"caifu14","length":6.53,"rotation":90,"x":26.57,"y":88},{"name":"caifu17","parent":"caifu14","length":6.53,"rotation":90,"x":-1.81,"y":63.1},{"name":"caifu18","parent":"caifu14","length":6.53,"rotation":90,"x":21.1,"y":130.33},{"name":"zidan0","parent":"root","x":0.05,"y":-34.59},{"name":"zidan","parent":"zidan0","length":21.3,"rotation":90,"y":36.58,"scaleX":0.8923,"scaleY":0.8923},{"name":"zidan2","parent":"zidan0","length":21.3,"rotation":60,"y":36.58,"scaleX":0.8923,"scaleY":0.8923},{"name":"zidan3","parent":"zidan0","length":21.3,"rotation":120,"y":36.58,"scaleX":0.8923,"scaleY":0.8923},{"name":"zidan4","parent":"zidan0","length":21.3,"rotation":150,"y":36.58,"scaleX":0.8923,"scaleY":0.8923},{"name":"zidan5","parent":"zidan0","length":21.3,"rotation":30,"y":36.58,"scaleX":0.8923,"scaleY":0.8923},{"name":"zidan6","parent":"zidan0","length":21.3,"y":36.58,"scaleX":0.8923,"scaleY":0.8923},{"name":"zidan7","parent":"zidan0","length":21.3,"rotation":-179.2,"y":36.58,"scaleX":0.8923,"scaleY":0.8923},{"name":"huoyan2","parent":"root","length":59.19,"rotation":88.96,"x":-155.62,"y":1.35,"color":"ffd52cff"},{"name":"huoyan3","parent":"root","length":59.19,"rotation":88.96,"x":165.83,"y":0.27,"color":"ffd52cff"},{"name":"huoyan4","parent":"root","length":59.19,"rotation":88.96,"x":450.24,"y":-4.9,"color":"ffd52cff"}],"slots":[{"name":"1","bone":"01"},{"name":"zhongdu","bone":"zhongdu"},{"name":"liuxue","bone":"liuxue"},{"name":"huoyan","bone":"huoyan"},{"name":"huoyan2","bone":"huoyan2"},{"name":"huoyan3","bone":"huoyan3"},{"name":"huoyan4","bone":"huoyan4"},{"name":"baoji_2","bone":"baoji_2"},{"name":"baoji","bone":"baoji"},{"name":"shanbi","bone":"shanbi"},{"name":"baozha","bone":"baozha"},{"name":"caifu","bone":"caifu","attachment":"caifu"},{"name":"caifu9","bone":"caifu10","attachment":"caifu"},{"name":"caifu5","bone":"caifu5","attachment":"caifu"},{"name":"caifu13","bone":"caifu15","attachment":"caifu"},{"name":"caifu2","bone":"caifu2","attachment":"caifu"},{"name":"caifu10","bone":"caifu11","attachment":"caifu"},{"name":"caifu6","bone":"caifu6","attachment":"caifu"},{"name":"caifu14","bone":"caifu16","attachment":"caifu"},{"name":"caifu3","bone":"caifu3","attachment":"caifu"},{"name":"caifu11","bone":"caifu12","attachment":"caifu"},{"name":"caifu7","bone":"caifu7","attachment":"caifu"},{"name":"caifu15","bone":"caifu17","attachment":"caifu"},{"name":"caifu4","bone":"caifu4","attachment":"caifu"},{"name":"caifu12","bone":"caifu13","attachment":"caifu"},{"name":"caifu8","bone":"caifu8","attachment":"caifu"},{"name":"caifu16","bone":"caifu18","attachment":"caifu"},{"name":"zidan","bone":"zidan","attachment":"zidan"},{"name":"zidan2","bone":"zidan2","attachment":"zidan"},{"name":"zidan5","bone":"zidan5","attachment":"zidan"},{"name":"zidan6","bone":"zidan6","attachment":"zidan"},{"name":"zidan3","bone":"zidan3","attachment":"zidan"},{"name":"zidan4","bone":"zidan4","attachment":"zidan"},{"name":"zidan7","bone":"zidan7","attachment":"zidan"}],"skins":[{"name":"default","attachments":{"1":{"06":{"x":-9.83,"y":5.29,"rotation":-90.9,"width":194,"height":59},"changhu":{"x":-47.93,"y":-1.91,"rotation":-90.9,"width":126,"height":73},"fantan":{"x":4.66,"y":-2.73,"rotation":-90.9,"width":204,"height":206},"hudun":{"x":2.73,"y":-1.72,"rotation":-90.9,"width":114,"height":132},"jiasu":{"x":4.78,"y":5.06,"rotation":-90.9,"width":119,"height":131},"jiasu_2":{"x":4.78,"y":5.06,"rotation":-90.9,"width":119,"height":131},"juyun":{"x":4.58,"y":-7.6,"rotation":-90.9,"width":244,"height":244},"wudi":{"x":4.69,"y":-0.78,"rotation":-90.9,"width":213,"height":195},"yq":{"x":4.7,"y":0.19,"rotation":-90.9,"width":222,"height":180}},"caifu":{"caifu":{"x":-0.23,"y":0.48,"rotation":-90,"width":30,"height":34}},"baoji_2":{"bj/effect_d03_01":{"x":-4.25,"y":-3.46,"width":211,"height":192},"bj/effect_d03_02":{"x":-4.25,"y":-3.46,"width":211,"height":192},"bj/effect_d03_03":{"x":-4.25,"y":-3.46,"width":211,"height":192},"bj/effect_d03_04":{"x":-4.25,"y":-3.46,"width":211,"height":192},"bj/effect_d03_05":{"x":-4.25,"y":-3.46,"width":211,"height":192}},"shanbi":{"shanbi/z1":{"x":30.95,"y":-2.08,"rotation":-91.98,"width":129,"height":108},"shanbi/z2":{"x":30.95,"y":-2.08,"rotation":-91.98,"width":129,"height":108},"shanbi/z3":{"x":30.95,"y":-2.08,"rotation":-91.98,"width":129,"height":108},"shanbi/z4":{"x":30.95,"y":-2.08,"rotation":-91.98,"width":129,"height":108},"shanbi/z5":{"x":30.95,"y":-2.08,"rotation":-91.98,"width":129,"height":108},"shanbi/z6":{"x":30.95,"y":-2.08,"rotation":-91.98,"width":129,"height":108},"shanbi/z7":{"x":30.95,"y":-2.08,"rotation":-91.98,"width":129,"height":108}},"zhongdu":{"hx/h__00":{"x":39.32,"y":1.78,"rotation":-91.57,"width":500,"height":580},"hx/h__01":{"x":39.32,"y":1.78,"rotation":-91.57,"width":500,"height":580},"hx/h__02":{"x":39.32,"y":1.78,"rotation":-91.57,"width":500,"height":580},"hx/h__03":{"x":39.32,"y":1.78,"rotation":-91.57,"width":500,"height":580},"hx/h__04":{"x":39.32,"y":1.78,"rotation":-91.57,"width":500,"height":580},"hx/h__05":{"x":39.32,"y":1.78,"rotation":-91.57,"width":500,"height":580},"hx/h__06":{"x":39.32,"y":1.78,"rotation":-91.57,"width":500,"height":580},"hx/h__07":{"x":39.32,"y":1.78,"rotation":-91.57,"width":500,"height":580}},"huoyan2":{"fanwei/h1":{"x":67.62,"y":3.37,"rotation":-88.96,"width":198,"height":181},"fanwei/h2":{"x":67.62,"y":3.37,"rotation":-88.96,"width":198,"height":181},"fanwei/h3":{"x":67.62,"y":3.37,"rotation":-88.96,"width":198,"height":181},"fanwei/h4":{"x":67.62,"y":3.37,"rotation":-88.96,"width":198,"height":181}},"huoyan3":{"fanwei/h1":{"x":67.62,"y":3.37,"rotation":-88.96,"width":198,"height":181},"fanwei/h2":{"x":67.62,"y":3.37,"rotation":-88.96,"width":198,"height":181},"fanwei/h3":{"x":67.62,"y":3.37,"rotation":-88.96,"width":198,"height":181},"fanwei/h4":{"x":67.62,"y":3.37,"rotation":-88.96,"width":198,"height":181}},"huoyan4":{"fanwei/h1":{"x":67.62,"y":3.37,"rotation":-88.96,"width":198,"height":181},"fanwei/h2":{"x":67.62,"y":3.37,"rotation":-88.96,"width":198,"height":181},"fanwei/h3":{"x":67.62,"y":3.37,"rotation":-88.96,"width":198,"height":181},"fanwei/h4":{"x":67.62,"y":3.37,"rotation":-88.96,"width":198,"height":181}},"caifu2":{"caifu":{"x":-0.23,"y":0.48,"rotation":-90,"width":30,"height":34}},"caifu3":{"caifu":{"x":-0.23,"y":0.48,"rotation":-90,"width":30,"height":34}},"caifu4":{"caifu":{"x":-0.23,"y":0.48,"rotation":-90,"width":30,"height":34}},"caifu5":{"caifu":{"x":-0.23,"y":0.48,"rotation":-90,"width":30,"height":34}},"caifu6":{"caifu":{"x":-0.23,"y":0.48,"rotation":-90,"width":30,"height":34}},"caifu7":{"caifu":{"x":-0.23,"y":0.48,"rotation":-90,"width":30,"height":34}},"caifu8":{"caifu":{"x":-0.23,"y":0.48,"rotation":-90,"width":30,"height":34}},"caifu9":{"caifu":{"x":-0.23,"y":0.48,"rotation":-90,"width":30,"height":34}},"zidan":{"zidan":{"x":9.83,"rotation":-90,"width":9,"height":33}},"baozha":{"bz/bz_1":{"x":108.77,"y":4.86,"rotation":-90,"width":302,"height":342},"bz/bz_2":{"x":108.77,"y":4.86,"rotation":-90,"width":302,"height":342},"bz/bz_3":{"x":108.77,"y":4.86,"rotation":-90,"width":302,"height":342},"bz/bz_4":{"x":108.77,"y":4.86,"rotation":-90,"width":302,"height":342},"bz/bz_5":{"x":108.77,"y":4.86,"rotation":-90,"width":302,"height":342},"bz/bz_6":{"x":108.77,"y":4.86,"rotation":-90,"width":302,"height":342},"bz/bz_7":{"x":108.77,"y":4.86,"rotation":-90,"width":302,"height":342}},"huoyan":{"fanwei/h1":{"x":67.62,"y":3.37,"rotation":-88.96,"width":198,"height":181},"fanwei/h2":{"x":67.62,"y":3.37,"rotation":-88.96,"width":198,"height":181},"fanwei/h3":{"x":67.62,"y":3.37,"rotation":-88.96,"width":198,"height":181},"fanwei/h4":{"x":67.62,"y":3.37,"rotation":-88.96,"width":198,"height":181}},"zidan2":{"zidan":{"x":9.83,"rotation":-90,"width":9,"height":33}},"baoji":{"bj/effect_d03_01":{"x":-57.77,"y":-9.89,"width":211,"height":192},"bj/effect_d03_02":{"x":-4.25,"y":-3.46,"width":211,"height":192},"bj/effect_d03_03":{"x":-4.25,"y":-3.46,"width":211,"height":192},"bj/effect_d03_04":{"x":-4.25,"y":-3.46,"width":211,"height":192},"bj/effect_d03_05":{"x":-4.25,"y":-3.46,"width":211,"height":192}},"liuxue":{"liuxue/lx_1":{"x":50.09,"y":-1.14,"rotation":-91.59,"width":49,"height":115},"liuxue/lx_2":{"x":50.09,"y":-1.14,"rotation":-91.59,"width":49,"height":115},"liuxue/lx_3":{"x":50.09,"y":-1.14,"rotation":-91.59,"width":49,"height":115},"liuxue/lx_4":{"x":50.09,"y":-1.14,"rotation":-91.59,"width":49,"height":115},"liuxue/lx_5":{"x":50.09,"y":-1.14,"rotation":-91.59,"width":49,"height":115},"liuxue/lx_6":{"x":50.09,"y":-1.14,"rotation":-91.59,"width":49,"height":115},"liuxue/lx_7":{"x":50.09,"y":-1.14,"rotation":-91.59,"width":49,"height":115},"liuxue/lx_8":{"x":50.09,"y":-1.14,"rotation":-91.59,"width":49,"height":115},"liuxue/lx_9":{"x":50.09,"y":-1.14,"rotation":-91.59,"width":49,"height":115}},"zidan3":{"zidan":{"x":9.83,"rotation":-90,"width":9,"height":33}},"zidan4":{"zidan":{"x":9.83,"rotation":-90,"width":9,"height":33}},"zidan5":{"zidan":{"x":9.83,"rotation":-90,"width":9,"height":33}},"zidan6":{"zidan":{"x":9.83,"rotation":-90,"width":9,"height":33}},"zidan7":{"zidan":{"x":9.83,"rotation":-90,"width":9,"height":33}},"caifu10":{"caifu":{"x":-0.23,"y":0.48,"rotation":-90,"width":30,"height":34}},"caifu11":{"caifu":{"x":-0.23,"y":0.48,"rotation":-90,"width":30,"height":34}},"caifu12":{"caifu":{"x":-0.23,"y":0.48,"rotation":-90,"width":30,"height":34}},"caifu13":{"caifu":{"x":-0.23,"y":0.48,"rotation":-90,"width":30,"height":34}},"caifu14":{"caifu":{"x":-0.23,"y":0.48,"rotation":-90,"width":30,"height":34}},"caifu15":{"caifu":{"x":-0.23,"y":0.48,"rotation":-90,"width":30,"height":34}},"caifu16":{"caifu":{"x":-0.23,"y":0.48,"rotation":-90,"width":30,"height":34}}}}],"animations":{"1_06":{"slots":{"1":{"color":[{"time":0.2333,"color":"ffffffff"},{"time":0.3333,"color":"ffffff00"}],"attachment":[{"name":"06"}]},"zidan7":{"color":[{"color":"ffffff00"}]},"baoji_2":{"color":[{"color":"ffffff00"}]},"shanbi":{"color":[{"color":"ffffff00"}]},"baoji":{"color":[{"color":"ffffff00"}]},"zhongdu":{"color":[{"color":"ffffff00"}]},"caifu5":{"color":[{"color":"ffffff00"}]},"caifu6":{"color":[{"color":"ffffff00"}]},"caifu15":{"color":[{"color":"ffffff00"}]},"zidan2":{"color":[{"color":"ffffff00"}]},"liuxue":{"color":[{"color":"ffffff00"}]},"caifu16":{"color":[{"color":"ffffff00"}]},"huoyan4":{"color":[{"color":"ffffff00"}]},"caifu2":{"color":[{"color":"ffffff00"}]},"caifu":{"color":[{"color":"ffffff00"}]},"zidan3":{"color":[{"color":"ffffff00"}]},"huoyan":{"color":[{"color":"ffffff00"}]},"caifu12":{"color":[{"color":"ffffff00"}]},"zidan5":{"color":[{"color":"ffffff00"}]},"caifu10":{"color":[{"color":"ffffff00"}]},"zidan4":{"color":[{"color":"ffffff00"}]},"huoyan2":{"color":[{"color":"ffffff00"}]},"caifu4":{"color":[{"color":"ffffff00"}]},"huoyan3":{"color":[{"color":"ffffff00"}]},"caifu13":{"color":[{"color":"ffffff00"}]},"zidan":{"color":[{"color":"ffffff00"}]},"caifu9":{"color":[{"color":"ffffff00"}]},"caifu14":{"color":[{"color":"ffffff00"}]},"caifu3":{"color":[{"color":"ffffff00"}]},"baozha":{"color":[{"color":"ffffff00"}]},"caifu11":{"color":[{"color":"ffffff00"}]},"caifu7":{"color":[{"color":"ffffff00"}]},"zidan6":{"color":[{"color":"ffffff00"}]},"caifu8":{"color":[{"color":"ffffff00"}]}},"bones":{"01":{"rotate":[{"angle":2.7},{"time":0.3333,"angle":-1.74}],"translate":[{},{"time":0.3333,"x":31.02,"y":1.73}],"scale":[{},{"time":0.3333,"x":1.136,"y":1.635}]}}},"1_changhu":{"slots":{"1":{"color":[{"color":"ffffffff"},{"time":0.3333,"color":"ffffffb1"},{"time":0.6667,"color":"ffffffff"}],"attachment":[{"name":"changhu"}]},"zidan7":{"color":[{"color":"ffffff00"}]},"baoji_2":{"color":[{"color":"ffffff00"}]},"zidan4":{"color":[{"color":"ffffff00"}]},"shanbi":{"color":[{"color":"ffffff00"}]},"baoji":{"color":[{"color":"ffffff00"}]},"zhongdu":{"color":[{"color":"ffffff00"}]},"caifu5":{"color":[{"color":"ffffff00"}]},"zidan3":{"color":[{"color":"ffffff00"}]},"caifu15":{"color":[{"color":"ffffff00"}]},"zidan2":{"color":[{"color":"ffffff00"}]},"liuxue":{"color":[{"color":"ffffff00"}]},"caifu16":{"color":[{"color":"ffffff00"}]},"huoyan4":{"color":[{"color":"ffffff00"}]},"caifu":{"color":[{"color":"ffffff00"}]},"zidan5":{"color":[{"color":"ffffff00"}]},"huoyan":{"color":[{"color":"ffffff00"}]},"caifu12":{"color":[{"color":"ffffff00"}]},"caifu14":{"color":[{"color":"ffffff00"}]},"caifu10":{"color":[{"color":"ffffff00"}]},"caifu2":{"color":[{"color":"ffffff00"}]},"huoyan2":{"color":[{"color":"ffffff00"}]},"caifu4":{"color":[{"color":"ffffff00"}]},"huoyan3":{"color":[{"color":"ffffff00"}]},"caifu13":{"color":[{"color":"ffffff00"}]},"zidan":{"color":[{"color":"ffffff00"}]},"caifu9":{"color":[{"color":"ffffff00"}]},"caifu6":{"color":[{"color":"ffffff00"}]},"caifu3":{"color":[{"color":"ffffff00"}]},"baozha":{"color":[{"color":"ffffff00"}]},"caifu11":{"color":[{"color":"ffffff00"}]},"caifu7":{"color":[{"color":"ffffff00"}]},"zidan6":{"color":[{"color":"ffffff00"}]},"caifu8":{"color":[{"color":"ffffff00"}]}},"bones":{"01":{"translate":[{"x":0.03,"y":-1.99}],"scale":[{},{"time":0.3333,"y":1.046},{"time":0.6667}]}}},"1_fantan":{"slots":{"1":{"color":[{"color":"ffffffff"},{"time":0.2667,"color":"ffffffc8"},{"time":0.5,"color":"ffffffff"}],"attachment":[{"name":"fantan"}]},"zidan4":{"color":[{"color":"ffffff00"}]},"baoji_2":{"color":[{"color":"ffffff00"}]},"shanbi":{"color":[{"color":"ffffff00"}]},"baoji":{"color":[{"color":"ffffff00"}]},"zhongdu":{"color":[{"color":"ffffff00"}]},"caifu5":{"color":[{"color":"ffffff00"}]},"zidan3":{"color":[{"color":"ffffff00"}]},"caifu15":{"color":[{"color":"ffffff00"}]},"zidan2":{"color":[{"color":"ffffff00"}]},"liuxue":{"color":[{"color":"ffffff00"}]},"caifu16":{"color":[{"color":"ffffff00"}]},"caifu9":{"color":[{"color":"ffffff00"}]},"caifu":{"color":[{"color":"ffffff00"}]},"huoyan4":{"color":[{"color":"ffffff00"}]},"zidan5":{"color":[{"color":"ffffff00"}]},"huoyan":{"color":[{"color":"ffffff00"}]},"caifu12":{"color":[{"color":"ffffff00"}]},"caifu14":{"color":[{"color":"ffffff00"}]},"caifu10":{"color":[{"color":"ffffff00"}]},"caifu2":{"color":[{"color":"ffffff00"}]},"huoyan2":{"color":[{"color":"ffffff00"}]},"caifu4":{"color":[{"color":"ffffff00"}]},"huoyan3":{"color":[{"color":"ffffff00"}]},"caifu13":{"color":[{"color":"ffffff00"}]},"zidan":{"color":[{"color":"ffffff00"}]},"zidan7":{"color":[{"color":"ffffff00"}]},"caifu6":{"color":[{"color":"ffffff00"}]},"caifu3":{"color":[{"color":"ffffff00"}]},"baozha":{"color":[{"color":"ffffff00"}]},"caifu11":{"color":[{"color":"ffffff00"}]},"caifu7":{"color":[{"color":"ffffff00"}]},"zidan6":{"color":[{"color":"ffffff00"}]},"caifu8":{"color":[{"color":"ffffff00"}]}},"bones":{"01":{"rotate":[{},{"time":0.1667,"angle":2.79},{"time":0.3333,"angle":-3.25},{"time":0.5}],"scale":[{},{"time":0.5,"x":1.01,"y":1.01}]}}},"1_hudun":{"slots":{"1":{"attachment":[{"name":"hudun"}]},"zidan7":{"color":[{"color":"ffffff00"}]},"baoji_2":{"color":[{"color":"ffffff00"}]},"zidan4":{"color":[{"color":"ffffff00"}]},"shanbi":{"color":[{"color":"ffffff00"}]},"baoji":{"color":[{"color":"ffffff00"}]},"zhongdu":{"color":[{"color":"ffffff00"}]},"caifu5":{"color":[{"color":"ffffff00"}]},"zidan3":{"color":[{"color":"ffffff00"}]},"caifu15":{"color":[{"color":"ffffff00"}]},"zidan2":{"color":[{"color":"ffffff00"}]},"liuxue":{"color":[{"color":"ffffff00"}]},"caifu16":{"color":[{"color":"ffffff00"}]},"huoyan4":{"color":[{"color":"ffffff00"}]},"caifu":{"color":[{"color":"ffffff00"}]},"zidan5":{"color":[{"color":"ffffff00"}]},"huoyan":{"color":[{"color":"ffffff00"}]},"caifu12":{"color":[{"color":"ffffff00"}]},"caifu14":{"color":[{"color":"ffffff00"}]},"caifu10":{"color":[{"color":"ffffff00"}]},"caifu2":{"color":[{"color":"ffffff00"}]},"huoyan2":{"color":[{"color":"ffffff00"}]},"caifu4":{"color":[{"color":"ffffff00"}]},"huoyan3":{"color":[{"color":"ffffff00"}]},"caifu13":{"color":[{"color":"ffffff00"}]},"zidan":{"color":[{"color":"ffffff00"}]},"caifu9":{"color":[{"color":"ffffff00"}]},"caifu6":{"color":[{"color":"ffffff00"}]},"caifu3":{"color":[{"color":"ffffff00"}]},"baozha":{"color":[{"color":"ffffff00"}]},"caifu11":{"color":[{"color":"ffffff00"}]},"caifu7":{"color":[{"color":"ffffff00"}]},"zidan6":{"color":[{"color":"ffffff00"}]},"caifu8":{"color":[{"color":"ffffff00"}]}},"bones":{"01":{"translate":[{"x":0.67,"y":-42.83}],"scale":[{},{"time":0.2667,"x":1.139,"y":1.084},{"time":0.5}]}}},"1_jiasu":{"slots":{"1":{"color":[{"time":0.3333,"color":"ffffffff"},{"time":0.5,"color":"ffffff00"}],"attachment":[{"time":0.0667,"name":"jiasu"}]},"zidan4":{"color":[{"color":"ffffff00"}]},"baoji_2":{"color":[{"color":"ffffff00"}]},"shanbi":{"color":[{"color":"ffffff00"}]},"baoji":{"color":[{"color":"ffffff00"}]},"zhongdu":{"color":[{"color":"ffffff00"}]},"caifu5":{"color":[{"color":"ffffff00"}]},"zidan3":{"color":[{"color":"ffffff00"}]},"caifu15":{"color":[{"color":"ffffff00"}]},"zidan2":{"color":[{"color":"ffffff00"}]},"liuxue":{"color":[{"color":"ffffff00"}]},"caifu16":{"color":[{"color":"ffffff00"}]},"huoyan4":{"color":[{"color":"ffffff00"}]},"caifu":{"color":[{"color":"ffffff00"}]},"zidan5":{"color":[{"color":"ffffff00"}]},"zidan7":{"color":[{"color":"ffffff00"}]},"caifu12":{"color":[{"color":"ffffff00"}]},"caifu14":{"color":[{"color":"ffffff00"}]},"caifu10":{"color":[{"color":"ffffff00"}]},"huoyan":{"color":[{"color":"ffffff00"}]},"caifu2":{"color":[{"color":"ffffff00"}]},"huoyan2":{"color":[{"color":"ffffff00"}]},"caifu4":{"color":[{"color":"ffffff00"}]},"huoyan3":{"color":[{"color":"ffffff00"}]},"caifu13":{"color":[{"color":"ffffff00"}]},"zidan":{"color":[{"color":"ffffff00"}]},"caifu9":{"color":[{"color":"ffffff00"}]},"caifu6":{"color":[{"color":"ffffff00"}]},"caifu3":{"color":[{"color":"ffffff00"}]},"baozha":{"color":[{"color":"ffffff00"}]},"caifu11":{"color":[{"color":"ffffff00"}]},"caifu7":{"color":[{"color":"ffffff00"}]},"zidan6":{"color":[{"color":"ffffff00"}]},"caifu8":{"color":[{"color":"ffffff00"}]}},"bones":{"01":{"translate":[{},{"time":0.0667,"x":0.41,"y":-26.22},{"time":0.1333},{"time":0.5,"x":-1.1,"y":70.24}]}}},"1_jiasu_2":{"slots":{"1":{"color":[{"time":0.3333,"color":"ffffffff"},{"time":0.5,"color":"ffffff00"}],"attachment":[{"time":0.0667,"name":"jiasu_2"}]},"zidan4":{"color":[{"color":"ffffff00"}]},"baoji_2":{"color":[{"color":"ffffff00"}]},"shanbi":{"color":[{"color":"ffffff00"}]},"baoji":{"color":[{"color":"ffffff00"}]},"zhongdu":{"color":[{"color":"ffffff00"}]},"caifu5":{"color":[{"color":"ffffff00"}]},"zidan3":{"color":[{"color":"ffffff00"}]},"caifu15":{"color":[{"color":"ffffff00"}]},"zidan2":{"color":[{"color":"ffffff00"}]},"liuxue":{"color":[{"color":"ffffff00"}]},"caifu16":{"color":[{"color":"ffffff00"}]},"huoyan4":{"color":[{"color":"ffffff00"}]},"caifu":{"color":[{"color":"ffffff00"}]},"zidan5":{"color":[{"color":"ffffff00"}]},"zidan7":{"color":[{"color":"ffffff00"}]},"caifu12":{"color":[{"color":"ffffff00"}]},"caifu14":{"color":[{"color":"ffffff00"}]},"caifu10":{"color":[{"color":"ffffff00"}]},"huoyan":{"color":[{"color":"ffffff00"}]},"caifu2":{"color":[{"color":"ffffff00"}]},"huoyan2":{"color":[{"color":"ffffff00"}]},"caifu4":{"color":[{"color":"ffffff00"}]},"huoyan3":{"color":[{"color":"ffffff00"}]},"caifu13":{"color":[{"color":"ffffff00"}]},"zidan":{"color":[{"color":"ffffff00"}]},"caifu9":{"color":[{"color":"ffffff00"}]},"caifu6":{"color":[{"color":"ffffff00"}]},"caifu3":{"color":[{"color":"ffffff00"}]},"baozha":{"color":[{"color":"ffffff00"}]},"caifu11":{"color":[{"color":"ffffff00"}]},"caifu7":{"color":[{"color":"ffffff00"}]},"zidan6":{"color":[{"color":"ffffff00"}]},"caifu8":{"color":[{"color":"ffffff00"}]}},"bones":{"01":{"translate":[{},{"time":0.0667,"x":0.41,"y":-26.22},{"time":0.1333},{"time":0.5,"x":-1.1,"y":70.24}]}}},"1_juyun":{"slots":{"1":{"color":[{"color":"ffffffff"},{"time":0.2667,"color":"ffffffb4"},{"time":0.5,"color":"ffffffff"}],"attachment":[{"name":"juyun"}]},"zidan4":{"color":[{"color":"ffffff00"}]},"baoji_2":{"color":[{"color":"ffffff00"}]},"shanbi":{"color":[{"color":"ffffff00"}]},"baoji":{"color":[{"color":"ffffff00"}]},"zhongdu":{"color":[{"color":"ffffff00"}]},"caifu5":{"color":[{"color":"ffffff00"}]},"zidan3":{"color":[{"color":"ffffff00"}]},"caifu15":{"color":[{"color":"ffffff00"}]},"zidan2":{"color":[{"color":"ffffff00"}]},"liuxue":{"color":[{"color":"ffffff00"}]},"caifu16":{"color":[{"color":"ffffff00"}]},"caifu9":{"color":[{"color":"ffffff00"}]},"caifu":{"color":[{"color":"ffffff00"}]},"huoyan4":{"color":[{"color":"ffffff00"}]},"zidan5":{"color":[{"color":"ffffff00"}]},"huoyan":{"color":[{"color":"ffffff00"}]},"caifu12":{"color":[{"color":"ffffff00"}]},"caifu14":{"color":[{"color":"ffffff00"}]},"caifu10":{"color":[{"color":"ffffff00"}]},"caifu2":{"color":[{"color":"ffffff00"}]},"huoyan2":{"color":[{"color":"ffffff00"}]},"caifu4":{"color":[{"color":"ffffff00"}]},"huoyan3":{"color":[{"color":"ffffff00"}]},"caifu13":{"color":[{"color":"ffffff00"}]},"zidan":{"color":[{"color":"ffffff00"}]},"zidan7":{"color":[{"color":"ffffff00"}]},"caifu6":{"color":[{"color":"ffffff00"}]},"caifu3":{"color":[{"color":"ffffff00"}]},"baozha":{"color":[{"color":"ffffff00"}]},"caifu11":{"color":[{"color":"ffffff00"}]},"caifu7":{"color":[{"color":"ffffff00"}]},"zidan6":{"color":[{"color":"ffffff00"}]},"caifu8":{"color":[{"color":"ffffff00"}]}},"bones":{"01":{"translate":[{"x":-4.64,"y":-16.71}],"scale":[{},{"time":0.2667,"x":1.139,"y":1.084},{"time":0.5}]}}},"1_wudi":{"slots":{"1":{"attachment":[{"name":"wudi"}]},"zidan4":{"color":[{"color":"ffffff00"}]},"baoji_2":{"color":[{"color":"ffffff00"}]},"shanbi":{"color":[{"color":"ffffff00"}]},"baoji":{"color":[{"color":"ffffff00"}]},"zhongdu":{"color":[{"color":"ffffff00"}]},"caifu5":{"color":[{"color":"ffffff00"}]},"zidan3":{"color":[{"color":"ffffff00"}]},"caifu15":{"color":[{"color":"ffffff00"}]},"zidan2":{"color":[{"color":"ffffff00"}]},"liuxue":{"color":[{"color":"ffffff00"}]},"caifu16":{"color":[{"color":"ffffff00"}]},"huoyan4":{"color":[{"color":"ffffff00"}]},"caifu":{"color":[{"color":"ffffff00"}]},"zidan5":{"color":[{"color":"ffffff00"}]},"zidan7":{"color":[{"color":"ffffff00"}]},"caifu12":{"color":[{"color":"ffffff00"}]},"caifu14":{"color":[{"color":"ffffff00"}]},"caifu10":{"color":[{"color":"ffffff00"}]},"huoyan":{"color":[{"color":"ffffff00"}]},"caifu2":{"color":[{"color":"ffffff00"}]},"huoyan2":{"color":[{"color":"ffffff00"}]},"caifu4":{"color":[{"color":"ffffff00"}]},"huoyan3":{"color":[{"color":"ffffff00"}]},"caifu13":{"color":[{"color":"ffffff00"}]},"zidan":{"color":[{"color":"ffffff00"}]},"caifu9":{"color":[{"color":"ffffff00"}]},"caifu6":{"color":[{"color":"ffffff00"}]},"caifu3":{"color":[{"color":"ffffff00"}]},"baozha":{"color":[{"color":"ffffff00"}]},"caifu11":{"color":[{"color":"ffffff00"}]},"caifu7":{"color":[{"color":"ffffff00"}]},"zidan6":{"color":[{"color":"ffffff00"}]},"caifu8":{"color":[{"color":"ffffff00"}]}},"bones":{"01":{"rotate":[{},{"time":0.1667,"angle":4.33},{"time":0.3333,"angle":-5.03},{"time":0.5}],"scale":[{},{"time":0.1667,"x":1.05,"y":1.05},{"time":0.5,"x":1.01,"y":1.01}]}}},"1_yq":{"slots":{"1":{"color":[{"color":"ffffffff"},{"time":0.2667,"color":"ffffffc8"},{"time":0.5,"color":"ffffffff"}],"attachment":[{"name":"yq"}]},"zidan7":{"color":[{"color":"ffffff00"}]},"baoji_2":{"color":[{"color":"ffffff00"}]},"zidan4":{"color":[{"color":"ffffff00"}]},"shanbi":{"color":[{"color":"ffffff00"}]},"baoji":{"color":[{"color":"ffffff00"}]},"zhongdu":{"color":[{"color":"ffffff00"}]},"caifu5":{"color":[{"color":"ffffff00"}]},"zidan3":{"color":[{"color":"ffffff00"}]},"caifu15":{"color":[{"color":"ffffff00"}]},"zidan2":{"color":[{"color":"ffffff00"}]},"liuxue":{"color":[{"color":"ffffff00"}]},"caifu16":{"color":[{"color":"ffffff00"}]},"huoyan4":{"color":[{"color":"ffffff00"}]},"caifu":{"color":[{"color":"ffffff00"}]},"zidan5":{"color":[{"color":"ffffff00"}]},"huoyan":{"color":[{"color":"ffffff00"}]},"caifu12":{"color":[{"color":"ffffff00"}]},"caifu14":{"color":[{"color":"ffffff00"}]},"caifu10":{"color":[{"color":"ffffff00"}]},"caifu2":{"color":[{"color":"ffffff00"}]},"huoyan2":{"color":[{"color":"ffffff00"}]},"caifu4":{"color":[{"color":"ffffff00"}]},"huoyan3":{"color":[{"color":"ffffff00"}]},"caifu13":{"color":[{"color":"ffffff00"}]},"zidan":{"color":[{"color":"ffffff00"}]},"caifu9":{"color":[{"color":"ffffff00"}]},"caifu6":{"color":[{"color":"ffffff00"}]},"caifu3":{"color":[{"color":"ffffff00"}]},"baozha":{"color":[{"color":"ffffff00"}]},"caifu11":{"color":[{"color":"ffffff00"}]},"caifu7":{"color":[{"color":"ffffff00"}]},"zidan6":{"color":[{"color":"ffffff00"}]},"caifu8":{"color":[{"color":"ffffff00"}]}},"bones":{"01":{"scale":[{},{"time":0.2667,"x":1.135,"y":1.08},{"time":0.5}]}}},"1_yq_2":{"slots":{"1":{"color":[{"color":"87ff00ff"},{"time":0.2667,"color":"86ff00ae"},{"time":0.5,"color":"87ff00ff"}],"attachment":[{"name":"yq"}]},"zidan4":{"color":[{"color":"ffffff00"}]},"baoji_2":{"color":[{"color":"ffffff00"}]},"shanbi":{"color":[{"color":"ffffff00"}]},"baoji":{"color":[{"color":"ffffff00"}]},"zhongdu":{"color":[{"color":"ffffff00"}]},"caifu5":{"color":[{"color":"ffffff00"}]},"zidan3":{"color":[{"color":"ffffff00"}]},"caifu15":{"color":[{"color":"ffffff00"}]},"zidan2":{"color":[{"color":"ffffff00"}]},"liuxue":{"color":[{"color":"ffffff00"}]},"caifu16":{"color":[{"color":"ffffff00"}]},"caifu9":{"color":[{"color":"ffffff00"}]},"caifu":{"color":[{"color":"ffffff00"}]},"huoyan4":{"color":[{"color":"ffffff00"}]},"zidan5":{"color":[{"color":"ffffff00"}]},"huoyan":{"color":[{"color":"ffffff00"}]},"caifu12":{"color":[{"color":"ffffff00"}]},"caifu14":{"color":[{"color":"ffffff00"}]},"caifu10":{"color":[{"color":"ffffff00"}]},"caifu2":{"color":[{"color":"ffffff00"}]},"huoyan2":{"color":[{"color":"ffffff00"}]},"caifu4":{"color":[{"color":"ffffff00"}]},"huoyan3":{"color":[{"color":"ffffff00"}]},"caifu13":{"color":[{"color":"ffffff00"}]},"zidan":{"color":[{"color":"ffffff00"}]},"zidan7":{"color":[{"color":"ffffff00"}]},"caifu6":{"color":[{"color":"ffffff00"}]},"caifu3":{"color":[{"color":"ffffff00"}]},"baozha":{"color":[{"color":"ffffff00"}]},"caifu11":{"color":[{"color":"ffffff00"}]},"caifu7":{"color":[{"color":"ffffff00"}]},"zidan6":{"color":[{"color":"ffffff00"}]},"caifu8":{"color":[{"color":"ffffff00"}]}},"bones":{"01":{"scale":[{},{"time":0.2667,"x":1.135,"y":1.08},{"time":0.5}]}}},"baoji":{"slots":{"1":{"color":[{"color":"ffffff00"}]},"zidan4":{"color":[{"color":"ffffff00"}]},"baoji_2":{"attachment":[{"time":0.0667,"name":"bj/effect_d03_01"},{"time":0.1333,"name":"bj/effect_d03_02"},{"time":0.2333,"name":"bj/effect_d03_03"},{"time":0.3,"name":"bj/effect_d03_04"},{"time":0.3667,"name":"bj/effect_d03_05"},{"time":0.4333,"name":null}]},"shanbi":{"color":[{"color":"ffffff00"}]},"baoji":{"color":[{"color":"ffffff00","curve":"stepped"},{"time":0.1333,"color":"ffffff00"},{"time":0.2333,"color":"ffffffff"}],"attachment":[{"time":0.2333,"name":"bj/effect_d03_01"},{"time":0.3,"name":"bj/effect_d03_02"},{"time":0.4,"name":"bj/effect_d03_03"},{"time":0.4667,"name":"bj/effect_d03_04"},{"time":0.5333,"name":"bj/effect_d03_05"},{"time":0.6,"name":null}]},"zhongdu":{"color":[{"color":"ffffff00"}]},"caifu5":{"color":[{"color":"ffffff00"}]},"zidan3":{"color":[{"color":"ffffff00"}]},"caifu15":{"color":[{"color":"ffffff00"}]},"zidan2":{"color":[{"color":"ffffff00"}]},"liuxue":{"color":[{"color":"ffffff00"}]},"caifu16":{"color":[{"color":"ffffff00"}]},"huoyan4":{"color":[{"color":"ffffff00"}]},"caifu":{"color":[{"color":"ffffff00"}]},"zidan5":{"color":[{"color":"ffffff00"}]},"zidan7":{"color":[{"color":"ffffff00"}]},"caifu12":{"color":[{"color":"ffffff00"}]},"caifu14":{"color":[{"color":"ffffff00"}]},"caifu10":{"color":[{"color":"ffffff00"}]},"huoyan":{"color":[{"color":"ffffff00"}]},"caifu2":{"color":[{"color":"ffffff00"}]},"huoyan2":{"color":[{"color":"ffffff00"}]},"caifu4":{"color":[{"color":"ffffff00"}]},"huoyan3":{"color":[{"color":"ffffff00"}]},"caifu13":{"color":[{"color":"ffffff00"}]},"zidan":{"color":[{"color":"ffffff00"}]},"caifu9":{"color":[{"color":"ffffff00"}]},"caifu6":{"color":[{"color":"ffffff00"}]},"caifu3":{"color":[{"color":"ffffff00"}]},"baozha":{"color":[{"color":"ffffff00"}]},"caifu11":{"color":[{"color":"ffffff00"}]},"caifu7":{"color":[{"color":"ffffff00"}]},"zidan6":{"color":[{"color":"ffffff00"}]},"caifu8":{"color":[{"color":"ffffff00"}]}},"bones":{"baoji_2":{"scale":[{},{"time":0.4333,"x":1.311,"y":1.311}]},"baoji":{"scale":[{},{"time":0.6,"x":1.87,"y":1.87}]}}},"baopo":{"slots":{"1":{"color":[{"color":"ffffff00"}]},"zidan7":{"color":[{"color":"ffffff00"}]},"baoji_2":{"color":[{"color":"ffffff00"}]},"zidan4":{"color":[{"color":"ffffff00"}]},"shanbi":{"color":[{"color":"ffffff00"}]},"baoji":{"color":[{"color":"ffffff00"}]},"zhongdu":{"color":[{"color":"ffffff00"}]},"caifu5":{"color":[{"color":"ffffff00"}]},"zidan3":{"color":[{"color":"ffffff00"}]},"caifu15":{"color":[{"color":"ffffff00"}]},"zidan2":{"color":[{"color":"ffffff00"}]},"liuxue":{"color":[{"color":"ffffff00"}]},"caifu16":{"color":[{"color":"ffffff00"}]},"huoyan4":{"color":[{"color":"ffffff00","curve":"stepped"},{"time":0.3,"color":"ffffff00"},{"time":0.3667,"color":"ffffffff"}],"attachment":[{"name":"fanwei/h1"},{"time":0.1,"name":"fanwei/h3"},{"time":0.2,"name":"fanwei/h2"},{"time":0.3,"name":"fanwei/h4"},{"time":0.3333,"name":"fanwei/h1"},{"time":0.4333,"name":"fanwei/h3"},{"time":0.5333,"name":"fanwei/h2"},{"time":0.6333,"name":"fanwei/h4"},{"time":0.6667,"name":"fanwei/h1"},{"time":0.7667,"name":"fanwei/h3"},{"time":0.8667,"name":"fanwei/h2"},{"time":0.9667,"name":"fanwei/h4"},{"time":1,"name":"fanwei/h1"},{"time":1.1,"name":"fanwei/h3"},{"time":1.2,"name":"fanwei/h2"},{"time":1.3,"name":"fanwei/h4"},{"time":1.3333,"name":"fanwei/h1"},{"time":1.4333,"name":"fanwei/h3"},{"time":1.5333,"name":"fanwei/h2"},{"time":1.6333,"name":"fanwei/h4"},{"time":1.6667,"name":"fanwei/h1"},{"time":1.7667,"name":"fanwei/h3"},{"time":1.8667,"name":"fanwei/h2"},{"time":1.9667,"name":"fanwei/h4"}]},"caifu":{"color":[{"color":"ffffff00"}]},"zidan5":{"color":[{"color":"ffffff00"}]},"huoyan":{"color":[{"color":"ffffff00","curve":"stepped"},{"time":0.1,"color":"ffffff00"},{"time":0.1667,"color":"ffffffff"}],"attachment":[{"name":"fanwei/h1"},{"time":0.1,"name":"fanwei/h3"},{"time":0.2,"name":"fanwei/h2"},{"time":0.3,"name":"fanwei/h4"},{"time":0.3333,"name":"fanwei/h1"},{"time":0.4333,"name":"fanwei/h3"},{"time":0.5333,"name":"fanwei/h2"},{"time":0.6333,"name":"fanwei/h4"},{"time":0.6667,"name":"fanwei/h1"},{"time":0.7667,"name":"fanwei/h3"},{"time":0.8667,"name":"fanwei/h2"},{"time":0.9667,"name":"fanwei/h4"},{"time":1,"name":"fanwei/h1"},{"time":1.1,"name":"fanwei/h3"},{"time":1.2,"name":"fanwei/h2"},{"time":1.3,"name":"fanwei/h4"},{"time":1.3333,"name":"fanwei/h1"},{"time":1.4333,"name":"fanwei/h3"},{"time":1.5333,"name":"fanwei/h2"},{"time":1.6333,"name":"fanwei/h4"},{"time":1.6667,"name":"fanwei/h1"},{"time":1.7667,"name":"fanwei/h3"},{"time":1.8667,"name":"fanwei/h2"},{"time":1.9667,"name":"fanwei/h4"}]},"caifu12":{"color":[{"color":"ffffff00"}]},"caifu14":{"color":[{"color":"ffffff00"}]},"caifu10":{"color":[{"color":"ffffff00"}]},"caifu2":{"color":[{"color":"ffffff00"}]},"huoyan2":{"color":[{"color":"ffffff00"},{"time":0.1,"color":"ffffffff"}],"attachment":[{"name":"fanwei/h1"},{"time":0.1,"name":"fanwei/h3"},{"time":0.2,"name":"fanwei/h2"},{"time":0.3,"name":"fanwei/h4"},{"time":0.3333,"name":"fanwei/h1"},{"time":0.4333,"name":"fanwei/h3"},{"time":0.5333,"name":"fanwei/h2"},{"time":0.6333,"name":"fanwei/h4"},{"time":0.6667,"name":"fanwei/h1"},{"time":0.7667,"name":"fanwei/h3"},{"time":0.8667,"name":"fanwei/h2"},{"time":0.9667,"name":"fanwei/h4"},{"time":1,"name":"fanwei/h1"},{"time":1.1,"name":"fanwei/h3"},{"time":1.2,"name":"fanwei/h2"},{"time":1.3,"name":"fanwei/h4"},{"time":1.3333,"name":"fanwei/h1"},{"time":1.4333,"name":"fanwei/h3"},{"time":1.5333,"name":"fanwei/h2"},{"time":1.6333,"name":"fanwei/h4"},{"time":1.6667,"name":"fanwei/h1"},{"time":1.7667,"name":"fanwei/h3"},{"time":1.8667,"name":"fanwei/h2"},{"time":1.9667,"name":"fanwei/h4"}]},"caifu4":{"color":[{"color":"ffffff00"}]},"huoyan3":{"color":[{"color":"ffffff00","curve":"stepped"},{"time":0.2333,"color":"ffffff00"},{"time":0.3,"color":"ffffffff"}],"attachment":[{"name":"fanwei/h1"},{"time":0.1,"name":"fanwei/h3"},{"time":0.2,"name":"fanwei/h2"},{"time":0.3,"name":"fanwei/h4"},{"time":0.3333,"name":"fanwei/h1"},{"time":0.4333,"name":"fanwei/h3"},{"time":0.5333,"name":"fanwei/h2"},{"time":0.6333,"name":"fanwei/h4"},{"time":0.6667,"name":"fanwei/h1"},{"time":0.7667,"name":"fanwei/h3"},{"time":0.8667,"name":"fanwei/h2"},{"time":0.9667,"name":"fanwei/h4"},{"time":1,"name":"fanwei/h1"},{"time":1.1,"name":"fanwei/h3"},{"time":1.2,"name":"fanwei/h2"},{"time":1.3,"name":"fanwei/h4"},{"time":1.3333,"name":"fanwei/h1"},{"time":1.4333,"name":"fanwei/h3"},{"time":1.5333,"name":"fanwei/h2"},{"time":1.6333,"name":"fanwei/h4"},{"time":1.6667,"name":"fanwei/h1"},{"time":1.7667,"name":"fanwei/h3"},{"time":1.8667,"name":"fanwei/h2"},{"time":1.9667,"name":"fanwei/h4"}]},"caifu13":{"color":[{"color":"ffffff00"}]},"zidan":{"color":[{"color":"ffffff00"}]},"caifu9":{"color":[{"color":"ffffff00"}]},"caifu6":{"color":[{"color":"ffffff00"}]},"caifu3":{"color":[{"color":"ffffff00"}]},"baozha":{"color":[{"color":"ffffff00"}]},"caifu11":{"color":[{"color":"ffffff00"}]},"caifu7":{"color":[{"color":"ffffff00"}]},"zidan6":{"color":[{"color":"ffffff00"}]},"caifu8":{"color":[{"color":"ffffff00"}]}},"bones":{"huoyan":{"translate":[{"x":-48.85,"y":0.89}],"scale":[{"x":0.618,"y":0.618}]},"huoyan2":{"translate":[{"x":19.4,"y":-0.35}],"scale":[{"x":0.618,"y":0.618}]},"huoyan3":{"translate":[{"x":-116.08,"y":-2.03}],"scale":[{"x":0.618,"y":0.618}]},"huoyan4":{"translate":[{"x":-306.04,"y":1.43}],"scale":[{"x":0.618,"y":0.618}]}}},"baopo2":{"slots":{"1":{"color":[{"color":"ffffff00"}]},"zidan4":{"color":[{"color":"ffffff00"}]},"baoji_2":{"color":[{"color":"ffffff00"}]},"shanbi":{"color":[{"color":"ffffff00"}]},"baoji":{"color":[{"color":"ffffff00"}]},"zhongdu":{"color":[{"color":"ffffff00"}]},"caifu5":{"color":[{"color":"ffffff00"}]},"zidan3":{"color":[{"color":"ffffff00"}]},"caifu15":{"color":[{"color":"ffffff00"}]},"zidan2":{"color":[{"color":"ffffff00"}]},"liuxue":{"color":[{"color":"ffffff00"}]},"caifu16":{"color":[{"color":"ffffff00"}]},"caifu9":{"color":[{"color":"ffffff00"}]},"caifu":{"color":[{"color":"ffffff00"}]},"huoyan4":{"attachment":[{"name":"fanwei/h1"},{"time":0.1,"name":"fanwei/h3"},{"time":0.2,"name":"fanwei/h2"},{"time":0.3,"name":"fanwei/h4"},{"time":0.3333,"name":"fanwei/h1"},{"time":0.4333,"name":"fanwei/h3"},{"time":0.5333,"name":"fanwei/h2"},{"time":0.6333,"name":"fanwei/h4"},{"time":0.6667,"name":"fanwei/h1"},{"time":0.7667,"name":"fanwei/h3"},{"time":0.8667,"name":"fanwei/h2"},{"time":0.9667,"name":"fanwei/h4"},{"time":1,"name":"fanwei/h1"},{"time":1.1,"name":"fanwei/h3"},{"time":1.2,"name":"fanwei/h2"},{"time":1.3,"name":"fanwei/h4"},{"time":1.3333,"name":"fanwei/h1"},{"time":1.4333,"name":"fanwei/h3"},{"time":1.5333,"name":"fanwei/h2"},{"time":1.6333,"name":"fanwei/h4"},{"time":1.6667,"name":"fanwei/h1"},{"time":1.7667,"name":"fanwei/h3"},{"time":1.8667,"name":"fanwei/h2"},{"time":1.9667,"name":"fanwei/h4"}]},"zidan5":{"color":[{"color":"ffffff00"}]},"huoyan":{"attachment":[{"name":"fanwei/h1"},{"time":0.1,"name":"fanwei/h3"},{"time":0.2,"name":"fanwei/h2"},{"time":0.3,"name":"fanwei/h4"},{"time":0.3333,"name":"fanwei/h1"},{"time":0.4333,"name":"fanwei/h3"},{"time":0.5333,"name":"fanwei/h2"},{"time":0.6333,"name":"fanwei/h4"},{"time":0.6667,"name":"fanwei/h1"},{"time":0.7667,"name":"fanwei/h3"},{"time":0.8667,"name":"fanwei/h2"},{"time":0.9667,"name":"fanwei/h4"},{"time":1,"name":"fanwei/h1"},{"time":1.1,"name":"fanwei/h3"},{"time":1.2,"name":"fanwei/h2"},{"time":1.3,"name":"fanwei/h4"},{"time":1.3333,"name":"fanwei/h1"},{"time":1.4333,"name":"fanwei/h3"},{"time":1.5333,"name":"fanwei/h2"},{"time":1.6333,"name":"fanwei/h4"},{"time":1.6667,"name":"fanwei/h1"},{"time":1.7667,"name":"fanwei/h3"},{"time":1.8667,"name":"fanwei/h2"},{"time":1.9667,"name":"fanwei/h4"}]},"caifu12":{"color":[{"color":"ffffff00"}]},"caifu14":{"color":[{"color":"ffffff00"}]},"caifu10":{"color":[{"color":"ffffff00"}]},"caifu2":{"color":[{"color":"ffffff00"}]},"huoyan2":{"attachment":[{"name":"fanwei/h1"},{"time":0.1,"name":"fanwei/h3"},{"time":0.2,"name":"fanwei/h2"},{"time":0.3,"name":"fanwei/h4"},{"time":0.3333,"name":"fanwei/h1"},{"time":0.4333,"name":"fanwei/h3"},{"time":0.5333,"name":"fanwei/h2"},{"time":0.6333,"name":"fanwei/h4"},{"time":0.6667,"name":"fanwei/h1"},{"time":0.7667,"name":"fanwei/h3"},{"time":0.8667,"name":"fanwei/h2"},{"time":0.9667,"name":"fanwei/h4"},{"time":1,"name":"fanwei/h1"},{"time":1.1,"name":"fanwei/h3"},{"time":1.2,"name":"fanwei/h2"},{"time":1.3,"name":"fanwei/h4"},{"time":1.3333,"name":"fanwei/h1"},{"time":1.4333,"name":"fanwei/h3"},{"time":1.5333,"name":"fanwei/h2"},{"time":1.6333,"name":"fanwei/h4"},{"time":1.6667,"name":"fanwei/h1"},{"time":1.7667,"name":"fanwei/h3"},{"time":1.8667,"name":"fanwei/h2"},{"time":1.9667,"name":"fanwei/h4"}]},"caifu4":{"color":[{"color":"ffffff00"}]},"huoyan3":{"attachment":[{"name":"fanwei/h1"},{"time":0.1,"name":"fanwei/h3"},{"time":0.2,"name":"fanwei/h2"},{"time":0.3,"name":"fanwei/h4"},{"time":0.3333,"name":"fanwei/h1"},{"time":0.4333,"name":"fanwei/h3"},{"time":0.5333,"name":"fanwei/h2"},{"time":0.6333,"name":"fanwei/h4"},{"time":0.6667,"name":"fanwei/h1"},{"time":0.7667,"name":"fanwei/h3"},{"time":0.8667,"name":"fanwei/h2"},{"time":0.9667,"name":"fanwei/h4"},{"time":1,"name":"fanwei/h1"},{"time":1.1,"name":"fanwei/h3"},{"time":1.2,"name":"fanwei/h2"},{"time":1.3,"name":"fanwei/h4"},{"time":1.3333,"name":"fanwei/h1"},{"time":1.4333,"name":"fanwei/h3"},{"time":1.5333,"name":"fanwei/h2"},{"time":1.6333,"name":"fanwei/h4"},{"time":1.6667,"name":"fanwei/h1"},{"time":1.7667,"name":"fanwei/h3"},{"time":1.8667,"name":"fanwei/h2"},{"time":1.9667,"name":"fanwei/h4"}]},"caifu13":{"color":[{"color":"ffffff00"}]},"zidan":{"color":[{"color":"ffffff00"}]},"zidan7":{"color":[{"color":"ffffff00"}]},"caifu6":{"color":[{"color":"ffffff00"}]},"caifu3":{"color":[{"color":"ffffff00"}]},"baozha":{"color":[{"color":"ffffff00"}]},"caifu11":{"color":[{"color":"ffffff00"}]},"caifu7":{"color":[{"color":"ffffff00"}]},"zidan6":{"color":[{"color":"ffffff00"}]},"caifu8":{"color":[{"color":"ffffff00"}]}},"bones":{"huoyan":{"translate":[{"x":-48.85,"y":0.89}],"scale":[{"x":0.618,"y":0.618}]},"huoyan2":{"translate":[{"x":19.4,"y":-0.35}],"scale":[{"x":0.618,"y":0.618}]},"huoyan3":{"translate":[{"x":-116.08,"y":-2.03}],"scale":[{"x":0.618,"y":0.618}]},"huoyan4":{"translate":[{"x":-306.04,"y":1.43}],"scale":[{"x":0.618,"y":0.618}]}}},"baozha":{"slots":{"1":{"color":[{"color":"ffffff00"}]},"zidan4":{"color":[{"color":"ffffff00"}]},"baoji_2":{"color":[{"color":"ffffff00"}]},"shanbi":{"color":[{"color":"ffffff00"}]},"baoji":{"color":[{"color":"ffffff00"}]},"zhongdu":{"color":[{"color":"ffffff00"}]},"caifu5":{"color":[{"color":"ffffff00"}]},"zidan3":{"color":[{"color":"ffffff00"}]},"caifu15":{"color":[{"color":"ffffff00"}]},"zidan2":{"color":[{"color":"ffffff00"}]},"liuxue":{"color":[{"color":"ffffff00"}]},"caifu16":{"color":[{"color":"ffffff00"}]},"huoyan4":{"color":[{"color":"ffffff00"}]},"caifu":{"color":[{"color":"ffffff00"}]},"zidan5":{"color":[{"color":"ffffff00"}]},"zidan7":{"color":[{"color":"ffffff00"}]},"caifu12":{"color":[{"color":"ffffff00"}]},"caifu14":{"color":[{"color":"ffffff00"}]},"caifu10":{"color":[{"color":"ffffff00"}]},"huoyan":{"color":[{"color":"ffffff00"}]},"caifu2":{"color":[{"color":"ffffff00"}]},"huoyan2":{"color":[{"color":"ffffff00"}]},"caifu4":{"color":[{"color":"ffffff00"}]},"huoyan3":{"color":[{"color":"ffffff00"}]},"caifu13":{"color":[{"color":"ffffff00"}]},"zidan":{"color":[{"color":"ffffff00"}]},"caifu9":{"color":[{"color":"ffffff00"}]},"caifu6":{"color":[{"color":"ffffff00"}]},"caifu3":{"color":[{"color":"ffffff00"}]},"baozha":{"attachment":[{"name":"bz/bz_1"},{"time":0.0667,"name":"bz/bz_2"},{"time":0.1667,"name":"bz/bz_3"},{"time":0.2333,"name":"bz/bz_4"},{"time":0.3,"name":"bz/bz_5"},{"time":0.4,"name":"bz/bz_6"},{"time":0.4667,"name":"bz/bz_7"},{"time":0.5667,"name":null}]},"caifu11":{"color":[{"color":"ffffff00"}]},"caifu7":{"color":[{"color":"ffffff00"}]},"zidan6":{"color":[{"color":"ffffff00"}]},"caifu8":{"color":[{"color":"ffffff00"}]}}},"caifu":{"slots":{"zidan4":{"color":[{"color":"ffffff00"}]},"caifu":{"color":[{"color":"ffffff00"},{"time":0.1,"color":"ffffffff","curve":"stepped"},{"time":0.4333,"color":"ffffffff"},{"time":0.5,"color":"ffffffa2"},{"time":0.6,"color":"ffffff00"}]},"zidan3":{"color":[{"color":"ffffff00"}]},"caifu10":{"color":[{"color":"ffffff00","curve":"stepped"},{"time":0.2333,"color":"ffffff00"},{"time":0.2667,"color":"ffffff00"},{"time":0.4333,"color":"ffffffff","curve":"stepped"},{"time":0.7,"color":"ffffffff"},{"time":0.7667,"color":"ffffff86"},{"time":0.8667,"color":"ffffff00"}]},"zidan2":{"color":[{"color":"ffffff00"}]},"caifu16":{"color":[{"color":"ffffff00","curve":"stepped"},{"time":0.2333,"color":"ffffff00"},{"time":0.2667,"color":"ffffff00"},{"time":0.4333,"color":"ffffff78"},{"time":0.7667,"color":"ffffffff"},{"time":0.8667,"color":"ffffff00"}]},"caifu12":{"color":[{"color":"ffffff00","curve":"stepped"},{"time":0.2333,"color":"ffffff00"},{"time":0.2667,"color":"ffffff00"},{"time":0.4333,"color":"ffffff78"},{"time":0.7667,"color":"ffffffff"},{"time":0.8667,"color":"ffffff00"}]},"zidan5":{"color":[{"color":"ffffff00"}]},"zidan7":{"color":[{"color":"ffffff00"}]},"caifu5":{"color":[{"color":"ffffff00"},{"time":0.1,"color":"ffffffff","curve":"stepped"},{"time":0.4333,"color":"ffffffff"},{"time":0.5,"color":"ffffffa2"},{"time":0.6,"color":"ffffff00"}]},"caifu14":{"color":[{"color":"ffffff00","curve":"stepped"},{"time":0.2333,"color":"ffffff00"},{"time":0.2667,"color":"ffffff00"},{"time":0.4333,"color":"ffffffff","curve":"stepped"},{"time":0.7,"color":"ffffffff"},{"time":0.7667,"color":"ffffff86"},{"time":0.8667,"color":"ffffff00"}]},"caifu2":{"color":[{"color":"ffffff00"},{"time":0.1667,"color":"ffffffff","curve":"stepped"},{"time":0.4333,"color":"ffffffff"},{"time":0.5,"color":"ffffff86"},{"time":0.6,"color":"ffffff00"}]},"caifu4":{"color":[{"color":"ffffff00"},{"time":0.1667,"color":"ffffff78"},{"time":0.5,"color":"ffffffff"},{"time":0.6,"color":"ffffff00"}]},"caifu15":{"color":[{"color":"ffffff00","curve":"stepped"},{"time":0.2333,"color":"ffffff00"},{"time":0.2667,"color":"ffffff00"},{"time":0.4333,"color":"ffffffff","curve":"stepped"},{"time":0.7667,"color":"ffffffff"},{"time":0.8667,"color":"ffffff00"}]},"caifu13":{"color":[{"color":"ffffff00","curve":"stepped"},{"time":0.2333,"color":"ffffff00"},{"time":0.2667,"color":"ffffff00"},{"time":0.3667,"color":"ffffffff","curve":"stepped"},{"time":0.7,"color":"ffffffff"},{"time":0.7667,"color":"ffffffa2"},{"time":0.8667,"color":"ffffff00"}]},"zidan":{"color":[{"color":"ffffff00"}]},"caifu9":{"color":[{"color":"ffffff00","curve":"stepped"},{"time":0.2333,"color":"ffffff00"},{"time":0.2667,"color":"ffffff00"},{"time":0.3667,"color":"ffffffff","curve":"stepped"},{"time":0.7,"color":"ffffffff"},{"time":0.7667,"color":"ffffffa2"},{"time":0.8667,"color":"ffffff00"}]},"caifu6":{"color":[{"color":"ffffff00"},{"time":0.1667,"color":"ffffffff","curve":"stepped"},{"time":0.4333,"color":"ffffffff"},{"time":0.5,"color":"ffffff86"},{"time":0.6,"color":"ffffff00"}]},"caifu3":{"color":[{"color":"ffffff00"},{"time":0.1667,"color":"ffffffff","curve":"stepped"},{"time":0.5,"color":"ffffffff"},{"time":0.6,"color":"ffffff00"}]},"caifu11":{"color":[{"color":"ffffff00","curve":"stepped"},{"time":0.2333,"color":"ffffff00"},{"time":0.2667,"color":"ffffff00"},{"time":0.4333,"color":"ffffffff","curve":"stepped"},{"time":0.7667,"color":"ffffffff"},{"time":0.8667,"color":"ffffff00"}]},"caifu7":{"color":[{"color":"ffffff00"},{"time":0.1667,"color":"ffffffff","curve":"stepped"},{"time":0.5,"color":"ffffffff"},{"time":0.6,"color":"ffffff00"}]},"zidan6":{"color":[{"color":"ffffff00"}]},"caifu8":{"color":[{"color":"ffffff00"},{"time":0.1667,"color":"ffffff78"},{"time":0.5,"color":"ffffffff"},{"time":0.6,"color":"ffffff00"}]}},"bones":{"caifu":{"translate":[{},{"time":0.6,"y":208.42}]},"caifu2":{"translate":[{"y":-6.97},{"time":0.6,"y":168.67}]},"caifu3":{"translate":[{"y":-6.97},{"time":0.6,"y":188.23}]},"caifu4":{"translate":[{"y":-6.97},{"time":0.6,"y":158.02}]},"caifu5":{"translate":[{},{"time":0.6,"y":184.94}]},"caifu6":{"translate":[{"y":-6.97},{"time":0.6,"y":173.58}]},"caifu7":{"translate":[{"y":-6.97},{"time":0.6,"y":195.87}]},"caifu8":{"translate":[{"y":-6.97},{"time":0.6,"y":160.75}]},"caifu10":{"translate":[{"time":0.2667},{"time":0.8667,"y":208.42}]},"caifu11":{"translate":[{},{"time":0.2,"y":-5.81},{"time":0.2667,"y":-6.97},{"time":0.8667,"y":168.67}]},"caifu12":{"translate":[{},{"time":0.2,"y":-5.81},{"time":0.2667,"y":-6.97},{"time":0.8667,"y":188.23}]},"caifu13":{"translate":[{},{"time":0.2,"y":-5.81},{"time":0.2667,"y":-6.97},{"time":0.8667,"y":158.02}]},"caifu15":{"translate":[{"time":0.2667},{"time":0.8667,"y":184.94}]},"caifu16":{"translate":[{},{"time":0.2,"y":-5.81},{"time":0.2667,"y":-6.97},{"time":0.8667,"y":173.58}]},"caifu17":{"translate":[{},{"time":0.2,"y":-5.81},{"time":0.2667,"y":-6.97},{"time":0.8667,"y":195.87}]},"caifu18":{"translate":[{},{"time":0.2,"y":-5.81},{"time":0.2667,"y":-6.97},{"time":0.8667,"y":160.75}]}}},"fanwei":{"slots":{"caifu":{"color":[{"color":"ffffff00"}]},"caifu5":{"color":[{"color":"ffffff00"}]},"caifu15":{"color":[{"color":"ffffff00"}]},"caifu16":{"color":[{"color":"ffffff00"}]},"caifu12":{"color":[{"color":"ffffff00"}]},"caifu14":{"color":[{"color":"ffffff00"}]},"caifu10":{"color":[{"color":"ffffff00"}]},"caifu2":{"color":[{"color":"ffffff00"}]},"caifu4":{"color":[{"color":"ffffff00"}]},"caifu13":{"color":[{"color":"ffffff00"}]},"caifu9":{"color":[{"color":"ffffff00"}]},"caifu6":{"color":[{"color":"ffffff00"}]},"caifu3":{"color":[{"color":"ffffff00"}]},"caifu11":{"color":[{"color":"ffffff00"}]},"caifu7":{"color":[{"color":"ffffff00"}]},"caifu8":{"color":[{"color":"ffffff00"}]}},"bones":{"zidan7":{"translate":[{},{"time":0.3667,"x":-152.67,"y":-2.14}]},"zidan4":{"translate":[{},{"time":0.3667,"x":-136.19,"y":78.63}]},"zidan3":{"translate":[{},{"time":0.3667,"x":-83.64,"y":144.87}]},"zidan":{"translate":[{},{"time":0.3667,"y":168.88}]},"zidan2":{"translate":[{},{"time":0.3667,"x":87.04,"y":150.76}]},"zidan5":{"translate":[{},{"time":0.3667,"x":155.03,"y":89.51}]},"zidan6":{"translate":[{},{"time":0.3667,"x":162.21}]}}},"huoyan":{"slots":{"1":{"color":[{"color":"ffffff00"}]},"zidan4":{"color":[{"color":"ffffff00"}]},"baoji_2":{"color":[{"color":"ffffff00"}]},"shanbi":{"color":[{"color":"ffffff00"}]},"baoji":{"color":[{"color":"ffffff00"}]},"zhongdu":{"color":[{"color":"ffffff00"}]},"caifu5":{"color":[{"color":"ffffff00"}]},"zidan3":{"color":[{"color":"ffffff00"}]},"caifu15":{"color":[{"color":"ffffff00"}]},"zidan2":{"color":[{"color":"ffffff00"}]},"liuxue":{"color":[{"color":"ffffff00"}]},"caifu16":{"color":[{"color":"ffffff00"}]},"caifu9":{"color":[{"color":"ffffff00"}]},"caifu":{"color":[{"color":"ffffff00"}]},"huoyan4":{"color":[{"color":"ffffff00"}],"attachment":[{"name":"fanwei/h1"},{"time":0.1,"name":"fanwei/h3"},{"time":0.2,"name":"fanwei/h2"},{"time":0.3,"name":"fanwei/h4"}]},"zidan5":{"color":[{"color":"ffffff00"}]},"huoyan":{"attachment":[{"name":"fanwei/h1"},{"time":0.1,"name":"fanwei/h3"},{"time":0.2,"name":"fanwei/h2"},{"time":0.3,"name":"fanwei/h4"}]},"caifu12":{"color":[{"color":"ffffff00"}]},"caifu14":{"color":[{"color":"ffffff00"}]},"caifu10":{"color":[{"color":"ffffff00"}]},"caifu2":{"color":[{"color":"ffffff00"}]},"huoyan2":{"color":[{"color":"ffffff00"}],"attachment":[{"name":"fanwei/h1"},{"time":0.1,"name":"fanwei/h3"},{"time":0.2,"name":"fanwei/h2"},{"time":0.3,"name":"fanwei/h4"}]},"caifu4":{"color":[{"color":"ffffff00"}]},"huoyan3":{"color":[{"color":"ffffff00"}],"attachment":[{"name":"fanwei/h1"},{"time":0.1,"name":"fanwei/h3"},{"time":0.2,"name":"fanwei/h2"},{"time":0.3,"name":"fanwei/h4"}]},"caifu13":{"color":[{"color":"ffffff00"}]},"zidan":{"color":[{"color":"ffffff00"}]},"zidan7":{"color":[{"color":"ffffff00"}]},"caifu6":{"color":[{"color":"ffffff00"}]},"caifu3":{"color":[{"color":"ffffff00"}]},"baozha":{"color":[{"color":"ffffff00"}]},"caifu11":{"color":[{"color":"ffffff00"}]},"caifu7":{"color":[{"color":"ffffff00"}]},"zidan6":{"color":[{"color":"ffffff00"}]},"caifu8":{"color":[{"color":"ffffff00"}]}},"bones":{"huoyan":{"rotate":[{},{"time":0.3,"angle":-2.5}],"scale":[{},{"time":0.3,"x":1.342}]},"huoyan2":{"rotate":[{},{"time":0.3,"angle":-2.5}],"scale":[{},{"time":0.3,"x":1.342}]},"huoyan3":{"rotate":[{},{"time":0.3,"angle":-2.5}],"scale":[{},{"time":0.3,"x":1.342}]},"huoyan4":{"rotate":[{},{"time":0.3,"angle":-2.5}],"scale":[{},{"time":0.3,"x":1.342}]}}},"huoyan2":{"slots":{"1":{"color":[{"color":"ffffff00"}]},"zidan4":{"color":[{"color":"ffffff00"}]},"baoji_2":{"color":[{"color":"ffffff00"}]},"shanbi":{"color":[{"color":"ffffff00"}]},"baoji":{"color":[{"color":"ffffff00"}]},"zhongdu":{"color":[{"color":"ffffff00"}]},"caifu5":{"color":[{"color":"ffffff00"}]},"zidan3":{"color":[{"color":"ffffff00"}]},"caifu15":{"color":[{"color":"ffffff00"}]},"zidan2":{"color":[{"color":"ffffff00"}]},"liuxue":{"color":[{"color":"ffffff00"}]},"caifu16":{"color":[{"color":"ffffff00"}]},"huoyan4":{"color":[{"color":"ffffff00"}],"attachment":[{"name":"fanwei/h1"},{"time":0.1,"name":"fanwei/h3"},{"time":0.2,"name":"fanwei/h2"},{"time":0.3,"name":"fanwei/h4"},{"time":0.3333,"name":"fanwei/h1"},{"time":0.4333,"name":"fanwei/h3"},{"time":0.5333,"name":"fanwei/h2"},{"time":0.6333,"name":"fanwei/h4"},{"time":0.6667,"name":"fanwei/h1"},{"time":0.7667,"name":"fanwei/h3"},{"time":0.8667,"name":"fanwei/h2"},{"time":0.9667,"name":"fanwei/h4"},{"time":1,"name":"fanwei/h1"},{"time":1.1,"name":"fanwei/h3"},{"time":1.2,"name":"fanwei/h2"},{"time":1.3,"name":"fanwei/h4"},{"time":1.3333,"name":"fanwei/h1"},{"time":1.4333,"name":"fanwei/h3"},{"time":1.5333,"name":"fanwei/h2"},{"time":1.6333,"name":"fanwei/h4"}]},"caifu":{"color":[{"color":"ffffff00"}]},"zidan5":{"color":[{"color":"ffffff00"}]},"zidan7":{"color":[{"color":"ffffff00"}]},"caifu12":{"color":[{"color":"ffffff00"}]},"caifu14":{"color":[{"color":"ffffff00"}]},"caifu10":{"color":[{"color":"ffffff00"}]},"huoyan":{"attachment":[{"name":"fanwei/h1"},{"time":0.1,"name":"fanwei/h3"},{"time":0.2,"name":"fanwei/h2"},{"time":0.3,"name":"fanwei/h4"},{"time":0.3333,"name":"fanwei/h1"},{"time":0.4333,"name":"fanwei/h3"},{"time":0.5333,"name":"fanwei/h2"},{"time":0.6333,"name":"fanwei/h4"},{"time":0.6667,"name":"fanwei/h1"},{"time":0.7667,"name":"fanwei/h3"},{"time":0.8667,"name":"fanwei/h2"},{"time":0.9667,"name":"fanwei/h4"},{"time":1,"name":"fanwei/h1"},{"time":1.1,"name":"fanwei/h3"},{"time":1.2,"name":"fanwei/h2"},{"time":1.3,"name":"fanwei/h4"},{"time":1.3333,"name":"fanwei/h1"},{"time":1.4333,"name":"fanwei/h3"},{"time":1.5333,"name":"fanwei/h2"},{"time":1.6333,"name":"fanwei/h4"}]},"caifu2":{"color":[{"color":"ffffff00"}]},"huoyan2":{"color":[{"color":"ffffff00"}],"attachment":[{"name":"fanwei/h1"},{"time":0.1,"name":"fanwei/h3"},{"time":0.2,"name":"fanwei/h2"},{"time":0.3,"name":"fanwei/h4"},{"time":0.3333,"name":"fanwei/h1"},{"time":0.4333,"name":"fanwei/h3"},{"time":0.5333,"name":"fanwei/h2"},{"time":0.6333,"name":"fanwei/h4"},{"time":0.6667,"name":"fanwei/h1"},{"time":0.7667,"name":"fanwei/h3"},{"time":0.8667,"name":"fanwei/h2"},{"time":0.9667,"name":"fanwei/h4"},{"time":1,"name":"fanwei/h1"},{"time":1.1,"name":"fanwei/h3"},{"time":1.2,"name":"fanwei/h2"},{"time":1.3,"name":"fanwei/h4"},{"time":1.3333,"name":"fanwei/h1"},{"time":1.4333,"name":"fanwei/h3"},{"time":1.5333,"name":"fanwei/h2"},{"time":1.6333,"name":"fanwei/h4"}]},"caifu4":{"color":[{"color":"ffffff00"}]},"huoyan3":{"color":[{"color":"ffffff00"}],"attachment":[{"name":"fanwei/h1"},{"time":0.1,"name":"fanwei/h3"},{"time":0.2,"name":"fanwei/h2"},{"time":0.3,"name":"fanwei/h4"},{"time":0.3333,"name":"fanwei/h1"},{"time":0.4333,"name":"fanwei/h3"},{"time":0.5333,"name":"fanwei/h2"},{"time":0.6333,"name":"fanwei/h4"},{"time":0.6667,"name":"fanwei/h1"},{"time":0.7667,"name":"fanwei/h3"},{"time":0.8667,"name":"fanwei/h2"},{"time":0.9667,"name":"fanwei/h4"},{"time":1,"name":"fanwei/h1"},{"time":1.1,"name":"fanwei/h3"},{"time":1.2,"name":"fanwei/h2"},{"time":1.3,"name":"fanwei/h4"},{"time":1.3333,"name":"fanwei/h1"},{"time":1.4333,"name":"fanwei/h3"},{"time":1.5333,"name":"fanwei/h2"},{"time":1.6333,"name":"fanwei/h4"}]},"caifu13":{"color":[{"color":"ffffff00"}]},"zidan":{"color":[{"color":"ffffff00"}]},"caifu9":{"color":[{"color":"ffffff00"}]},"caifu6":{"color":[{"color":"ffffff00"}]},"caifu3":{"color":[{"color":"ffffff00"}]},"baozha":{"color":[{"color":"ffffff00"}]},"caifu11":{"color":[{"color":"ffffff00"}]},"caifu7":{"color":[{"color":"ffffff00"}]},"zidan6":{"color":[{"color":"ffffff00"}]},"caifu8":{"color":[{"color":"ffffff00"}]}},"bones":{"huoyan":{"scale":[{},{"time":0.3,"x":1.342},{"time":0.3333},{"time":0.6333,"x":1.342},{"time":0.6667},{"time":0.9667,"x":1.342},{"time":1},{"time":1.3,"x":1.342},{"time":1.3333},{"time":1.6333,"x":1.342}]},"huoyan2":{"scale":[{},{"time":0.3,"x":1.342},{"time":0.3333},{"time":0.6333,"x":1.342},{"time":0.6667},{"time":0.9667,"x":1.342},{"time":1},{"time":1.3,"x":1.342},{"time":1.3333},{"time":1.6333,"x":1.342}]},"huoyan3":{"scale":[{},{"time":0.3,"x":1.342},{"time":0.3333},{"time":0.6333,"x":1.342},{"time":0.6667},{"time":0.9667,"x":1.342},{"time":1},{"time":1.3,"x":1.342},{"time":1.3333},{"time":1.6333,"x":1.342}]},"huoyan4":{"scale":[{},{"time":0.3,"x":1.342},{"time":0.3333},{"time":0.6333,"x":1.342},{"time":0.6667},{"time":0.9667,"x":1.342},{"time":1},{"time":1.3,"x":1.342},{"time":1.3333},{"time":1.6333,"x":1.342}]}}},"liuxue":{"slots":{"1":{"color":[{"color":"ffffff00"}]},"zidan4":{"color":[{"color":"ffffff00"}]},"baoji_2":{"color":[{"color":"ffffff00"}]},"shanbi":{"color":[{"color":"ffffff00"}]},"baoji":{"color":[{"color":"ffffff00"}]},"zhongdu":{"color":[{"color":"ffffff00"}]},"caifu5":{"color":[{"color":"ffffff00"}]},"zidan3":{"color":[{"color":"ffffff00"}]},"caifu15":{"color":[{"color":"ffffff00"}]},"zidan2":{"color":[{"color":"ffffff00"}]},"liuxue":{"attachment":[{"name":"liuxue/lx_1"},{"time":0.0667,"name":"liuxue/lx_2"},{"time":0.1333,"name":"liuxue/lx_3"},{"time":0.2,"name":"liuxue/lx_4"},{"time":0.2667,"name":"liuxue/lx_5"},{"time":0.3333,"name":"liuxue/lx_6"},{"time":0.4,"name":"liuxue/lx_7"},{"time":0.4667,"name":"liuxue/lx_8"},{"time":0.5333,"name":"liuxue/lx_9"}]},"caifu16":{"color":[{"color":"ffffff00"}]},"caifu9":{"color":[{"color":"ffffff00"}]},"caifu":{"color":[{"color":"ffffff00"}]},"huoyan4":{"color":[{"color":"ffffff00"}]},"zidan5":{"color":[{"color":"ffffff00"}]},"huoyan":{"color":[{"color":"ffffff00"}]},"caifu12":{"color":[{"color":"ffffff00"}]},"caifu14":{"color":[{"color":"ffffff00"}]},"caifu10":{"color":[{"color":"ffffff00"}]},"caifu2":{"color":[{"color":"ffffff00"}]},"huoyan2":{"color":[{"color":"ffffff00"}]},"caifu4":{"color":[{"color":"ffffff00"}]},"huoyan3":{"color":[{"color":"ffffff00"}]},"caifu13":{"color":[{"color":"ffffff00"}]},"zidan":{"color":[{"color":"ffffff00"}]},"zidan7":{"color":[{"color":"ffffff00"}]},"caifu6":{"color":[{"color":"ffffff00"}]},"caifu3":{"color":[{"color":"ffffff00"}]},"baozha":{"color":[{"color":"ffffff00"}]},"caifu11":{"color":[{"color":"ffffff00"}]},"caifu7":{"color":[{"color":"ffffff00"}]},"zidan6":{"color":[{"color":"ffffff00"}]},"caifu8":{"color":[{"color":"ffffff00"}]}}},"shanbi":{"slots":{"1":{"color":[{"color":"ffffff00"}]},"zidan4":{"color":[{"color":"ffffff00"}]},"baoji_2":{"color":[{"color":"ffffff00"}]},"shanbi":{"attachment":[{"time":0.0667,"name":"shanbi/z1"},{"time":0.1333,"name":"shanbi/z2"},{"time":0.2,"name":"shanbi/z3"},{"time":0.2667,"name":"shanbi/z4"},{"time":0.3333,"name":"shanbi/z5"},{"time":0.4,"name":"shanbi/z6"},{"time":0.4667,"name":"shanbi/z7"},{"time":0.5333,"name":null}]},"baoji":{"color":[{"color":"ffffff00"}]},"zhongdu":{"color":[{"color":"ffffff00"}]},"caifu5":{"color":[{"color":"ffffff00"}]},"zidan3":{"color":[{"color":"ffffff00"}]},"caifu15":{"color":[{"color":"ffffff00"}]},"zidan2":{"color":[{"color":"ffffff00"}]},"liuxue":{"color":[{"color":"ffffff00"}]},"caifu16":{"color":[{"color":"ffffff00"}]},"caifu9":{"color":[{"color":"ffffff00"}]},"caifu":{"color":[{"color":"ffffff00"}]},"huoyan4":{"color":[{"color":"ffffff00"}]},"zidan5":{"color":[{"color":"ffffff00"}]},"huoyan":{"color":[{"color":"ffffff00"}]},"caifu12":{"color":[{"color":"ffffff00"}]},"caifu14":{"color":[{"color":"ffffff00"}]},"caifu10":{"color":[{"color":"ffffff00"}]},"caifu2":{"color":[{"color":"ffffff00"}]},"huoyan2":{"color":[{"color":"ffffff00"}]},"caifu4":{"color":[{"color":"ffffff00"}]},"huoyan3":{"color":[{"color":"ffffff00"}]},"caifu13":{"color":[{"color":"ffffff00"}]},"zidan":{"color":[{"color":"ffffff00"}]},"zidan7":{"color":[{"color":"ffffff00"}]},"caifu6":{"color":[{"color":"ffffff00"}]},"caifu3":{"color":[{"color":"ffffff00"}]},"baozha":{"color":[{"color":"ffffff00"}]},"caifu11":{"color":[{"color":"ffffff00"}]},"caifu7":{"color":[{"color":"ffffff00"}]},"zidan6":{"color":[{"color":"ffffff00"}]},"caifu8":{"color":[{"color":"ffffff00"}]}},"bones":{"shanbi":{"scale":[{},{"time":0.5333,"x":1.693,"y":1.693}]}}},"zhongdu":{"slots":{"1":{"color":[{"color":"ffffff00"}]},"zidan4":{"color":[{"color":"ffffff00"}]},"baoji_2":{"color":[{"color":"ffffff00"}]},"shanbi":{"color":[{"color":"ffffff00"}]},"baoji":{"color":[{"color":"ffffff00"}]},"zhongdu":{"attachment":[{"name":"hx/h__00"},{"time":0.0667,"name":"hx/h__01"},{"time":0.1333,"name":"hx/h__02"},{"time":0.2,"name":"hx/h__03"},{"time":0.2667,"name":"hx/h__04"},{"time":0.3333,"name":"hx/h__05"},{"time":0.4,"name":"hx/h__06"},{"time":0.4667,"name":"hx/h__07"}]},"caifu5":{"color":[{"color":"ffffff00"}]},"zidan3":{"color":[{"color":"ffffff00"}]},"caifu15":{"color":[{"color":"ffffff00"}]},"zidan2":{"color":[{"color":"ffffff00"}]},"liuxue":{"color":[{"color":"ffffff00"}]},"caifu16":{"color":[{"color":"ffffff00"}]},"caifu9":{"color":[{"color":"ffffff00"}]},"caifu":{"color":[{"color":"ffffff00"}]},"huoyan4":{"color":[{"color":"ffffff00"}]},"zidan5":{"color":[{"color":"ffffff00"}]},"huoyan":{"color":[{"color":"ffffff00"}]},"caifu12":{"color":[{"color":"ffffff00"}]},"caifu14":{"color":[{"color":"ffffff00"}]},"caifu10":{"color":[{"color":"ffffff00"}]},"caifu2":{"color":[{"color":"ffffff00"}]},"huoyan2":{"color":[{"color":"ffffff00"}]},"caifu4":{"color":[{"color":"ffffff00"}]},"huoyan3":{"color":[{"color":"ffffff00"}]},"caifu13":{"color":[{"color":"ffffff00"}]},"zidan":{"color":[{"color":"ffffff00"}]},"zidan7":{"color":[{"color":"ffffff00"}]},"caifu6":{"color":[{"color":"ffffff00"}]},"caifu3":{"color":[{"color":"ffffff00"}]},"baozha":{"color":[{"color":"ffffff00"}]},"caifu11":{"color":[{"color":"ffffff00"}]},"caifu7":{"color":[{"color":"ffffff00"}]},"zidan6":{"color":[{"color":"ffffff00"}]},"caifu8":{"color":[{"color":"ffffff00"}]}}}}},[0]]],0,0,[0],[-1],[0]]