[1,0,0,[["cc.AnimationClip",["_name","_duration","events","curveData"],0,11]],[[0,0,1,2,3,4]],[[0,"tip",0.8333333333333334,[{"frame":0.8333333333333334,"func":"recycle","params":[]}],[{"props":{"opacity":[{"frame":0,"value":255},{"frame":0.8333333333333334,"value":255}]}},"paths",11,[{},"bg",11,[{},"props",11,[{},"scale",12,[[[{"frame":0},"value",8,[0,0,0]],[{"frame":0.3333333333333333},"value",8,[0,1.2,1.2]],[{"frame":0.6666666666666666},"value",8,[0,1,1]]],11,11,11]]],"str",11,[{},"props",11,[{},"scale",12,[[[{"frame":0},"value",8,[0,0,0]],[{"frame":0.3333333333333333},"value",8,[0,1.2,1.2]],[{"frame":0.6666666666666666},"value",8,[0,1,1]]],11,11,11]]]]]]],0,0,[],[],[]]