[1,["ecpdLyjvZBwrvm+cedCcQy","c23ae9juJFkaNryK6aBOVk","99Y7FpaFFATrFktpo/7zEl","abLKY3xTdNoKe2rjed+gWx","c8BHlNRYpNNIEmsoC0EigF","90WyIPW15Ag7CzSbFupuMG","01T11Dwn5D3JY5N8xGsqNN","d0mIC/VaBON57PXrqyUL+8","a2MjXRFdtLlYQ5ouAFv/+R","5f5dyqtRNNxaFmVzYns6FZ","9bvaMerUlDyary99mJa6xp","27nM6XsIFPvbwXFcd89cKw","4djugZpb1DBqltY6aZnRtZ","9bZBfXD/VDyoDuHIRVUkLq","9eqfCkMKdGO7mcpHyVn646","7efQE7hnND8KAQcowW0hIX","a1TtqFMexO5JOOOHwZJBe0","27/CtJ/CdLpJWQHKKKRrhA","5cO7kybDxGj4ipyMYdRYZB","ccQd2+r2VFd6Hx/+mVl/b/","84mx4uCWRLz7FlFndODsTh","7apNzjwY5COopk5GmHPQ2H","d608qFRoFHwbXd0Dap056i","61cyPdEfRN047sDK9rO0W5","73LfXJDldFJIIpo9wIuVad","78Q/ANnmVKio5XbfGEGQdV","6a0hgFdtFO95c5hfF1313I","fbc3EoQsdJ0aj8vpb7eq/M","5a0bpmh+dNap9sH4gcsd/n","41bObiK61HJbddWb7ZjmKv","eac5SIcpVBMr3p6jE66uEh","19i3vY9vRBZpdiDT+h0TMv","dc2pIYim5LJKouEWRu3s27"],["node","_textureSetter","_spriteFrame","_N$pressedSprite","_N$hoverSprite","_N$disabledSprite","_N$normalSprite","root","data","_parent","_scrollView"],["cc.SpriteFrame",["cc.Node",["_name","_objFlags","_groupIndex","_opacity","_active","_prefab","_contentSize","_components","_parent","_trs","_children","_color","_anchorPoint"],-2,4,5,9,1,7,2,5,5],["cc.Sprite",["_sizeMode","_type","node","_materials","_spriteFrame"],1,1,3,6],["cc.Button",["_N$transition","node","_N$pressedSprite","_N$hoverSprite","_N$disabledSprite","_N$normalSprite"],2,1,6,6,6,6],["cc.Label",["_fontSize","_lineHeight","_N$horizontalAlign","_string","_styleFlags","_N$overflow","_N$verticalAlign","node","_materials"],-4,1,3],["cc.Node",["_name","_active","_objFlags","_parent","_children","_components","_prefab","_contentSize","_trs","_anchorPoint"],0,1,2,12,4,5,7,5],["cc.PrefabInfo",["fileId","root","asset"],2,1,1],["cc.Prefab",["_name"],2],["cc.Node",["_name","_objFlags","_parent","_components","_prefab","_contentSize","_anchorPoint","_trs"],1,1,2,4,5,5,7],["14b35pp6YlAdrv9HVNXJcB3",["node"],3,1],["cc.Widget",["alignMode","_alignFlags","_left","_originalHeight","node"],-1,1],["cc.Mask",["_N$alphaThreshold","node","_materials"],2,1,3],["cc.Scrollbar",["_N$direction","node","_N$handle"],2,1,1],["cc.ScrollView",["horizontal","brake","bounceDuration","_N$horizontalScrollBar","node","_N$content","_N$verticalScrollBar"],-1,1,1,1]],[[6,0,1,2,2],[2,2,3,4,1],[1,0,8,7,5,6,9,2],[3,0,1,5,2,3,4,2],[1,0,8,7,5,6,2],[2,1,0,2,3,4,3],[3,0,1,2],[7,0,2],[1,0,2,10,7,5,6,3],[1,0,8,10,5,2],[1,0,3,8,7,5,11,6,3],[1,0,1,10,5,6,12,9,3],[1,0,1,8,10,7,5,6,3],[1,0,4,8,7,5,6,9,3],[1,0,8,10,7,5,6,9,2],[1,0,1,8,7,5,11,6,12,9,3],[1,0,8,7,5,11,6,12,9,2],[5,0,1,3,4,5,6,7,8,3],[5,0,2,1,3,4,5,6,7,9,8,4],[8,0,1,2,3,4,5,6,7,3],[9,0,1],[6,1,2,1],[2,0,2,3,4,2],[2,1,0,2,3,3],[10,0,1,2,3,4,5],[3,1,1],[3,0,1,2,3,4,2],[11,0,1,2,2],[12,0,1,2,2],[13,0,1,2,3,4,5,6,5],[4,0,1,2,7,8,4],[4,3,0,1,4,5,7,8,6],[4,3,0,2,6,7,8,5]],[[[{"name":"jj_2","rect":[0,0,196,76],"offset":[0,0],"originalSize":[196,76],"capInsets":[0,0,0,0]}],[0],0,[0],[1],[7]],[[[7,"yonghuxieyi"],[8,"yonghuxieyi",1,[-3,-4],[[20,-2]],[21,-1,0],[5,720,1280]],[9,"panel",1,[-5,-6,-7,-8,-9,-10,-11,-12,-13,-14,-15],[0,"e1OK/Tw4FBb4Jv0NSFI6AH",1,0]],[17,"sc1",false,2,[-18,-19],[[[5,1,0,-16,[7],8],-17],4,1],[0,"03Fn2aHFBJHaq/xQlj9opO",1,0],[5,580,840],[1,-7.708,0,0,0,0,1,1,1,1]],[18,"scrollBar",512,false,3,[-23],[[-20,[24,0,37,350.07654921020657,237,-21],[5,1,0,-22,[5],6]],1,4,4],[0,"48em+b7CBOY4DEyRqlL3Q6",1,0],[5,12,840],[0,1,0.5],[290,0,0,0,0,0,1,1,1,1]],[10,"bk",200,1,[[22,0,-24,[0],1],[25,-25]],[0,"f2YaArhsVAOo7mVKQyYO1t",1,0],[4,4278190080],[5,1000,1600]],[11,"content",512,[-26],[0,"3f/FtlqodO6777sQbWVlYL",1,0],[5,580,840],[0,0.5,1],[0,115.30999755859375,0,0,0,0,1,1,1,1]],[12,"view",512,3,[6],[[27,0,-27,[3]]],[0,"5cflb2nfJCkb1ZRiEDgvby",1,0],[5,580,840]],[2,"topbtn1",2,[[1,-28,[11],12],[3,2,-29,13,14,15,16]],[0,"c5b96xL8VJS6IOxwGVR09M",1,0],[5,220,131],[-208.689,494.172,0,0,0,0,1,1,1,1]],[2,"topbtn2",2,[[1,-30,[17],18],[3,2,-31,19,20,21,22]],[0,"16U1pKRwNFJqB68kukk6mr",1,0],[5,220,131],[52.809,487.345,0,0,0,0,1,1,1,1]],[2,"cancel",2,[[1,-32,[23],24],[3,2,-33,25,26,27,28]],[0,"bdKFLXfghC9r6BNjejxjM8",1,0],[5,196,76],[-142.058,-534.106,0,0,0,0,1,1,1,1]],[2,"confirm",2,[[1,-34,[29],30],[3,2,-35,31,32,33,34]],[0,"2efLGQEDtPtbsBlaVVRS5v",1,0],[5,196,76],[141.942,-534.106,0,0,0,0,1,1,1,1]],[13,"guangbi",false,2,[[1,-36,[35],36],[26,3,-37,37,38,39]],[0,"e5u+L3HClETbUAwpv3T/+l",1,0],[5,254,88],[-11.706,-531.813,0,0,0,0,1,1,1,0]],[14,"xjx",2,[-39],[[1,-38,[42],43]],[0,"f0LcOjOJ5O/KrD1N8rnrmm",1,0],[5,118,46],[-1.942,-409.721,0,0,0,0,1,1,1,1]],[2,"you",2,[[1,-40,[44],45],[6,3,-41]],[0,"41pAjVGjdLwovSQ+LCl8iK",1,0],[5,26,39],[108.577,-409.472,0,0,0,0,1,1,1,0]],[2,"zuo",2,[[1,-42,[46],47],[6,3,-43]],[0,"e9WDTaxJFDrYlWLSORfOuf",1,0],[5,26,39],[-115.423,-409.472,0,0,0,0,1,1,1,0]],[19,"bar",512,4,[-44],[0,"cavcBOVgVK2K1EwrUt1ljp",1,0],[5,10,30],[0,1,0],[-1,0,0,0,0,0,1,1,1,1]],[23,1,0,16,[2]],[28,1,4,17],[29,false,0.75,0.23,null,3,6,18],[15,"item",512,6,[[30,16,20,1,-45,[4]]],[0,"4aNpeVtaRKIIe1rYY7nEmU",1,0],[4,4278190080],[5,0,25.2],[0,0,1],[-102.19999694824219,-10.149999618530273,0,0,0,0,1,1,1,1]],[4,"k",2,[[1,-46,[9],10]],[0,"43QxEcj1lJ/bL1FLsLi8aU",1,0],[5,618,926]],[16,"contentlabel",2,[[31,"Label",22,33,1,3,-47,[40]]],[0,"8f8zgf26dHl5L0q+/MiMp9",1,0],[4,4278190080],[5,560,41.58],[0,0,1],[-276.875,400,0,0,0,0,1,1,1,1]],[4,"t",13,[[32,"1/50",30,1,1,-48,[41]]],[0,"f2Khm3wXNLLa5kcPkbQxX3",1,0],[5,58.39,50.4]]],0,[0,7,1,0,0,1,0,-1,5,0,-2,2,0,-1,3,0,-2,21,0,-3,8,0,-4,9,0,-5,10,0,-6,11,0,-7,12,0,-8,22,0,-9,13,0,-10,14,0,-11,15,0,0,3,0,-2,19,0,-1,4,0,-2,7,0,-1,18,0,0,4,0,0,4,0,-1,16,0,0,5,0,0,5,0,-1,20,0,0,7,0,0,8,0,0,8,0,0,9,0,0,9,0,0,10,0,0,10,0,0,11,0,0,11,0,0,12,0,0,12,0,0,13,0,-1,23,0,0,14,0,0,14,0,0,15,0,0,15,0,-1,17,0,0,20,0,0,21,0,0,22,0,0,23,0,8,1,6,9,7,18,10,19,48],[0,0,0,0,0,0,0,0,0,0,0,0,0,0,0,0,0,0,0,0,0,0,0,0,0,0,0,0,0,0,0,0,0,0,0,0,0,0,0,0,0,0,0,0,0,0,0,0,17],[-1,2,-1,-1,-1,-1,2,-1,2,-1,2,-1,2,6,3,4,5,-1,2,6,3,4,5,-1,2,6,3,4,5,-1,2,6,3,4,5,-1,2,3,4,5,-1,-1,-1,2,-1,2,-1,2,2],[0,8,0,0,0,0,9,0,10,0,11,0,1,1,1,1,12,0,2,2,2,2,13,0,5,5,6,5,6,0,3,3,4,3,4,0,14,4,3,4,0,0,0,15,0,16,0,17,18]],[[{"name":"k","rect":[0,0,618,926],"offset":[0,0],"originalSize":[618,926],"capInsets":[0,0,0,0]}],[0],0,[0],[1],[19]],[[{"name":"zuo","rect":[0,0,26,39],"offset":[0,0],"originalSize":[26,39],"capInsets":[0,0,0,0]}],[0],0,[0],[1],[20]],[[{"name":"yh","rect":[0,0,220,131],"offset":[-0.5,0.5],"originalSize":[221,132],"capInsets":[0,0,0,0]}],[0],0,[0],[1],[21]],[[{"name":"default_scrollbar_vertical","rect":[0,0,15,30],"offset":[0,0],"originalSize":[15,30],"capInsets":[4,10,4,10]}],[0],0,[0],[1],[22]],[[{"name":"default_scrollbar_vertical_bg","rect":[0,0,15,30],"offset":[0,0],"originalSize":[15,30],"capInsets":[4,10,4,10]}],[0],0,[0],[1],[23]],[[{"name":"xjx","rect":[0,0,118,46],"offset":[0,0],"originalSize":[118,46],"capInsets":[0,0,0,0]}],[0],0,[0],[1],[24]],[[{"name":"jj","rect":[0,0,196,76],"offset":[0,0],"originalSize":[196,76],"capInsets":[0,0,0,0]}],[0],0,[0],[1],[25]],[[{"name":"ys2","rect":[0,0,220,131],"offset":[-0.5,0.5],"originalSize":[221,132],"capInsets":[0,0,0,0]}],[0],0,[0],[1],[26]],[[{"name":"ys","rect":[0,0,220,131],"offset":[-0.5,0.5],"originalSize":[221,132],"capInsets":[0,0,0,0]}],[0],0,[0],[1],[27]],[[{"name":"queding","rect":[0,0,254,88],"offset":[0,0.5],"originalSize":[254,89],"capInsets":[0,0,0,0]}],[0],0,[0],[1],[28]],[[{"name":"you","rect":[0,0,26,39],"offset":[0,0],"originalSize":[26,39],"capInsets":[0,0,0,0]}],[0],0,[0],[1],[29]],[[{"name":"ty","rect":[0,0,196,76],"offset":[0,0],"originalSize":[196,76],"capInsets":[0,0,0,0]}],[0],0,[0],[1],[30]],[[{"name":"yh2","rect":[0,0,220,131],"offset":[-0.5,0.5],"originalSize":[221,132],"capInsets":[0,0,0,0]}],[0],0,[0],[1],[31]],[[{"name":"ty_2","rect":[0,0,196,76],"offset":[0,0],"originalSize":[196,76],"capInsets":[0,0,0,0]}],[0],0,[0],[1],[32]]]]