[1,["ecpdLyjvZBwrvm+cedCcQy","09k42A2ylCDoWgfmvF2j09","c7jE0SjZZCVpeFF03Ern8i","a2MjXRFdtLlYQ5ouAFv/+R","e42srEif5JPL2PezL7k26Z","f9auQNMhRHNoO8XEAFKhSh","51pOYjHoRPKJW2OHsMl3TI","6biY40wz9ATqa0hw4WZVbG","c5oA1nPIBFEJKtG+VKaspu","26zED+GitN3rrCJL6VYqar"],["node","_spriteFrame","_textureSetter","root","data","_N$normalSprite","shuzi_perfk"],[["cc.Node",["_name","_opacity","_prefab","_contentSize","_components","_parent","_trs","_children","_color"],1,4,5,9,1,7,2,5],["cc.Button",["zoomScale","_N$transition","node","_N$normalSprite"],1,1,6],"cc.SpriteFrame",["cc.PrefabInfo",["fileId","root","asset"],2,1,1],["cc.Sprite",["_sizeMode","node","_materials","_spriteFrame"],2,1,3,6],["cc.Label",["_string","_lineHeight","_styleFlags","_N$horizontalAlign","_N$verticalAlign","_fontSize","node","_materials"],-3,1,3],["cc.Prefab",["_name"],2],["25242RaJJNOyoMW3rL5mj32",["node","shuzi_perfk"],3,1,6],["cc.BlockInputEvents",["node"],3,1]],[[3,0,1,2,2],[0,0,5,4,2,3,6,2],[4,1,2,3,1],[0,0,5,4,2,8,3,6,2],[6,0,2],[0,0,7,4,2,3,2],[0,0,5,7,2,3,6,2],[0,0,1,5,4,2,8,3,3],[7,0,1,1],[3,1,2,1],[4,0,1,2,3,2],[8,0,1],[1,2,1],[1,0,1,2,3,3],[1,0,1,2,3],[5,0,1,2,3,4,6,7,6],[5,0,5,1,2,3,4,6,7,7]],[[[{"name":"ks","rect":[0,0,274,114],"offset":[0,0],"originalSize":[274,114],"capInsets":[0,0,0,0]}],[2],0,[0],[2],[1]],[[{"name":"jx3","rect":[0,0,716,727],"offset":[0,0],"originalSize":[716,727],"capInsets":[0,0,0,0]}],[2],0,[0],[2],[2]],[[[4,"shuzihuarongdao_confirm_mode"],[5,"shuzihuarongdao_confirm_mode",[-3,-4,-5],[[8,-2,13]],[9,-1,0],[5,720,1280]],[6,"node_ui",1,[-6,-7,-8,-9,-10],[0,"81X53698hG3byi5zA80T2Z",1,0],[5,720,1280],[0,0,0,0,0,0,1,1,1,0]],[7,"bk",200,1,[[10,0,-11,[0],1],[11,-12],[12,-13]],[0,"d2sjuDLihB5KpqXIikgn+1",1,0],[4,4278190080],[5,1000,2000]],[1,"exit",2,[[2,-14,[6],7],[13,1.1,3,-15,8]],[0,"983AWb0cdKS5gi1ZWxzSmJ",1,0],[5,84,89],[-280.256,560.631,0,0,0,0,1,1,1,0]],[1,"startgame",2,[[2,-16,[9],10],[14,1.1,3,-17]],[0,"0btcPxd0VFnZzPdEQiGj4A",1,0],[5,274,114],[-10.116,-527.828,0,0,0,0,1,1,1,0]],[1,"bj",1,[[2,-18,[2],3]],[0,"54fFM3ka9IdYgdOMWrnJU8",1,0],[5,720,1280],[0,0,0,0,0,0,1,1.5,1.5,1]],[3,"selmode",2,[[15,"游戏胜利条件:移动成下面目标图案",60,1,1,1,-19,[4]]],[0,"17wsgxjIZMw68CFrPoKtSd",1,0],[4,4279248221],[5,613.32,75.6],[0,444.847,0,0,0,0,1,1,1,1]],[3,"mubiao",2,[[16,"选择3x3模式",60,60,1,1,1,-20,[5]]],[0,"08CwJbcoNGmZPhkSuNwgCC",1,0],[4,4279248221],[5,340.11,75.6],[-11.42,533.792,0,0,0,0,1,1,1,1]],[1,"gamenode",2,[[2,-21,[11],12]],[0,"f4LNC28XtAtZ7h2RpZx720",1,0],[5,716,727],[0,-21.993,0,0,0,0,1,1,1,1]]],0,[0,3,1,0,0,1,0,-1,3,0,-2,6,0,-3,2,0,-1,7,0,-2,8,0,-3,4,0,-4,5,0,-5,9,0,0,3,0,0,3,0,0,3,0,0,4,0,0,4,0,0,5,0,0,5,0,0,6,0,0,7,0,0,8,0,0,9,0,4,1,21],[0,0,0,0,0,0,0,0,0,0,0,0,0,0],[-1,1,-1,1,-1,-1,-1,1,5,-1,1,-1,1,6],[0,3,0,4,0,0,0,5,6,0,7,0,8,9]]]]