[1,["ecpdLyjvZBwrvm+cedCcQy","5bCqlutDJDOr9rp790tEyE","eamidQJTFGW7ymaOX0Pn1l"],["root","node","data","_spriteFrame","_textureSetter"],[["cc.Node",["_name","_prefab","_children","_parent","_components","_contentSize"],2,4,2,1,9,5],["cc.PrefabInfo",["fileId","root","asset"],2,1,1],"cc.SpriteFrame",["cc.Prefab",["_name"],2],["cc.Sprite",["_sizeMode","node","_materials","_spriteFrame"],2,1,3,6]],[[3,0,2],[0,0,2,1,2],[0,0,3,4,1,5,2],[1,1,2,1],[1,0,1,2,2],[4,0,1,2,3,2]],[[[[0,"move_star"],[1,"move_star",[-2],[3,-1,0]],[2,"w",1,[[5,0,-3,[0],1]],[4,"daSN80kcZJRozGfDNHMDUB",1,0],[5,50,50]]],0,[0,0,1,0,-1,2,0,1,2,0,2,1,3],[0,0],[-1,3],[0,1]],[[{"name":"2","rect":[0,0,58,54],"offset":[0,0.5],"originalSize":[58,55],"capInsets":[0,0,0,0]}],[2],0,[0],[4],[2]]]]