[1,["426h0/2HZCuLgVYQs+jGNS","e8ZsYV1VJLTryoPMA+3vRG","28ECXa5btBGrzrTA3MEqdR","eaQLCHF81O1YYP4aHQvBxt"],["_textureSetter","value"],["cc.SpriteFrame",["cc.AnimationClip",["_name","_duration","speed","wrapMode","curveData"],-1,11]],[[1,0,1,2,3,4,5]],[[[{"name":"weiyan2","rect":[0,0,85,70],"offset":[0,0],"originalSize":[85,70],"capInsets":[0,0,0,0]}],[0],0,[0],[0],[0]],[[[0,"tail",0.03333333333333333,0.2,2,[{},"comps",11,[{},"cc.Sprite",11,[{},"spriteFrame",12,[[[{"frame":0},"value",6,0],[{"frame":0.016666666666666666},"value",6,1]],11,11]]]]]],0,0,[0,0],[1,1],[1,2]],[[{"name":"weiyan1","rect":[0,0,81,70],"offset":[0,0],"originalSize":[81,70],"capInsets":[0,0,0,0]}],[0],0,[0],[0],[3]]]]