[1,["5cZ/XtBWlDQofazq7JJge9","08YG8GhqVLMJ/nAryT5IvP","2513vKHblEsqlIhBc1kKO6","51haTQn2RBBYxyazuPSbu1"],["_textureSetter"],["cc.SpriteFrame"],0,[[[{"name":"1tiao","rect":[0,0,208,57],"offset":[0,0],"originalSize":[208,57],"capInsets":[0,0,0,0]}],[0],0,[0],[0],[0]],[[{"name":"plus","rect":[0,1,46,48],"offset":[0,0],"originalSize":[46,50],"capInsets":[0,0,0,0]}],[0],0,[0],[0],[1]],[[{"name":"button_mf","rect":[0,0,308,86],"offset":[0,0],"originalSize":[308,86],"capInsets":[0,0,0,0]}],[0],0,[0],[0],[2]],[[{"name":"buttotn_xx","rect":[0,0,308,86],"offset":[0,0],"originalSize":[308,86],"capInsets":[0,0,0,0]}],[0],0,[0],[0],[3]]]]