[1,["ecpdLyjvZBwrvm+cedCcQy","5aV1WYiqRGXZRSIKu64N1X","f2zDnuYbtPeLINKg8Sl0o7","02qlbznoRBoqiybk71R4eM","fbSeqfPVBDIrXb8HQ4/DW5","e6i42z2mpEK5aV42UaksPi","6bFdKW6NlFQJuA/w3MWoMC","0d6563S1ZM15roXXhTNTrh"],["node","_spriteFrame","_textureSetter","root","data"],[["cc.Node",["_name","_opacity","_prefab","_components","_parent","_contentSize","_trs","_eulerAngles","_children","_anchorPoint"],1,4,9,1,5,7,5,2,5],"cc.SpriteFrame",["cc.PrefabInfo",["fileId","root","asset"],2,1,1],["cc.Prefab",["_name"],2],["1ffe8rQbUlE4rY+T1geuh5X",["node"],3,1],["cc.Sprite",["node","_materials","_spriteFrame"],3,1,3,6]],[[2,0,1,2,2],[5,0,1,2,1],[0,0,4,8,2,2],[3,0,2],[0,0,8,3,2,2],[0,0,4,3,2,5,2],[0,0,1,4,3,2,5,9,6,7,3],[0,0,1,4,3,2,5,6,7,3],[0,0,1,4,3,2,5,6,3],[0,0,4,3,2,5,9,6,7,2],[0,0,4,3,2,5,6,7,2],[0,0,4,3,2,5,6,2],[4,0,1],[2,1,2,1]],[[[{"name":"5","rect":[0,0,78,124],"offset":[0,0],"originalSize":[78,124],"capInsets":[0,0,0,0]}],[1],0,[0],[2],[4]],[[{"name":"huanpen","rect":[0,0,90,82],"offset":[0,0],"originalSize":[90,82],"capInsets":[0,0,0,0]}],[1],0,[0],[2],[5]],[[[3,"ping_pengzi"],[4,"ping_pengzi",[-3,-4,-5],[[12,-2]],[13,-1,0]],[2,"bk_hua",1,[-6,-7,-8],[0,"3dcz5Dy3FKVKew1GTeta9X",1,0]],[2,"hua",1,[-9,-10,-11],[0,"d3RNudqmtP35b87y/GzARE",1,0]],[5,"huapingdi",1,[[1,-12,[0],1]],[0,"4dvPvrDw1ArbCDwO4RQcKU",1,0],[5,90,82]],[6,"1",100,2,[[1,-13,[2],3]],[0,"f63V+ikFFAeKnRrA/eq6Gz",1,0],[5,88,128],[0,0.5,0],[-23.901,20.933,0,0,0,0.17364817766693033,0.984807753012208,1,1,1],[1,0,0,20]],[7,"3",100,2,[[1,-14,[4],5]],[0,"01iuARMRlL87bi02wEHOC0",1,0],[5,90,123],[35,82.164,0,0,0,-0.17364817766693033,0.984807753012208,1,1,1],[1,0,0,-20]],[8,"2",100,2,[[1,-15,[6],7]],[0,"824JpPUkxK25ZHZYA+cziM",1,0],[5,87,125],[-2,84.208,0,0,0,0,1,1,1,1]],[9,"1",3,[[1,-16,[8],9]],[0,"e6syY085pBgbM5/o2cgzki",1,0],[5,88,128],[0,0.5,0],[-17.589,20.825,0,0,0,0.17364817766693033,0.984807753012208,1,1,1],[1,0,0,20]],[10,"3",3,[[1,-17,[10],11]],[0,"72gEzJU7hOmoyUUW0Z/o70",1,0],[5,90,123],[36.395,79.326,0,0,0,-0.17364817766693033,0.984807753012208,1,1,1],[1,0,0,-20]],[11,"2",3,[[1,-18,[12],13]],[0,"9eQtdiJ1NEfqy5Tmvyw34g",1,0],[5,87,125],[-2.612,85.314,0,0,0,0,1,1,1,1]]],0,[0,3,1,0,0,1,0,-1,4,0,-2,2,0,-3,3,0,-1,5,0,-2,6,0,-3,7,0,-1,8,0,-2,9,0,-3,10,0,0,4,0,0,5,0,0,6,0,0,7,0,0,8,0,0,9,0,0,10,0,4,1,18],[0,0,0,0,0,0,0,0,0,0,0,0,0,0],[-1,1,-1,1,-1,1,-1,1,-1,1,-1,1,-1,1],[0,6,0,1,0,2,0,3,0,1,0,2,0,3]],[[{"name":"3","rect":[0,0,68,126],"offset":[0,0],"originalSize":[68,126],"capInsets":[0,0,0,0]}],[1],0,[0],[2],[7]]]]