[1,["ecpdLyjvZBwrvm+cedCcQy","3aAswSZNFH0Ij3ECdULZl/","29zexdw7xPRqp03wI3CwdD","61ozx114NO4Y8eAWwQCvnQ","a2TG/N5WZDnpsVpdUe1Oxp","a2MjXRFdtLlYQ5ouAFv/+R","b8BBXg8t1A37XZDJ14bAU7","d0/bK2OiZOhoGArJWmJfTW","09B+SPQ0ROTYe+RLAm5GWt","ecvfOg1LBInrI6Y7j+4Vue","b5K/A0fsNHxorT3eJPllXm","564FZHCI5C3L2zgbJCrJg9","5dk5G6l8dOZLu4FVgZPPcu"],["node","_spriteFrame","_parent","_textureSetter","root","data"],[["cc.Node",["_name","_active","_opacity","_objFlags","_prefab","_parent","_components","_contentSize","_trs","_children","_color","_anchorPoint"],-1,4,1,9,5,7,2,5,5],["cc.Sprite",["_sizeMode","_type","_enabled","node","_materials","_spriteFrame"],0,1,3,6],["cc.Label",["_string","_fontSize","_lineHeight","_N$horizontalAlign","_N$verticalAlign","_styleFlags","node","_materials"],-3,1,3],"cc.SpriteFrame",["cc.PrefabInfo",["fileId","root","asset"],2,1,1],["cc.Button",["_N$transition","zoomScale","node"],1,1],["cc.Prefab",["_name"],2],["c8d467dWaBIV7sqziCsV4wE",["node"],3,1],["7633c/ow0xHYZwa4BLlsdtU",["node"],3,1],["cc.BlockInputEvents",["node"],3,1],["cc.LabelOutline",["node","_color"],3,1,5]],[[4,0,1,2,2],[0,0,5,6,4,7,8,2],[1,0,3,4,5,2],[1,3,4,5,1],[0,0,1,5,6,4,7,8,3],[0,0,5,6,4,10,7,8,2],[5,1,0,2,3],[5,0,2,2],[2,0,1,2,5,3,4,6,7,7],[0,0,9,6,4,2],[0,0,9,6,4,7,8,2],[0,0,5,6,4,7,2],[1,1,0,3,4,5,3],[6,0,2],[0,0,5,9,4,8,2],[0,0,9,4,2],[0,0,2,5,6,4,10,7,3],[0,0,5,9,4,7,2],[0,0,5,9,4,2],[0,0,1,5,6,4,10,7,8,3],[0,0,5,6,4,10,7,11,8,2],[0,0,5,6,4,7,11,8,2],[0,0,3,1,5,6,4,7,8,4],[7,0,1],[4,1,2,1],[1,2,0,3,4,3],[1,1,0,3,4,3],[1,3,4,1],[8,0,1],[9,0,1],[2,0,1,2,3,4,6,7,6],[2,0,1,2,5,3,6,7,6],[2,0,1,4,6,7,4],[10,0,1,1]],[[[{"name":"cxtz","rect":[0,0,242,100],"offset":[0,0],"originalSize":[242,100],"capInsets":[0,0,0,0]}],[3],0,[0],[3],[4]],[[[13,"game_fail_new"],[9,"game_fail_new",[-3,-4],[[23,-2]],[24,-1,0]],[10,"game2",[-7,-8,-9,-10,-11,-12],[[25,false,0,-5,[34]],[6,1.1,3,-6]],[0,"5e2mYenCZLiZ0C0G7c+gyq",1,0],[5,92,115],[290.273,-315.273,0,0,0,0,1,1,1,0]],[9,"top",[-14,-15,-16,-17,-18],[[28,-13]],[0,"c8TejSehlOIb/Ej5g/Ok5/",1,0]],[10,"game1",[-20,-21,-22,-23],[[6,1.1,3,-19]],[0,"d8HjzPMiFNtKWp3/h3NfCV",1,0],[5,92,115],[-260.727,-315.273,0,0,0,0,1,1,1,0]],[14,"tili",3,[-24,-25,-26,-27],[0,"79QTDC+dlPDZITIXmE9cv+",1,0],[227.783,411.238,0,0,0,0,1,1,1,1]],[15,"bottom",[-28,-29,-30],[0,"7f/4zEKoFKlprTzP2JDM+y",1,0]],[16,"bk",200,1,[[2,0,-31,[0],1],[29,-32]],[0,"d2sjuDLihB5KpqXIikgn+1",1,0],[4,4278190080],[5,1000,2000]],[17,"node_ui",1,[3,6],[0,"08ge1ION5Pv6nnEQcvgAHo",1,0],[5,720,1280]],[1,"fanhuidating",3,[[12,1,0,-33,[6],7],[7,3,-34]],[0,"0auDju3D1FmKc/gRj4f7Lq",1,0],[5,79,78],[-307.773,405.005,0,0,0,0,1,1,1,0]],[1,"jia",5,[[2,0,-35,[13],14],[6,1.1,3,-36]],[0,"4a6oyKpxRPP5XmzdnsNR8l",1,0],[5,40,40],[93.831,-11.297,0,0,0,0,1,1,1,0]],[4,"btn_paihang",false,6,[[26,1,0,-37,[15]],[7,3,-38]],[0,"d4fM7QPc9NrbDj8U+V5HEw",1,0],[5,79,78],[289,-335,0,0,0,0,1,1,1,0]],[1,"chongxintiaozhan",6,[[12,1,0,-39,[16],17],[7,3,-40]],[0,"39mbxcQxRGYK3iT2kxJ7RW",1,0],[5,242,101],[0,-335,0,0,0,0,1,1,1,0]],[18,"othergame",6,[4,2],[0,"0bwVPI4cpDnal8f3jl8DZx",1,0]],[19,"title",false,2,[[30,"推荐游戏",20,20,1,1,-41,[32]],[33,-42,[4,4278190080]]],[0,"3bSjXgDIFDR7IpMs+nuKoY",1,0],[4,4278245375],[5,82,27.2],[0,65.055,0,0,0,0,1,1,1,1]],[1,"btk",3,[[3,-43,[2],3]],[0,"b0uQIfYkFATbRC15xZqmAq",1,0],[5,506,108],[-5,534,0,0,0,0,1,1,1,1]],[20,"tip",3,[[31,"游戏失败",36,50,1,1,-44,[4]]],[0,"3bQuuHeBtDbrbSx6vgIHDu",1,0],[4,4282946044],[5,144,63],[0,0.5,1],[-5,406.68,0,0,0,0,1,1,1,1]],[5,"gamename",3,[[8,"泡泡龙",32,32,1,1,1,-45,[5]]],[0,"ddk2dZh2VOdqY156Mcqd1/",1,0],[4,4282946044],[5,96,40.32],[-5,443.32,0,0,0,0,1,1,1,1]],[1,"jinbibk",5,[[3,-46,[8],9]],[0,"37m37FNFVLq74cyx2CTY7y",1,0],[5,156,40],[11.343,-11.343,0,0,0,0,1,1,1,1]],[1,"jb",5,[[3,-47,[10],11]],[0,"01upIRDhhLS46o2LgKTchu",1,0],[5,32,41],[-54.91,-12.343,0,0,0,0,1,1,1,1]],[21,"c",5,[[32,"1000",26,1,-48,[12]]],[0,"f8owrbsqRBo5tuJxSOBjpH",1,0],[5,57.84,50.4],[0,0,0.5],[-33.193,-11.343,0,0,0,0,1,1,1,1]],[11,"tuijian_bs",4,[[2,0,-49,[18],19]],[0,"88/OetVtZC0bEtjKLt3pdC",1,0],[5,113,130]],[1,"icon",4,[[2,0,-50,[20],21]],[0,"24L4ayv05Hn5tG3+5hPSxN",1,0],[5,90,90],[0,11.707,0,0,0,0,1,1,1,1]],[5,"name",4,[[8,"怪兽防卫战",20,22,1,1,1,-51,[22]]],[0,"70iPfDua9P457UiYuNvTYU",1,0],[4,4278190080],[5,100,27.72],[0.32399999999999984,-49.703,0,0,0,0,1,1,1,1]],[4,"n",false,4,[[3,-52,[23],24]],[0,"7eTM6O+l1JVakOzZ6llQr1",1,0],[5,61,32],[-47.125,63.815,0,0,0,0,1,1,1,1]],[11,"tuijian_bs",2,[[2,0,-53,[25],26]],[0,"6aJhPx08JIV5lECaivlOnM",1,0],[5,113,130]],[1,"icon",2,[[2,0,-54,[27],28]],[0,"090NlBuy5NH6msameqIMoX",1,0],[5,90,90],[0,11.707,0,0,0,0,1,1,1,1]],[5,"name",2,[[8,"怪兽防卫战",20,22,1,1,1,-55,[29]]],[0,"beI6zwBq9K4Izlc9JrX88t",1,0],[4,4278190080],[5,100,27.72],[0.32399999999999984,-49.703,0,0,0,0,1,1,1,1]],[4,"n",false,2,[[3,-56,[30],31]],[0,"34blPP9SNPi4mLnIb8H+ff",1,0],[5,61,32],[-47.125,63.815,0,0,0,0,1,1,1,1]],[22,"hytj",512,false,2,[[27,-57,[33]]],[0,"75tYJdME5AAo/yivpcZBre",1,0],[5,23,87],[-56.065,3.242,0,0,0,0,1,1,1,1]]],0,[0,4,1,0,0,1,0,-1,7,0,-2,8,0,0,2,0,0,2,0,-1,25,0,-2,26,0,-3,27,0,-4,28,0,-5,14,0,-6,29,0,0,3,0,-1,15,0,-2,16,0,-3,17,0,-4,9,0,-5,5,0,0,4,0,-1,21,0,-2,22,0,-3,23,0,-4,24,0,-1,18,0,-2,19,0,-3,20,0,-4,10,0,-1,11,0,-2,12,0,-3,13,0,0,7,0,0,7,0,0,9,0,0,9,0,0,10,0,0,10,0,0,11,0,0,11,0,0,12,0,0,12,0,0,14,0,0,14,0,0,15,0,0,16,0,0,17,0,0,18,0,0,19,0,0,20,0,0,21,0,0,22,0,0,23,0,0,24,0,0,25,0,0,26,0,0,27,0,0,28,0,0,29,0,5,1,2,2,13,3,2,8,4,2,13,6,2,8,57],[0,0,0,0,0,0,0,0,0,0,0,0,0,0,0,0,0,0,0,0,0,0,0,0,0,0,0,0,0,0,0,0,0,0,0],[-1,1,-1,1,-1,-1,-1,1,-1,1,-1,1,-1,-1,1,-1,-1,1,-1,1,-1,1,-1,-1,1,-1,1,-1,1,-1,-1,1,-1,-1,-1],[0,5,0,6,0,0,0,7,0,8,0,9,0,0,10,0,0,11,0,1,0,2,0,0,3,0,1,0,2,0,0,3,0,0,0]],[[{"name":"shibai","rect":[0,0,506,108],"offset":[0,0],"originalSize":[506,108],"capInsets":[0,0,0,0]}],[3],0,[0],[3],[12]]]]