[1,["ecpdLyjvZBwrvm+cedCcQy","66If7M2xREqJ5bCcPYREOG","cdl+77BTdMoIS7OTB1rxKE","072esyCjVHL7RC1R1iXiE5","fbjjObQ6FEcoArSx1cJvCf","eehYmpmJBMw4q5eYsfY4n5","derYa3wIRPCaPFlUDqPYGz","81tBW5EIVI46AkJtqIUp87","acCcaQe35HM4oD5y9htVpM","25bOyQxUlNWbOvDo7P8g+Y","afVDGMWxZOwoHmoxCkyG0X","3aAswSZNFH0Ij3ECdULZl/","29zexdw7xPRqp03wI3CwdD","61ozx114NO4Y8eAWwQCvnQ","fcB+6CHhlNfrurrniAXHwZ","97muXuGD5JfJaki+BmOnNI","49rF122YlH7ZqsQ7ZKrZ59","6e+ls+yShCcYXdt0NxIqt+","50DR5OxztOl7WipGyXLSlA","8dimwyOmhAh6yBfxqbeQHU","00f3N63UJF44P1BVEfLinr","b0GcMOj0VBM7TJa/DgGVjA","1cKNh/7J5LZoxbyw/93kvV","f1/von/JRDgqtyc69VxACV","97CrbJh01MNoGRde0hRpdc","1eCOaIlrBELYbg+n7Pot05","c8Z01kEllB2a0gMFgKmOR1","bfa3UHbzdGO78P2u6TTV7Y","3fsmZ23pFEDr+Lhbxgn/JM","f6tzncu7xMOZ0zM31mWStB","00YJ1ENv5O2ZMVetctfEVV","cfOYFUqcJAU7wgu9zeJJZr","0c0NBanHtPJZpEXZ0S8dTb","57bXZ26e1F+ammTNGz26CT","c75k6hYuRJl6LLif7ME2iK","e0H2eOkfdPmLjGLpnFzV3t","279qZmoYZAd6bktuHglQB0","a1U5RdJRFMFL57BdJC9H1X","c9PjN1Ph5C0rGkyDA1Fd8P","49AesENOdHRYSZ9UYmqIP2","ccQLPhQLZIUrE9OrDWROa8","1aZuv7CHlLaJ6HQ9tEfDi6","c2jUdFcHlDiqmHDtaX9YCc","d7wBGYv65K44V0pA2J6+a2","e9/Z1a0ABN4o3mDTzBhAnp","34ZQQvfFpCTJ3IZhXLYacJ","3c35OQND1N7LuxvhjE6Xqb","abxffRR79Hl5Kmxty4xSv5","41F7Z60sNErYn1ia+8IeM8","f8LdV45gtNf6PbkozLPwMd","172rmVWpFDlaQhKHR36L2t","4fxPEr1NNI2rpAdrqA5U1K","8bB/Q+VrBOJ7JuUyVvVLC9","f4LdZGC/NOXpvF15ZgvuYa","b33bZga7tMt4HIQsWqM1QA","fdOShn61hBP6JTaIqJRt52","59njJ2MaJFzp4pPc9YsRdy","eba+tNt4pILInIkW8DqCVH","250EfSPLRIrbcf//DL110V","98+PmXTWlJnK4NuDQOlACV","24jHllT2ND8Le7pocm7di+","f4ZTf0plZDOrjAcH+o/rT0","81xK3wH/JBWbprwJyg/wdM","53U5v1QSFCp4XUHzD4p1mt","950ah05H1D54BeStmvu4ZS","a9L7DroppH8oI7JZD78PZs","2dGiN80d9JtqBZJGN7c9WY"],["node","_spriteFrame","_textureSetter","_parent","_N$normalSprite","_N$pressedSprite","_N$hoverSprite","_N$disabledSprite","scene","hmk_jiesuan","jiangtou","shezhidlg","help_gametype","shouzhiZhiyingDlg","gamesuccess_new","game_end_animate","shoushi_sprite_frame"],[["cc.Node",["_name","_active","_objFlags","_parent","_trs","_components","_contentSize","_color","_children","_anchorPoint","_eulerAngles"],0,1,7,9,5,5,12,5,5],"cc.SpriteFrame",["cc.Node",["_name","_active","_id","_children","_components","_trs","_contentSize","_parent"],0,2,9,7,5,1],["cc.Button",["_N$transition","zoomScale","node","_N$normalSprite","_N$pressedSprite","_N$hoverSprite","_N$disabledSprite"],1,1,6,6,6,6],["cc.Sprite",["_sizeMode","node","_materials","_spriteFrame"],2,1,3,6],["cc.Label",["_string","_fontSize","_N$horizontalAlign","_N$verticalAlign","_lineHeight","_styleFlags","node","_materials"],-3,1,3],["cc.LabelOutline",["_width","node","_color"],2,1,5],["cc.SceneAsset",["_name","asyncLoadAssets"],1],["7633c/ow0xHYZwa4BLlsdtU",["algintop","heipingalgintop","node"],1,1],["cc.Canvas",["_fitWidth","node","_designResolution"],2,1,5],["cc.Widget",["_alignFlags","node"],2,1],["06e2dJ5kSNLEJWC0gmgOdDc",["node","mukuaisprits","hmk_jiesuan","jiangtou","shezhidlg","help_gametype","shouzhiZhiyingDlg","gamesuccess_new","game_end_animate","shoushi_sprite_frame"],3,1,3,6,6,6,6,6,6,6,6],["cc.Graphics",["_lineWidth","node","_materials","_strokeColor"],2,1,3,5],["003bf7mKgZA3YrBN/HFHLnO",["node"],3,1],["cc.Scene",["_name","_active","_children","_anchorPoint","_trs"],1,2,5,7],["cc.Camera",["_clearFlags","_depth","node"],1,1]],[[4,0,1,2,3,2],[0,0,3,5,6,4,2],[4,1,2,3,1],[2,0,7,3,4,6,5,2],[0,0,1,3,5,6,4,3],[2,0,7,3,2],[3,0,2,3,4,5,6,2],[5,0,1,4,2,3,6,7,6],[2,0,3,4,6,5,2],[3,1,0,2,3,4,5,6,3],[0,0,3,5,7,6,2],[3,1,0,2,3],[5,0,1,4,5,2,3,6,7,7],[5,0,1,2,3,6,7,5],[0,0,1,3,5,7,6,4,3],[0,0,3,5,6,2],[0,0,3,5,7,6,4,2],[0,0,2,1,3,5,6,4,4],[0,0,3,5,6,9,4,2],[4,1,2,1],[6,1,2,1],[6,0,1,2,2],[7,0,1,3],[0,0,8,4,2],[0,0,3,4,2],[0,0,3,8,4,2],[0,0,3,2],[0,0,3,5,2],[0,0,5,6,4,2],[0,0,3,5,6,4,10,2],[2,0,3,4,5,2],[2,0,1,3,4,6,5,3],[2,0,2,3,4,6,5,3],[2,0,7,3,4,6,2],[2,0,1,7,3,3],[8,0,1,2,3],[3,0,2,2],[3,2,1],[9,0,1,2,2],[10,0,1,2],[11,0,1,2,3,4,5,6,7,8,9,1],[12,0,1,2,3,2],[13,0,1],[14,0,1,2,3,4,3],[15,0,1,2,3]],[[[{"name":"huang_1","rect":[0,0,256,256],"offset":[0,0],"originalSize":[256,256],"capInsets":[0,0,0,0]}],[1],0,[0],[2],[21]],[[{"name":"huang_1","rect":[0,0,315,96],"offset":[0,0],"originalSize":[315,96],"capInsets":[0,0,0,0]}],[1],0,[0],[2],[22]],[[{"name":"beijing","rect":[0,0,572,720],"offset":[0,0],"originalSize":[572,720],"capInsets":[0,0,0,0]}],[1],0,[0],[2],[23]],[[{"name":"bushu","rect":[0,0,217,60],"offset":[0,0],"originalSize":[217,60],"capInsets":[0,0,0,0]}],[1],0,[0],[2],[24]],[[{"name":"lv_3","rect":[0,0,96,206],"offset":[0,0],"originalSize":[96,206],"capInsets":[0,0,0,0]}],[1],0,[0],[2],[25]],[[{"name":"lv_2","rect":[0,0,124,124],"offset":[0,0],"originalSize":[124,124],"capInsets":[0,0,0,0]}],[1],0,[0],[2],[26]],[[{"name":"lv_2","rect":[0,0,206,96],"offset":[0,0],"originalSize":[206,96],"capInsets":[0,0,0,0]}],[1],0,[0],[2],[27]],[[{"name":"xingxing","rect":[0,0,217,60],"offset":[0,0],"originalSize":[217,60],"capInsets":[0,0,0,0]}],[1],0,[0],[2],[28]],[[{"name":"jiantou","rect":[0,0,72,49],"offset":[0,0],"originalSize":[72,49],"capInsets":[0,0,0,0]}],[1],0,[0],[2],[29]],[[{"name":"lv_4","rect":[0,0,96,317],"offset":[0,0],"originalSize":[96,317],"capInsets":[0,0,0,0]}],[1],0,[0],[2],[30]],[[[22,"huarongdao",null],[23,"bottom",[[-1,-2,-3,-4,-5,-6,-7,-8,[24,"innergame",-9,[0,1,0,0,0,0,1,1,1,1]],-10,-11],1,1,1,1,1,1,1,1,4,1,1],[-6.737,-600,0,0,0,0,1,1,1,1]],[30,"actionnode",[-13,-14,-15,-16,-17,-18,1,-19,-20],[[35,440,500,-12]],[0,200,0,0,0,0,1,1,1,1]],[8,"game2",[-22,-23,-24,-25,-26,-27],[[11,1.1,3,-21]],[5,92,115],[280.146,363.422,0,0,0,0,1,1,1,0]],[31,"game1",false,[-29,-30,-31,-32,-33,-34],[[11,1.1,3,-28]],[5,92,115],[511.182,301.018,0,0,0,0,1,1,1,0]],[32,"Canvas","a5esZu+45LA5mBpvttspPD",[-38,-39,2],[[38,true,-35,[5,720,1280]],[39,45,-36],[40,-37,[130,131,132,133,134,135,136,137],125,126,127,128,129,138,139,140]],[5,720,1280],[360,640,0,0,0,0,1,1,1,1]],[3,"restart",1,[-42,-43],[[0,0,-40,[68],69],[6,3,-41,70,71,72,73]],[5,84,105],[-112,69,0,0,0,0,1,1,1,0]],[3,"tiaoguo",1,[-46,-47],[[2,-44,[79],80],[9,1.1,3,-45,81,82,83,84]],[5,95,109],[13,69,0,0,0,0,1,1,1,0]],[3,"tishi",1,[-50,-51],[[0,0,-48,[90],91],[9,1.1,3,-49,92,93,94,95]],[5,95,109],[282,69,0,0,0,0,1,1,1,0]],[3,"zidongtishi",1,[-54,-55],[[0,0,-52,[101],102],[9,1.1,3,-53,103,104,105,106]],[5,92,109],[149,69,0,0,0,0,1,1,1,0]],[25,"allpanzi",2,[[-56,-57,[26,"tishi_jt",-58]],1,1,4],[0,-100,0,0,0,0,1,1,1,1]],[3,"chouka",1,[-61],[[0,0,-59,[110],111],[36,3,-60]],[5,85,85],[-298.644,92.559,0,0,0,0,1,1,1,0]],[1,"jdhjm",2,[[2,-62,[2],3],[37,-63]],[5,244,63],[0,388.269,0,0,0,0,1,1,1,1]],[4,"tishi",false,2,[[2,-64,[4],5],[6,2,-65,6,7,8,9]],[5,84,91],[233.859,383,0,0,0,0,1,1,1,1]],[5,"othergame",2,[3,4]],[14,"title",false,3,[[7,"推荐游戏",20,20,1,1,-66,[17]],[20,-67,[4,4278190080]]],[4,4278245375],[5,82,27.2],[0,65.055,0,0,0,0,1,1,1,1]],[14,"title",false,4,[[7,"推荐游戏",20,20,1,1,-68,[26]],[20,-69,[4,4278190080]]],[4,4278245375],[5,82,27.2],[0,65.055,0,0,0,0,1,1,1,1]],[3,"bushu",2,[-71],[[0,0,-70,[29],30]],[5,217,50],[-164.111,303.23,0,0,0,0,1,1,1,1]],[3,"xingxing",2,[-73],[[0,0,-72,[32],33]],[5,217,50],[88.695,308.247,0,0,0,0,1,1,1,1]],[33,"panzi",10,[-75],[[2,-74,[36],37]],[5,572,720]],[27,"tishi_grapgic",10,[[41,6,-76,[38],[4,4294967295]],[42,-77]]],[4,"shengyin",false,1,[[0,0,-78,[39],40],[6,2,-79,41,42,43,44]],[5,70,70],[220.12,864.566,0,0,0,0,1,1,1,1]],[4,"gengduiyouxi",false,1,[[0,0,-80,[45],46],[6,3,-81,47,48,49,50]],[5,95,109],[-146,65,0,0,0,0,1,1,1,0]],[4,"cundang",false,1,[[2,-82,[51],52],[6,2,-83,53,54,55,56]],[5,84,96],[252.238,871.537,0,0,0,0,1,1,1,1]],[1,"shangcheng",1,[[0,0,-84,[57],58],[6,3,-85,59,60,61,62]],[5,84,105],[-208.804,79.864,0,0,0,0,1,0.8,0.8,0]],[8,"circle",[-87],[[0,0,-86,[66],67]],[5,30,30],[38.197,44.746,0,0,0,0,1,1,1,1]],[8,"circle",[-89],[[0,0,-88,[77],78]],[5,30,30],[38.197,44.746,0,0,0,0,1,1,1,1]],[8,"circle",[-91],[[0,0,-90,[88],89]],[5,30,30],[38.197,45.746,0,0,0,0,1,1,1,1]],[8,"circle",[-93],[[0,0,-92,[99],100]],[5,30,30],[38.197,45.746,0,0,0,0,1,1,1,1]],[4,"tuijian_new",false,1,[[2,-94,[107],108],[11,1.1,3,-95]],[5,110,86],[-324.295,75.597,0,0,0,0,1,1,1,0]],[1,"leftt",11,[[12,"00:00",24,24,1,1,1,-96,[109]],[21,2,-97,[4,4278190335]]],[5,65.38,34.239999999999995],[-2.112,-58.016,0,0,0,0,1,1,1,1]],[5,"topmenu",2,[-98,-99]],[1,"fanhui",31,[[0,0,-100,[112],113],[9,1.1,3,-101,114,115,116,117]],[5,83,83],[-296.737,387,0,0,0,0,1,1,1,0]],[1,"bangzhu",31,[[0,0,-102,[118],119],[9,1.1,3,-103,120,121,122,123]],[5,80,80],[-197.737,388,0,0,0,0,1,1,1,0]],[28,"t",[[13,"请按照提示箭头移动木块",26,1,1,-104,[124]],[21,2,-105,[4,4278190080]]],[5,290,54.4],[0,-529.677,0,0,0,0,1,1,1,1]],[43,"New Node",false,[5],[0,0,0],[0,0,0,0,0,0,1,1,1,1]],[1,"Main Camera",5,[[44,7,-1,-106]],[5,960,640],[0,0,526.0292429174417,0,0,0,1,1,1,1]],[1,"mbj",5,[[2,-107,[0],1]],[5,720,1280],[0,0,0,0,0,0,1,1.3,1.3,1]],[15,"tuijian_bs",3,[[0,0,-108,[10],11]],[5,113,130]],[1,"icon",3,[[0,0,-109,[12],13]],[5,90,90],[0,11.707,0,0,0,0,1,1,1,1]],[16,"name",3,[[12,"怪兽防卫战",20,22,1,1,1,-110,[14]]],[4,4278190080],[5,100,27.72],[0.32399999999999984,-49.703,0,0,0,0,1,1,1,1]],[4,"n",false,3,[[2,-111,[15],16]],[5,61,32],[-47.125,63.815,0,0,0,0,1,1,1,1]],[17,"hytj",512,false,3,[[19,-112,[18]]],[5,23,87],[-56.065,3.242,0,0,0,0,1,1,1,1]],[15,"tuijian_bs",4,[[0,0,-113,[19],20]],[5,113,130]],[1,"icon",4,[[0,0,-114,[21],22]],[5,90,90],[0,11.707,0,0,0,0,1,1,1,1]],[16,"name",4,[[12,"怪兽防卫战",20,22,1,1,1,-115,[23]]],[4,4278190080],[5,100,27.72],[0.32399999999999984,-49.703,0,0,0,0,1,1,1,1]],[1,"n",4,[[2,-116,[24],25]],[5,61,32],[-47.125,63.815,0,0,0,0,1,1,1,1]],[17,"hytj",512,false,4,[[19,-117,[27]]],[5,23,87],[-56.065,3.242,0,0,0,0,1,1,1,1]],[18,"jishi",17,[[13,"第1关",30,1,1,-118,[28]]],[5,76.68,50.4],[0,0,0.5],[-25.702,0,0,0,0,0,1,1,1,1]],[18,"bushu",18,[[13,"步数:1",30,1,1,-119,[31]]],[5,85.02,50.4],[0,0,0.5],[-31.965000000000003,0.7549999999999999,0,0,0,0,1,1,1,1]],[29,"jiantou",19,[[0,0,-120,[34],35]],[5,30,30],[-11.946,-334.214,0,0,0,0.7071067811865476,-0.7071067811865475,1,1,1],[1,0,0,270]],[1,"sp",6,[[2,-121,[63],64]],[5,38,30],[-36.287,45.836,0,0,0,0,1,0.7,0.7,1]],[5,"left",6,[25]],[10,"c",25,[[7,"11",20,20,1,1,-122,[65]]],[4,4278190080],[5,20.76,25.2]],[1,"sp",7,[[2,-123,[74],75]],[5,38,30],[-36.287,45.836,0,0,0,0,1,0.7,0.7,1]],[5,"left",7,[26]],[10,"c",26,[[7,"11",20,20,1,1,-124,[76]]],[4,4278190080],[5,20.76,25.2]],[1,"sp",8,[[2,-125,[85],86]],[5,38,30],[-36.287,45.836,0,0,0,0,1,0.7,0.7,1]],[5,"left",8,[27]],[10,"c",27,[[7,"5",20,20,1,1,-126,[87]]],[4,4278190080],[5,11.12,25.2]],[1,"sp",9,[[2,-127,[96],97]],[5,38,30],[-36.287,45.836,0,0,0,0,1,0.7,0.7,1]],[5,"left",9,[28]],[10,"c",28,[[7,"5",20,20,1,1,-128,[98]]],[4,4278190080],[5,11.12,25.2]],[34,"tishitipnode",false,2,[34]]],0,[0,-1,21,0,-2,22,0,-3,23,0,-4,24,0,-5,6,0,-6,7,0,-7,8,0,-8,9,0,3,1,0,-10,29,0,-11,11,0,0,2,0,-1,12,0,-2,13,0,-3,14,0,-4,17,0,-5,18,0,-6,10,0,-8,31,0,-9,63,0,0,3,0,-1,38,0,-2,39,0,-3,40,0,-4,41,0,-5,15,0,-6,42,0,0,4,0,-1,43,0,-2,44,0,-3,45,0,-4,46,0,-5,16,0,-6,47,0,0,5,0,0,5,0,0,5,0,-1,36,0,-2,37,0,0,6,0,0,6,0,-1,51,0,-2,52,0,0,7,0,0,7,0,-1,54,0,-2,55,0,0,8,0,0,8,0,-1,57,0,-2,58,0,0,9,0,0,9,0,-1,60,0,-2,61,0,-1,19,0,-2,20,0,3,10,0,0,11,0,0,11,0,-1,30,0,0,12,0,0,12,0,0,13,0,0,13,0,0,15,0,0,15,0,0,16,0,0,16,0,0,17,0,-1,48,0,0,18,0,-1,49,0,0,19,0,-1,50,0,0,20,0,0,20,0,0,21,0,0,21,0,0,22,0,0,22,0,0,23,0,0,23,0,0,24,0,0,24,0,0,25,0,-1,53,0,0,26,0,-1,56,0,0,27,0,-1,59,0,0,28,0,-1,62,0,0,29,0,0,29,0,0,30,0,0,30,0,-1,32,0,-2,33,0,0,32,0,0,32,0,0,33,0,0,33,0,0,34,0,0,34,0,0,36,0,0,37,0,0,38,0,0,39,0,0,40,0,0,41,0,0,42,0,0,43,0,0,44,0,0,45,0,0,46,0,0,47,0,0,48,0,0,49,0,0,50,0,0,51,0,0,53,0,0,54,0,0,56,0,0,57,0,0,59,0,0,60,0,0,62,0,8,35,1,3,2,2,3,5,3,3,14,4,3,14,5,3,35,25,3,52,26,3,55,27,3,58,28,3,61,34,3,63,128],[0,0,0,0,0,0,0,0,0,0,0,0,0,0,0,0,0,0,0,0,0,0,0,0,0,0,0,0,0,0,0,0,0,0,0,0,0,0,0,0,0,0,0,0,0,0,0,0,0,0,0,0,0,0,0,0,0,0,0,0,0,0,0,0,0,0,0,0,0,0,0,0,0,0,0,0,0,0,0,0,0,0,0,0,0,0,0,0,0,0,0,0,0,0,0,0,0,0,0,0,0,0,0,0,0,0,0,0,0,0,0,0,0,0,0,0,0,0,0,0,0,0,0,0,0,0,0,0,0,0,0,0,0,0,0,0,0,0,0,0,0],[-1,1,-1,1,-1,1,4,5,6,7,-1,1,-1,1,-1,-1,1,-1,-1,-1,1,-1,1,-1,-1,1,-1,-1,-1,-1,1,-1,-1,1,-1,1,-1,1,-1,-1,1,4,5,6,7,-1,1,4,5,6,7,-1,1,4,5,6,7,-1,1,4,5,6,7,-1,1,-1,-1,1,-1,1,4,5,6,7,-1,1,-1,-1,1,-1,1,4,5,6,7,-1,1,-1,-1,1,-1,1,4,5,6,7,-1,1,-1,-1,1,-1,1,4,5,6,7,-1,1,-1,-1,1,-1,1,4,5,6,7,-1,1,4,5,6,7,-1,9,10,11,12,13,-1,-2,-3,-4,-5,-6,-7,-8,14,15,16],[0,31,0,32,0,3,3,1,3,1,0,11,0,12,0,0,13,0,0,0,11,0,12,0,0,13,0,0,0,0,33,0,0,34,0,35,0,36,37,0,7,7,14,7,14,0,4,4,2,8,2,0,9,9,15,9,15,0,38,4,2,8,2,0,5,0,0,6,0,39,4,2,8,2,0,5,0,0,6,0,16,16,17,40,17,0,5,0,0,6,0,41,10,1,3,1,0,5,0,0,6,0,10,10,1,3,1,0,42,0,0,43,0,44,45,18,46,18,0,19,19,20,47,20,0,48,49,50,51,52,53,54,55,56,57,58,59,60,61,62,63]],[[{"name":"huang_2","rect":[0,0,207,96],"offset":[0,0],"originalSize":[207,96],"capInsets":[0,0,0,0]}],[1],0,[0],[2],[64]],[[{"name":"jiantou_you","rect":[43,31,39,62],"offset":[0.5,0],"originalSize":[124,124],"capInsets":[0,0,0,0]}],[1],0,[0],[2],[65]],[[{"name":"lv_1","rect":[0,0,317,96],"offset":[0,0],"originalSize":[317,96],"capInsets":[0,0,0,0]}],[1],0,[0],[2],[66]]]]