[1,["1cyRCxAdRKuaa2bN/0fW6K"],0,[["sp.SkeletonData",["_name","_atlasText","textureNames","_skeletonJson","textures"],-1,3]],[[0,0,1,2,3,4,5]],[[0,"dun","\ndun.png\nsize: 2022,546\nformat: RGBA8888\nfilter: Linear,Linear\nrepeat: none\ndian1\n  rotate: true\n  xy: 1923, 352\n  size: 128, 47\n  orig: 130, 50\n  offset: 1, 2\n  index: -1\ndian10\n  rotate: true\n  xy: 1143, 243\n  size: 301, 273\n  orig: 304, 275\n  offset: 1, 1\n  index: -1\ndian11\n  rotate: true\n  xy: 1552, 9\n  size: 262, 245\n  orig: 264, 247\n  offset: 1, 1\n  index: -1\ndian12\n  rotate: false\n  xy: 1680, 298\n  size: 241, 246\n  orig: 243, 248\n  offset: 1, 1\n  index: -1\ndian13\n  rotate: false\n  xy: 913, 13\n  size: 243, 227\n  orig: 245, 229\n  offset: 1, 1\n  index: -1\ndian14\n  rotate: false\n  xy: 246, 8\n  size: 244, 209\n  orig: 247, 211\n  offset: 2, 1\n  index: -1\ndian15\n  rotate: false\n  xy: 2, 3\n  size: 242, 214\n  orig: 244, 216\n  offset: 1, 1\n  index: -1\ndian16\n  rotate: true\n  xy: 1367, 32\n  size: 209, 183\n  orig: 211, 186\n  offset: 1, 2\n  index: -1\ndian17\n  rotate: false\n  xy: 1799, 15\n  size: 184, 129\n  orig: 186, 131\n  offset: 1, 1\n  index: -1\ndian18\n  rotate: true\n  xy: 1923, 482\n  size: 62, 97\n  orig: 64, 100\n  offset: 1, 2\n  index: -1\ndian2\n  rotate: true\n  xy: 1219, 25\n  size: 216, 146\n  orig: 218, 148\n  offset: 1, 1\n  index: -1\ndian3\n  rotate: true\n  xy: 492, 2\n  size: 223, 192\n  orig: 225, 194\n  offset: 1, 1\n  index: -1\ndian4\n  rotate: true\n  xy: 686, 3\n  size: 231, 225\n  orig: 233, 227\n  offset: 1, 1\n  index: -1\ndian5\n  rotate: true\n  xy: 1418, 273\n  size: 271, 260\n  orig: 273, 263\n  offset: 1, 2\n  index: -1\ndian6\n  rotate: true\n  xy: 572, 236\n  size: 308, 291\n  orig: 310, 293\n  offset: 1, 1\n  index: -1\ndian7\n  rotate: true\n  xy: 284, 227\n  size: 317, 286\n  orig: 319, 288\n  offset: 1, 1\n  index: -1\ndian8\n  rotate: true\n  xy: 2, 219\n  size: 325, 280\n  orig: 327, 282\n  offset: 1, 1\n  index: -1\ndian9\n  rotate: true\n  xy: 865, 242\n  size: 302, 276\n  orig: 305, 278\n  offset: 2, 1\n  index: -1\nedun\n  rotate: true\n  xy: 1799, 146\n  size: 150, 195\n  orig: 152, 202\n  offset: 1, 3\n  index: -1\nwudi\n  rotate: true\n  xy: 1158, 23\n  size: 218, 59\n  orig: 220, 61\n  offset: 1, 1\n  index: -1\n",["dun.png"],{"skeleton":{"hash":"0Jhu1Spabyc0WfnxY1+uoz9/gTk","spine":"3.8.75","x":-153.05,"y":299.6,"width":327,"height":329.96,"images":"./images/","audio":"C:/Users/Administrator/Desktop/wudi"},"bones":[{"name":"root"},{"name":"bone","parent":"root","x":-534.74,"y":380.32},{"name":"edun","parent":"bone","length":63.94,"rotation":90,"x":530.84,"y":118.57,"scaleX":0.2529,"scaleY":0.2529},{"name":"wudi","parent":"bone","length":53.38,"rotation":-89.1,"x":533.57,"y":-50.56},{"name":"wudi2","parent":"bone","length":53.38,"rotation":-89.1,"x":533.57,"y":-50.56}],"slots":[{"name":"edun","bone":"edun","attachment":"edun"},{"name":"dian1","bone":"root","attachment":"dian1"},{"name":"dian2","bone":"root","attachment":"dian2"},{"name":"dian3","bone":"root","attachment":"dian3"},{"name":"dian4","bone":"root","attachment":"dian4"},{"name":"dian5","bone":"root","attachment":"dian5"},{"name":"dian6","bone":"root","attachment":"dian6"},{"name":"dian7","bone":"root","attachment":"dian7"},{"name":"dian8","bone":"root","attachment":"dian8"},{"name":"dian9","bone":"root","attachment":"dian9"},{"name":"dian10","bone":"root","attachment":"dian10"},{"name":"dian11","bone":"root","attachment":"dian11"},{"name":"dian12","bone":"root","attachment":"dian12"},{"name":"dian13","bone":"root","attachment":"dian13"},{"name":"dian14","bone":"root","attachment":"dian14"},{"name":"dian15","bone":"root","attachment":"dian15"},{"name":"dian16","bone":"root","attachment":"dian16"},{"name":"dian17","bone":"root","attachment":"dian17"},{"name":"dian18","bone":"root","attachment":"dian18"},{"name":"wudi2","bone":"wudi2","attachment":"wudi"},{"name":"wudi","bone":"wudi","attachment":"wudi"}],"skins":[{"name":"default","attachments":{"dian2":{"dian2":{"x":2.95,"y":449.55,"width":218,"height":148}},"dian3":{"dian3":{"x":2.45,"y":476.55,"width":225,"height":194}},"dian4":{"dian4":{"x":4.45,"y":477.05,"width":233,"height":227}},"dian5":{"dian5":{"x":6.45,"y":476.05,"width":273,"height":263}},"dian6":{"dian6":{"x":10.95,"y":483.05,"width":310,"height":293}},"dian7":{"dian7":{"x":9.45,"y":481.55,"width":319,"height":288}},"dian8":{"dian8":{"x":10.45,"y":486.55,"width":327,"height":282}},"dian9":{"dian9":{"x":3.45,"y":474.55,"width":305,"height":278}},"dian10":{"dian10":{"x":6.95,"y":474.05,"width":304,"height":275}},"dian11":{"dian11":{"x":6.95,"y":473.05,"width":264,"height":247}},"dian12":{"dian12":{"x":3.45,"y":496.55,"width":243,"height":248}},"dian13":{"dian13":{"x":3.45,"y":489.05,"width":245,"height":229}},"dian14":{"dian14":{"x":2.45,"y":480.05,"width":247,"height":211}},"dian15":{"dian15":{"x":2.95,"y":484.55,"width":244,"height":216}},"dian16":{"dian16":{"x":13.45,"y":486.55,"width":211,"height":186}},"dian17":{"dian17":{"x":21.95,"y":480.05,"width":186,"height":131}},"dian18":{"dian18":{"x":-6.89,"y":503.76,"width":64,"height":100}},"wudi":{"wudi":{"x":-0.32,"y":0.68,"rotation":89.1,"width":220,"height":61}},"wudi2":{"wudi":{"x":-0.32,"y":0.68,"rotation":89.1,"width":220,"height":61}},"edun":{"edun":{"x":8.13,"y":-1.27,"scaleX":3.7178,"scaleY":3.7178,"rotation":-90,"width":152,"height":202}},"dian1":{"dian1":{"x":-0.05,"y":488.55,"width":130,"height":50}}}}],"animations":{"animation":{"slots":{"dian7":{"color":[{"color":"ffffff00","curve":"stepped"},{"time":0.8333,"color":"ffffff00"},{"time":0.8667,"color":"ffffffff"},{"time":0.9,"color":"ffffff00"}]},"wudi":{"color":[{"color":"ffffff00"},{"time":0.1667,"color":"ffffffff","curve":"stepped"},{"time":0.8333,"color":"ffffffff"},{"time":1.2667,"color":"ffffff00"}]},"wudi2":{"color":[{"color":"ffffff00","curve":"stepped"},{"time":0.2667,"color":"ffffff00"},{"time":0.3,"color":"ffffff7a"},{"time":0.5333,"color":"ffffff7b"},{"time":0.5667,"color":"ffffff00"}]},"dian16":{"color":[{"color":"ffffff00","curve":"stepped"},{"time":1.1333,"color":"ffffff00"},{"time":1.1667,"color":"ffffffff"},{"time":1.2,"color":"ffffff00"}]},"dian11":{"color":[{"color":"ffffff00","curve":"stepped"},{"time":0.9667,"color":"ffffff00"},{"time":1,"color":"ffffffff"},{"time":1.0333,"color":"ffffff00"}]},"dian13":{"color":[{"color":"ffffff00","curve":"stepped"},{"time":1.0333,"color":"ffffff00"},{"time":1.0667,"color":"ffffffff"},{"time":1.1,"color":"ffffff00"}]},"dian18":{"color":[{"color":"ffffff00","curve":"stepped"},{"time":1.2,"color":"ffffff00"},{"time":1.2333,"color":"ffffffff"},{"time":1.2667,"color":"ffffff00"}]},"dian14":{"color":[{"color":"ffffff00","curve":"stepped"},{"time":1.0667,"color":"ffffff00"},{"time":1.1,"color":"ffffffff"},{"time":1.1333,"color":"ffffff00"}]},"dian10":{"color":[{"color":"ffffff00","curve":"stepped"},{"time":0.9333,"color":"ffffff00"},{"time":0.9667,"color":"ffffffff"},{"time":1,"color":"ffffff00"}]},"dian5":{"color":[{"color":"ffffff00","curve":"stepped"},{"time":0.7667,"color":"ffffff00"},{"time":0.8,"color":"ffffffff"},{"time":0.8333,"color":"ffffff00"}]},"dian12":{"color":[{"color":"ffffff00","curve":"stepped"},{"time":1,"color":"ffffff00"},{"time":1.0333,"color":"ffffffff"},{"time":1.0667,"color":"ffffff00"}]},"dian9":{"color":[{"color":"ffffff00","curve":"stepped"},{"time":0.9,"color":"ffffff00"},{"time":0.9333,"color":"ffffffff"},{"time":0.9667,"color":"ffffff00"}]},"edun":{"color":[{"color":"ffffff00","curve":0.29,"c3":0.629,"c4":0.38},{"time":0.1,"color":"ffffffff","curve":"stepped"},{"time":0.8333,"color":"ffffffff","curve":0.25,"c3":0.75},{"time":1.2667,"color":"ffffff00"}]},"dian2":{"color":[{"color":"ffffff00","curve":"stepped"},{"time":0.6667,"color":"ffffff00"},{"time":0.7,"color":"ffffffff"},{"time":0.7333,"color":"ffffff00"}]},"dian4":{"color":[{"color":"ffffff00","curve":"stepped"},{"time":0.7333,"color":"ffffff00"},{"time":0.7667,"color":"ffffffff"},{"time":0.8,"color":"ffffff00"}]},"dian3":{"color":[{"color":"ffffff00","curve":"stepped"},{"time":0.7,"color":"ffffff00"},{"time":0.7333,"color":"ffffffff"},{"time":0.7667,"color":"ffffff00"}]},"dian8":{"color":[{"color":"ffffff00","curve":"stepped"},{"time":0.8667,"color":"ffffff00"},{"time":0.9,"color":"ffffffff"},{"time":0.9333,"color":"ffffff00"}]},"dian15":{"color":[{"color":"ffffff00","curve":"stepped"},{"time":1.1,"color":"ffffff00"},{"time":1.1333,"color":"ffffffff"},{"time":1.1667,"color":"ffffff00"}]},"dian17":{"color":[{"color":"ffffff00","curve":"stepped"},{"time":1.1667,"color":"ffffff00"},{"time":1.2,"color":"ffffffff"},{"time":1.2333,"color":"ffffff00"}]},"dian1":{"color":[{"color":"ffffff00","curve":"stepped"},{"time":0.6333,"color":"ffffff00"},{"time":0.6667,"color":"ffffffff"},{"time":0.7,"color":"ffffff00"}]},"dian6":{"color":[{"color":"ffffff00","curve":"stepped"},{"time":0.8,"color":"ffffff00"},{"time":0.8333,"color":"ffffffff"},{"time":0.8667,"color":"ffffff00"}]}},"bones":{"edun":{"scale":[{"time":0.1,"curve":0,"c2":0.08,"c3":0.75},{"time":0.3333,"x":1.392,"y":1.392,"curve":0.25,"c4":0.91},{"time":0.5,"x":0.762,"y":0.762,"curve":0.25,"c4":0.86},{"time":1.1667}]},"wudi":{"scale":[{"x":0.214,"y":0.214,"curve":0.5,"c4":0.87},{"time":0.3333,"curve":0,"c2":0.09,"c3":0.75},{"time":0.5,"x":0.65,"y":0.65,"curve":0,"c2":0.13,"c3":0.75},{"time":1.2667,"x":1.084,"y":1.084}]},"wudi2":{"scale":[{"curve":0.25,"c3":0.75},{"time":0.3,"x":0.721,"y":0.721,"curve":0.571,"c4":0.79},{"time":0.4333,"x":1.327,"y":1.327,"curve":0,"c2":0.15,"c3":0.598},{"time":0.5333,"x":0.687,"y":0.687}]}}}}},[0]]],0,0,[0],[-1],[0]]