[1,["ecpdLyjvZBwrvm+cedCcQy","92lahOduZETao9w5HJh5nG","c2cWGaTJlGQbzynAZUvVVB","b4dG04p7lPopaY5b42XkXH","563KtNLqtJo720q/JI4rmY","bcQ3yZGUVC0ZQersSxQfjC","a2MjXRFdtLlYQ5ouAFv/+R","47ThH0cpRLaa4x3bQsj1uP","61iX/6TgZEK6TbXT/XUEJj","0cnH7m7ERIBoQooLXSMGz7","9cSOxn0KpNTr+M9N5eiPC0","6a8dHrzfBN3InLHdNvbFKI"],["node","_spriteFrame","_textureSetter","root","_N$target","centerPos","textNote","textTitle","ButtonGetAll","ButtonPickOne","ButtonOk","data","choujiang_per_wuping"],[["cc.Node",["_name","_active","_opacity","_prefab","_parent","_components","_contentSize","_trs","_children","_color"],0,4,1,9,5,7,2,5],"cc.SpriteFrame",["cc.PrefabInfo",["fileId","root","asset"],2,1,1],["cc.Button",["zoomScale","_N$transition","node","_N$target"],1,1,1],["cc.Sprite",["_sizeMode","node","_materials","_spriteFrame"],2,1,3,6],["cc.Label",["_string","_fontSize","_styleFlags","_N$horizontalAlign","_N$verticalAlign","_lineHeight","node","_materials"],-3,1,3],["cc.Prefab",["_name"],2],["4ae6etrusNGM6QmZsXTl+qm",["node","ButtonOk","ButtonPickOne","ButtonGetAll","textTitle","textNote","centerPos","choujiang_per_wuping"],3,1,1,1,1,1,1,1,6],["cc.LabelOutline",["_width","node","_color"],2,1,5]],[[2,0,1,2,2],[0,0,4,5,3,6,7,2],[4,0,1,2,3,2],[3,0,1,2,3],[4,1,2,3,1],[0,0,4,5,3,9,6,7,2],[8,0,1,2,2],[0,0,4,8,5,3,6,7,2],[3,0,1,2,3,3],[5,0,1,5,2,3,4,6,7,7],[6,0,2],[0,0,8,5,3,6,2],[0,0,4,8,3,2],[0,0,4,8,3,7,2],[0,0,1,4,8,5,3,6,7,3],[0,0,2,4,5,3,9,6,3],[0,0,4,3,7,2],[7,0,1,2,3,4,5,6,7,1],[2,1,2,1],[2,0,1,2],[3,2,1],[5,0,1,2,3,4,6,7,6]],[[[{"name":"5选1_文字_抽一个","rect":[450,1956,220,80],"offset":[0,0],"originalSize":[220,80],"capInsets":[0,0,0,0]}],[1],0,[0],[2],[2]],[[{"name":"sp","rect":[0,0,64,65],"offset":[0,0],"originalSize":[64,65],"capInsets":[0,0,0,0]}],[1],0,[0],[2],[4]],[[{"name":"anniu","rect":[0,0,384,156],"offset":[0,0],"originalSize":[384,156],"capInsets":[0,0,0,0]}],[1],0,[0],[2],[5]],[[{"name":"5选1_文字_确定","rect":[1698,1452,148,78],"offset":[0,0],"originalSize":[148,78],"rotated":1,"capInsets":[0,0,0,0]}],[1],0,[0],[2],[2]],[[{"name":"5选1_按钮_背景","rect":[310,1664,382,138],"offset":[0,0],"originalSize":[382,138],"rotated":1,"capInsets":[0,0,0,0]}],[1],0,[0],[2],[2]],[[[10,"game_3_choujiang"],[11,"game_3_choujiang",[-9,-10],[[17,-8,-7,-6,-5,-4,-3,-2,27]],[18,-1,0],[5,720,1280]],[12,"panel",1,[-11,-12,-13,-14,-15,-16],[0,"e1OK/Tw4FBb4Jv0NSFI6AH",1,0]],[13,"wuping",2,[-17,-18,-19,-20,-21,-22],[0,"8bSmmSgs1GppwCKRqeVA59",1,0],[0,310,0,0,0,0,1,1,1,1]],[7,"ButtonGetAll",2,[-25,-26],[[4,-23,[17],18],[3,1.1,3,-24]],[0,"faURoho6JELoBWdIe9h7Q1",1,0],[5,384,156],[11.764,-490,0,0,0,0,1,1,1,0]],[7,"ButtonPickOne",2,[-30],[[2,0,-27,[21],22],[8,1.1,3,-29,-28]],[0,"49q1YgpjJFQIABosn/b5ub",1,0],[5,288,114],[15.797,-310,0,0,0,0,1,1,1,0]],[14,"ButtonOk",false,2,[-34],[[2,0,-31,[25],26],[8,1.1,3,-33,-32]],[0,"80PdXEg5ND/5rTBuN432wq",1,0],[5,288,114],[15.797,-310,0,0,0,0,1,1,1,0]],[5,"title",2,[[9,"恭喜获得随机抽奖",80,80,1,1,1,-35,[2]],[6,5,-36,[4,4280103115]]],[0,"cehpntzOtKsKp2++iDKufn",1,0],[4,4282965503],[5,650,110.8],[0,500,0,0,0,0,1,1,1,1]],[5,"note",2,[[21,"请点击卡牌抽取一个奖品",50,1,1,1,-37,[3]],[6,5,-38,[4,4280103115]]],[0,"d57/Td+QZDAq8m4CQ5zSUS",1,0],[4,4282897407],[5,560,60.4],[9.589,392.552,0,0,0,0,1,1,1,1]],[1,"1",3,[[2,0,-40,[4],5],[3,1.1,3,-41]],[19,"72Is+i5KpBmKEPOqvNgyVb",-39],[5,162,203],[-220,-103.328,0,0,0,0,1,1,1,0]],[15,"bk",200,1,[[2,0,-42,[0],1],[20,-43]],[0,"f2YaArhsVAOo7mVKQyYO1t",1,0],[4,4278190080],[5,1000,2000]],[1,"2",3,[[2,0,-44,[6],7],[3,1.1,3,-45]],[0,"11/2kwqmtKjZokfeTgHkE5",1,0],[5,162,203],[0,-108.09,0,0,0,0,1,1,1,0]],[1,"3",3,[[2,0,-46,[8],9],[3,1.1,3,-47]],[0,"fef9KOeNpPOarm1gAnLSG0",1,0],[5,162,203],[220,-108.09,0,0,0,0,1,1,1,0]],[1,"4",3,[[2,0,-48,[10],11],[3,1.1,3,-49]],[0,"0eRHuGo4tEFpQwOb3MjlbW",1,0],[5,162,203],[-120,-373.813,0,0,0,0,1,1,1,0]],[1,"5",3,[[2,0,-50,[12],13],[3,1.1,3,-51]],[0,"b7D3Ta2IRHbZ1JCg9s0pXy",1,0],[5,162,203],[120,-380.955,0,0,0,0,1,1,1,0]],[5,"t",4,[[9,"我全都要",60,60,1,1,1,-52,[16]],[6,2,-53,[4,4278190080]]],[0,"98wWUMKd9ERZeTmY4aV8hA",1,0],[4,4291684863],[5,244,79.6],[3.44,2.251,0,0,0,0,1,1,1,1]],[16,"centerPos",3,[0,"9f/QxR6O9Kw7TGoKPW6zqJ",1,0],[0,-260,0,0,0,0,1,1,1,1]],[1,"sp",4,[[4,-54,[14],15]],[0,"278V4+BcdGY5YAH4NcYuii",1,0],[5,64,65],[176.177,42.854,0,0,0,0,1,1,1,1]],[1,"t",5,[[4,-55,[19],20]],[0,"5cUgFzv2RPoYisKQNocbTu",1,0],[5,220,80],[0,3,0,0,0,0,1,1,1,1]],[1,"t",6,[[4,-56,[23],24]],[0,"fbi2FkORJE4JW6qQyVLHpH",1,0],[5,148,78],[0,3,0,0,0,0,1,1,1,1]]],0,[0,3,1,0,5,16,0,6,8,0,7,7,0,8,4,0,9,5,0,10,6,0,0,1,0,-1,10,0,-2,2,0,-1,7,0,-2,8,0,-3,3,0,-4,4,0,-5,5,0,-6,6,0,-1,9,0,-2,11,0,-3,12,0,-4,13,0,-5,14,0,-6,16,0,0,4,0,0,4,0,-1,17,0,-2,15,0,0,5,0,4,5,0,0,5,0,-1,18,0,0,6,0,4,6,0,0,6,0,-1,19,0,0,7,0,0,7,0,0,8,0,0,8,0,3,9,0,0,9,0,0,9,0,0,10,0,0,10,0,0,11,0,0,11,0,0,12,0,0,12,0,0,13,0,0,13,0,0,14,0,0,14,0,0,15,0,0,15,0,0,17,0,0,18,0,0,19,0,11,1,56],[0,0,0,0,0,0,0,0,0,0,0,0,0,0,0,0,0,0,0,0,0,0,0,0,0,0,0,0],[-1,1,-1,-1,-1,1,-1,1,-1,1,-1,1,-1,1,-1,1,-1,-1,1,-1,1,-1,1,-1,1,-1,1,12],[0,6,0,0,0,1,0,1,0,1,0,1,0,1,0,7,0,0,8,0,9,0,3,0,10,0,3,11]]]]