[1,["a94BijuSdJ+rwFM/tKqZEO","ecpdLyjvZBwrvm+cedCcQy","70tnMIOTNDoKw3Deuxfet2"],["node","_textureSetter","root","data","_spriteFrame"],[["cc.Node",["_name","_prefab","_children","_components","_parent"],2,4,2,9,1],["cc.PrefabInfo",["fileId","root","asset"],2,1,1],"cc.SpriteFrame",["cc.Prefab",["_name"],2],["4fbb2h+KHBOvr0yKaTynCpq",["node"],3,1],["cc.ParticleSystem",["_custom","totalParticles","duration","emissionRate","life","lifeVar","angleVar","startSize","startSizeVar","endSize","endSizeVar","startSpinVar","endSpin","endSpinVar","_positionType","emitterMode","speed","speedVar","tangentialAccel","radialAccel","endRadiusVar","rotatePerSVar","node","_materials","_startColor","_startColorVar","_endColor","_endColorVar","_spriteFrame"],-19,1,3,8,8,8,8,6]],[[1,0,1,2,2],[3,0,2],[0,0,2,3,1,2],[0,0,4,2,1,2],[0,0,4,3,1,2],[4,0,1],[1,1,2,1],[5,0,1,2,3,4,5,6,7,8,9,10,11,12,13,14,15,16,17,18,19,20,21,22,23,24,25,26,27,28,23]],[[[{"name":"huaban1","rect":[0,0,96,80],"offset":[0,0],"originalSize":[96,80],"capInsets":[0,0,0,0]}],[2],0,[0],[1],[0]],[[[1,"huaban_suikai"],[2,"huaban_suikai",[-3],[[5,-2]],[6,-1,0]],[3,"particle",1,[-4],[0,"9enSAgDflJ/qn89G6/GzKL",1,0]],[4,"baise",2,[[7,true,30,0.1,200,0.3,0.3,120,40,20,30,20,100,100,200,1,1,500,200,0,-300,300,200,-5,[0],[4,4278780108],[4,0],[4,336134348],[4,0],1]],[0,"6184JFNGhFzIIcHoi/YqAh",1,0]]],0,[0,2,1,0,0,1,0,-1,2,0,-1,3,0,0,3,0,3,1,5],[0,0],[-1,4],[1,2]]]]