[1,["ecpdLyjvZBwrvm+cedCcQy","a2MjXRFdtLlYQ5ouAFv/+R","f7u8Oww7JCz7tTZyhRF6k0","88mRZnEVZH2Jc6+vhKwFqD","f9auQNMhRHNoO8XEAFKhSh","51pOYjHoRPKJW2OHsMl3TI","40js93xGBPr7Yg2wRgAKUY","7bPkyRhIROsakQRx42jaHq"],["node","_spriteFrame","_parent","_textureSetter","root","data","_N$normalSprite"],[["cc.Node",["_name","_active","_opacity","_prefab","_components","_contentSize","_parent","_children","_trs","_color"],0,4,9,5,1,2,7,5],["cc.Label",["_string","_N$horizontalAlign","_N$verticalAlign","_styleFlags","_fontSize","_lineHeight","node","_materials"],-3,1,3],["cc.Button",["zoomScale","_N$transition","node","_N$normalSprite"],1,1,6],["cc.PrefabInfo",["fileId","root","asset"],2,1,1],["cc.Sprite",["_sizeMode","node","_materials","_spriteFrame"],2,1,3,6],"cc.SpriteFrame",["cc.Prefab",["_name"],2],["fbc31TXJUNBm6Otnl+Snk3C",["node"],3,1],["7633c/ow0xHYZwa4BLlsdtU",["node"],3,1],["cc.BlockInputEvents",["node"],3,1],["cc.LabelOutline",["_width","node","_color"],2,1,5]],[[3,0,1,2,2],[0,0,6,4,3,5,8,2],[4,0,1,2,3,2],[10,0,1,2,2],[0,0,6,7,4,3,5,8,2],[0,0,2,6,4,3,9,5,3],[2,0,1,2,3],[8,0,1],[4,1,2,3,1],[2,2,1],[1,0,4,1,2,6,7,5],[1,0,4,3,1,2,6,7,6],[6,0,2],[0,0,7,4,3,5,2],[0,0,7,4,3,2],[0,0,1,7,4,3,5,3],[0,0,6,7,3,5,8,2],[0,0,6,7,4,3,9,5,8,2],[0,0,6,4,3,5,2],[0,0,6,4,3,9,5,8,2],[7,0,1],[3,1,2,1],[2,0,1,2,3,3],[9,0,1],[1,0,1,2,6,7,4],[1,0,4,5,3,1,2,6,7,7],[1,0,3,1,2,6,7,5],[1,0,5,3,1,2,6,7,6]],[[[{"name":"zhong","rect":[0,0,83,96],"offset":[0,0],"originalSize":[83,96],"capInsets":[0,0,0,0]}],[5],0,[0],[3],[3]],[[[12,"watch_video_fail"],[13,"watch_video_fail",[-3,-4],[[20,-2]],[21,-1,0],[5,720,1280]],[14,"top",[-6,-7,-8,-9,-10,-11],[[7,-5]],[0,"deHguMic5I+7dm3ho+55/8",1,0]],[15,"tuichu",false,[-13,-14,-15,-16,-17],[[7,-12]],[0,"acZbhG0EtN+aLPgKQVJaMn",1,0],[5,100,100]],[4,"lingqu",2,[-20,-21],[[2,0,-18,[16],17],[6,1.1,3,-19]],[0,"3afz9Uoz5FgbyC0inhrzyK",1,0],[5,220,100],[10.242,282.41,0,0,0,0,1,1,1,0]],[5,"bk",220,1,[[2,0,-22,[0],1],[23,-23],[9,-24]],[0,"d2sjuDLihB5KpqXIikgn+1",1,0],[4,4278190080],[5,1000,2000]],[4,"queding",3,[-27],[[2,0,-25,[24],25],[6,1.1,3,-26]],[0,"d0N+9wRCtEBo1C8q4vVJbB",1,0],[5,190,80],[-131,290,0,0,0,0,1,1,1,0]],[4,"cancel",3,[-30],[[2,0,-28,[27],28],[6,1.1,3,-29]],[0,"2dofo6fEFMvIEqaPBnMvp1",1,0],[5,190,80],[91,290,0,0,0,0,1,1,1,0]],[16,"node_ui",1,[2,3],[0,"81X53698hG3byi5zA80T2Z",1,0],[5,720,1280],[0,0,0,0,0,0,1,1,1,0]],[1,"exit",2,[[8,-31,[2],3],[22,1.1,3,-32,4]],[0,"56RQvsqvZC0qJEqsVi1QZ9",1,0],[5,84,89],[-280.256,560.631,0,0,0,0,1,1,1,0]],[1,"title1",2,[[10,"系统暂无可用视频,可在本页面等待",30,1,1,-33,[5]],[3,3,-34,[4,4278190335]]],[0,"13QQqSQmBPz7OGYsVMmNOQ",1,0],[5,464.33,56.4],[0,445.96,0,0,0,0,1,1,1,1]],[1,"title2",2,[[10,"在本页面等待20秒后可获得奖励",30,1,1,-35,[6]],[3,3,-36,[4,4278190335]]],[0,"33ZojbP25Oa4N9PQ/OELDx",1,0],[5,429.37,56.4],[0,388.537,0,0,0,0,1,1,1,1]],[4,"clock",2,[-38],[[8,-37,[8],9]],[0,"fb6vfUg2ZA6qbbdcHlYVBR",1,0],[5,83,96],[192.22,287.699,0,0,0,0,1,1,1,1]],[1,"c",12,[[24,"20",1,1,-39,[7]],[3,2,-40,[4,4278190080]]],[0,"2acWHZklRJYbptmLFDowMF",1,0],[5,48.49,54.4],[-0.1719999999999997,0,0,0,0,0,1,1,1,1]],[17,"yuan",2,[-42],[[2,0,-41,[11],12]],[0,"a4QJG3HBRAH4dWETH0T3+Q",1,0],[4,4289391103],[5,170,52],[11.949,186.828,0,0,0,0,1,1,1,1]],[18,"leftt",14,[[25,"剩:25秒",32,32,1,1,1,-43,[10]],[3,2,-44,[4,4278190335]]],[0,"e5XIRp0jND+KW5c6/j9J0G",1,0],[5,114.25,44.32]],[1,"t",4,[[26,"领取奖励",1,1,1,-45,[13]],[3,3,-46,[4,4278190080]]],[0,"51pGMgKpFApK0KbaAgwlJx",1,0],[5,166,56.4],[2.742,1.361,0,0,0,0,1,1,1,1]],[5,"bk",180,3,[[2,0,-47,[18],19],[9,-48]],[0,"24+rGU3gBJOY3L1N8HN0aw",1,0],[4,4278190080],[5,1000,1800]],[1,"t",6,[[11,"确定退出",30,1,1,1,-49,[23]],[3,3,-50,[4,4278190080]]],[0,"4csP6Jtb1E3o1hKBrB/4np",1,0],[5,126,56.4],[0,3,0,0,0,0,1,1,1,1]],[1,"t",7,[[11,"继续等待",30,1,1,1,-51,[26]],[3,3,-52,[4,4278190080]]],[0,"15BK78dy9Lc6kvJJ44jgVz",1,0],[5,126,56.4],[0,3,0,0,0,0,1,1,1,1]],[5,"lock",60,4,[[2,0,-53,[14],15]],[0,"7bCyN/AnxFZJ/bHpQ44+r7",1,0],[4,4278190080],[5,225,105]],[1,"baise",3,[[2,0,-54,[20],21]],[0,"3f+aanIBpBN548uFG+dy6/",1,0],[5,500,300],[-20.484,387.239,0,0,0,0,1,1,1,1]],[19,"t",3,[[27,"暂未获得奖励\n是否继续等待领取奖励",50,1,1,1,-55,[22]]],[0,"a9uPt2/U1BELaNhdrF/rLn",1,0],[4,4278190080],[5,400,113],[-25.604,435.034,0,0,0,0,1,1,1,1]]],0,[0,4,1,0,0,1,0,-1,5,0,-2,8,0,0,2,0,-1,9,0,-2,10,0,-3,11,0,-4,12,0,-5,14,0,-6,4,0,0,3,0,-1,17,0,-2,21,0,-3,22,0,-4,6,0,-5,7,0,0,4,0,0,4,0,-1,16,0,-2,20,0,0,5,0,0,5,0,0,5,0,0,6,0,0,6,0,-1,18,0,0,7,0,0,7,0,-1,19,0,0,9,0,0,9,0,0,10,0,0,10,0,0,11,0,0,11,0,0,12,0,-1,13,0,0,13,0,0,13,0,0,14,0,-1,15,0,0,15,0,0,15,0,0,16,0,0,16,0,0,17,0,0,17,0,0,18,0,0,18,0,0,19,0,0,19,0,0,20,0,0,21,0,0,22,0,5,1,2,2,8,3,2,8,55],[0,0,0,0,0,0,0,0,0,0,0,0,0,0,0,0,0,0,0,0,0,0,0,0,0,0,0,0,0],[-1,1,-1,1,6,-1,-1,-1,-1,1,-1,-1,1,-1,-1,1,-1,1,-1,1,-1,1,-1,-1,-1,1,-1,-1,1],[0,1,0,4,5,0,0,0,0,6,0,0,1,0,0,1,0,7,0,1,0,1,0,0,0,2,0,0,2]]]]