[1,["8cp1Z4PSxNGahB/x0Cg745"],0,[["sp.SkeletonData",["_name","_atlasText","textureNames","_skeletonJson","textures"],-1,3]],[[0,0,1,2,3,4,5]],[[0,"yinbi_baozha","\nyinbi_baozha.png\nsize: 53,57\nformat: RGBA8888\nfilter: Linear,Linear\nrepeat: none\nyb\n  rotate: false\n  xy: 2, 2\n  size: 49, 53\n  orig: 49, 53\n  offset: 0, 0\n  index: -1\n",["yinbi_baozha.png"],{"skeleton":{"hash":"lxJjXM71p9Ftl39ugZz0lfTshkI","spine":"3.8.75","x":-24.84,"y":-27.8,"width":49,"height":53,"images":"","audio":""},"bones":[{"name":"root"},{"name":"bone","parent":"root","x":-418.28,"y":374.68},{"name":"yb","parent":"bone","x":418.03,"y":-374.69},{"name":"yb2","parent":"bone","x":418.03,"y":-374.69},{"name":"yb3","parent":"bone","x":418.03,"y":-374.69},{"name":"yb4","parent":"bone","x":418.03,"y":-374.69},{"name":"yb5","parent":"bone","x":418.03,"y":-374.69},{"name":"yb6","parent":"bone","x":418.03,"y":-374.69},{"name":"yb7","parent":"bone","x":418.03,"y":-374.69},{"name":"yb8","parent":"bone","x":418.03,"y":-374.69},{"name":"bone2","parent":"root","x":-418.28,"y":374.68},{"name":"yb9","parent":"bone2","x":418.03,"y":-374.69},{"name":"yb10","parent":"bone2","x":418.03,"y":-374.69},{"name":"yb11","parent":"bone2","x":418.03,"y":-374.69},{"name":"yb12","parent":"bone2","x":418.03,"y":-374.69},{"name":"yb13","parent":"bone2","x":418.03,"y":-374.69},{"name":"yb14","parent":"bone2","x":418.03,"y":-374.69},{"name":"yb15","parent":"bone2","x":418.03,"y":-374.69},{"name":"yb16","parent":"bone2","x":418.03,"y":-374.69},{"name":"bone3","parent":"root","x":-418.28,"y":374.68},{"name":"yb17","parent":"bone3","x":418.03,"y":-374.69},{"name":"yb18","parent":"bone3","x":418.03,"y":-374.69},{"name":"yb19","parent":"bone3","x":418.03,"y":-374.69},{"name":"yb20","parent":"bone3","x":418.03,"y":-374.69},{"name":"yb21","parent":"bone3","x":418.03,"y":-374.69},{"name":"yb22","parent":"bone3","x":418.03,"y":-374.69},{"name":"yb23","parent":"bone3","x":418.03,"y":-374.69},{"name":"yb24","parent":"bone3","x":418.03,"y":-374.69},{"name":"bone4","parent":"root","x":-418.28,"y":374.68},{"name":"yb25","parent":"bone4","x":418.03,"y":-374.69},{"name":"yb26","parent":"bone4","x":418.03,"y":-374.69},{"name":"yb27","parent":"bone4","x":418.03,"y":-374.69},{"name":"yb28","parent":"bone4","x":418.03,"y":-374.69},{"name":"yb29","parent":"bone4","x":418.03,"y":-374.69},{"name":"yb30","parent":"bone4","x":418.03,"y":-374.69},{"name":"yb31","parent":"bone4","x":418.03,"y":-374.69},{"name":"yb32","parent":"bone4","x":418.03,"y":-374.69},{"name":"bone5","parent":"root","x":-418.28,"y":374.68},{"name":"yb33","parent":"bone5","x":418.03,"y":-374.69},{"name":"yb34","parent":"bone5","x":418.03,"y":-374.69},{"name":"yb35","parent":"bone5","x":418.03,"y":-374.69},{"name":"yb36","parent":"bone5","x":418.03,"y":-374.69},{"name":"yb37","parent":"bone5","x":418.03,"y":-374.69},{"name":"yb38","parent":"bone5","x":418.03,"y":-374.69},{"name":"yb39","parent":"bone5","x":418.03,"y":-374.69},{"name":"yb40","parent":"bone5","x":418.03,"y":-374.69},{"name":"bone6","parent":"root","x":-418.28,"y":374.68},{"name":"yb41","parent":"bone6","x":418.03,"y":-374.69},{"name":"yb42","parent":"bone6","x":418.03,"y":-374.69},{"name":"yb43","parent":"bone6","x":418.03,"y":-374.69},{"name":"yb44","parent":"bone6","x":418.03,"y":-374.69},{"name":"yb45","parent":"bone6","x":418.03,"y":-374.69},{"name":"yb46","parent":"bone6","x":418.03,"y":-374.69},{"name":"yb47","parent":"bone6","x":418.03,"y":-374.69},{"name":"yb48","parent":"bone6","x":418.03,"y":-374.69},{"name":"bone7","parent":"root","x":-418.28,"y":374.68},{"name":"yb49","parent":"bone7","x":418.03,"y":-374.69},{"name":"yb50","parent":"bone7","x":418.03,"y":-374.69},{"name":"yb51","parent":"bone7","x":418.03,"y":-374.69},{"name":"yb52","parent":"bone7","x":418.03,"y":-374.69},{"name":"yb53","parent":"bone7","x":418.03,"y":-374.69},{"name":"yb54","parent":"bone7","x":418.03,"y":-374.69},{"name":"yb55","parent":"bone7","x":418.03,"y":-374.69},{"name":"yb56","parent":"bone7","x":418.03,"y":-374.69},{"name":"bone8","parent":"root","x":-418.28,"y":374.68},{"name":"yb57","parent":"bone8","x":418.03,"y":-374.69},{"name":"yb58","parent":"bone8","x":418.03,"y":-374.69},{"name":"yb59","parent":"bone8","x":418.03,"y":-374.69},{"name":"yb60","parent":"bone8","x":418.03,"y":-374.69},{"name":"yb61","parent":"bone8","x":418.03,"y":-374.69},{"name":"yb62","parent":"bone8","x":418.03,"y":-374.69},{"name":"yb63","parent":"bone8","x":418.03,"y":-374.69},{"name":"yb64","parent":"bone8","x":418.03,"y":-374.69},{"name":"bone9","parent":"root","x":-418.28,"y":374.68},{"name":"yb65","parent":"bone9","x":418.03,"y":-374.69},{"name":"yb66","parent":"bone9","x":418.03,"y":-374.69},{"name":"yb67","parent":"bone9","x":418.03,"y":-374.69},{"name":"yb68","parent":"bone9","x":418.03,"y":-374.69},{"name":"yb69","parent":"bone9","x":418.03,"y":-374.69},{"name":"yb70","parent":"bone9","x":418.03,"y":-374.69},{"name":"yb71","parent":"bone9","x":418.03,"y":-374.69},{"name":"yb72","parent":"bone9","x":418.03,"y":-374.69},{"name":"bone10","parent":"root","x":-418.28,"y":374.68},{"name":"yb73","parent":"bone10","x":418.03,"y":-374.69},{"name":"yb74","parent":"bone10","x":418.03,"y":-374.69},{"name":"yb75","parent":"bone10","x":418.03,"y":-374.69},{"name":"yb76","parent":"bone10","x":418.03,"y":-374.69},{"name":"yb77","parent":"bone10","x":418.03,"y":-374.69},{"name":"yb78","parent":"bone10","x":418.03,"y":-374.69},{"name":"yb79","parent":"bone10","x":418.03,"y":-374.69},{"name":"yb80","parent":"bone10","x":418.03,"y":-374.69},{"name":"bone11","parent":"root","x":-418.28,"y":374.68},{"name":"yb81","parent":"bone11","x":418.03,"y":-374.69},{"name":"yb82","parent":"bone11","x":418.03,"y":-374.69},{"name":"yb83","parent":"bone11","x":418.03,"y":-374.69},{"name":"yb84","parent":"bone11","x":418.03,"y":-374.69},{"name":"yb85","parent":"bone11","x":418.03,"y":-374.69},{"name":"yb86","parent":"bone11","x":418.03,"y":-374.69},{"name":"yb87","parent":"bone11","x":418.03,"y":-374.69},{"name":"yb88","parent":"bone11","x":418.03,"y":-374.69},{"name":"bone12","parent":"root","x":-418.28,"y":374.68},{"name":"yb89","parent":"bone12","x":418.03,"y":-374.69},{"name":"yb90","parent":"bone12","x":418.03,"y":-374.69},{"name":"yb91","parent":"bone12","x":418.03,"y":-374.69},{"name":"yb92","parent":"bone12","x":418.03,"y":-374.69},{"name":"yb93","parent":"bone12","x":418.03,"y":-374.69},{"name":"yb94","parent":"bone12","x":418.03,"y":-374.69},{"name":"yb95","parent":"bone12","x":418.03,"y":-374.69},{"name":"yb96","parent":"bone12","x":418.03,"y":-374.69},{"name":"bone13","parent":"root","x":-418.28,"y":374.68},{"name":"yb97","parent":"bone13","x":418.03,"y":-374.69},{"name":"yb98","parent":"bone13","x":418.03,"y":-374.69},{"name":"yb99","parent":"bone13","x":418.03,"y":-374.69},{"name":"yb100","parent":"bone13","x":418.03,"y":-374.69},{"name":"yb101","parent":"bone13","x":418.03,"y":-374.69},{"name":"yb102","parent":"bone13","x":418.03,"y":-374.69},{"name":"yb103","parent":"bone13","x":418.03,"y":-374.69},{"name":"yb104","parent":"bone13","x":418.03,"y":-374.69}],"slots":[{"name":"yb","bone":"yb","attachment":"yb"},{"name":"yb9","bone":"yb9","attachment":"yb"},{"name":"yb17","bone":"yb17","attachment":"yb"},{"name":"yb25","bone":"yb25","attachment":"yb"},{"name":"yb33","bone":"yb33","attachment":"yb"},{"name":"yb41","bone":"yb41","attachment":"yb"},{"name":"yb49","bone":"yb49","attachment":"yb"},{"name":"yb57","bone":"yb57","attachment":"yb"},{"name":"yb65","bone":"yb65","attachment":"yb"},{"name":"yb73","bone":"yb73","attachment":"yb"},{"name":"yb81","bone":"yb81","attachment":"yb"},{"name":"yb89","bone":"yb89","attachment":"yb"},{"name":"yb97","bone":"yb97","attachment":"yb"},{"name":"yb2","bone":"yb2","attachment":"yb"},{"name":"yb10","bone":"yb10","attachment":"yb"},{"name":"yb18","bone":"yb18","attachment":"yb"},{"name":"yb26","bone":"yb26","attachment":"yb"},{"name":"yb34","bone":"yb34","attachment":"yb"},{"name":"yb42","bone":"yb42","attachment":"yb"},{"name":"yb50","bone":"yb50","attachment":"yb"},{"name":"yb58","bone":"yb58","attachment":"yb"},{"name":"yb66","bone":"yb66","attachment":"yb"},{"name":"yb74","bone":"yb74","attachment":"yb"},{"name":"yb82","bone":"yb82","attachment":"yb"},{"name":"yb90","bone":"yb90","attachment":"yb"},{"name":"yb98","bone":"yb98","attachment":"yb"},{"name":"yb3","bone":"yb3","attachment":"yb"},{"name":"yb11","bone":"yb11","attachment":"yb"},{"name":"yb19","bone":"yb19","attachment":"yb"},{"name":"yb27","bone":"yb27","attachment":"yb"},{"name":"yb35","bone":"yb35","attachment":"yb"},{"name":"yb43","bone":"yb43","attachment":"yb"},{"name":"yb51","bone":"yb51","attachment":"yb"},{"name":"yb59","bone":"yb59","attachment":"yb"},{"name":"yb67","bone":"yb67","attachment":"yb"},{"name":"yb75","bone":"yb75","attachment":"yb"},{"name":"yb83","bone":"yb83","attachment":"yb"},{"name":"yb91","bone":"yb91","attachment":"yb"},{"name":"yb99","bone":"yb99","attachment":"yb"},{"name":"yb4","bone":"yb4","attachment":"yb"},{"name":"yb12","bone":"yb12","attachment":"yb"},{"name":"yb20","bone":"yb20","attachment":"yb"},{"name":"yb28","bone":"yb28","attachment":"yb"},{"name":"yb36","bone":"yb36","attachment":"yb"},{"name":"yb44","bone":"yb44","attachment":"yb"},{"name":"yb52","bone":"yb52","attachment":"yb"},{"name":"yb60","bone":"yb60","attachment":"yb"},{"name":"yb68","bone":"yb68","attachment":"yb"},{"name":"yb76","bone":"yb76","attachment":"yb"},{"name":"yb84","bone":"yb84","attachment":"yb"},{"name":"yb92","bone":"yb92","attachment":"yb"},{"name":"yb100","bone":"yb100","attachment":"yb"},{"name":"yb5","bone":"yb5","attachment":"yb"},{"name":"yb13","bone":"yb13","attachment":"yb"},{"name":"yb21","bone":"yb21","attachment":"yb"},{"name":"yb29","bone":"yb29","attachment":"yb"},{"name":"yb37","bone":"yb37","attachment":"yb"},{"name":"yb45","bone":"yb45","attachment":"yb"},{"name":"yb53","bone":"yb53","attachment":"yb"},{"name":"yb61","bone":"yb61","attachment":"yb"},{"name":"yb69","bone":"yb69","attachment":"yb"},{"name":"yb77","bone":"yb77","attachment":"yb"},{"name":"yb85","bone":"yb85","attachment":"yb"},{"name":"yb93","bone":"yb93","attachment":"yb"},{"name":"yb101","bone":"yb101","attachment":"yb"},{"name":"yb6","bone":"yb6","attachment":"yb"},{"name":"yb14","bone":"yb14","attachment":"yb"},{"name":"yb22","bone":"yb22","attachment":"yb"},{"name":"yb30","bone":"yb30","attachment":"yb"},{"name":"yb38","bone":"yb38","attachment":"yb"},{"name":"yb46","bone":"yb46","attachment":"yb"},{"name":"yb54","bone":"yb54","attachment":"yb"},{"name":"yb62","bone":"yb62","attachment":"yb"},{"name":"yb70","bone":"yb70","attachment":"yb"},{"name":"yb78","bone":"yb78","attachment":"yb"},{"name":"yb86","bone":"yb86","attachment":"yb"},{"name":"yb94","bone":"yb94","attachment":"yb"},{"name":"yb102","bone":"yb102","attachment":"yb"},{"name":"yb7","bone":"yb7","attachment":"yb"},{"name":"yb15","bone":"yb15","attachment":"yb"},{"name":"yb23","bone":"yb23","attachment":"yb"},{"name":"yb31","bone":"yb31","attachment":"yb"},{"name":"yb39","bone":"yb39","attachment":"yb"},{"name":"yb47","bone":"yb47","attachment":"yb"},{"name":"yb55","bone":"yb55","attachment":"yb"},{"name":"yb63","bone":"yb63","attachment":"yb"},{"name":"yb71","bone":"yb71","attachment":"yb"},{"name":"yb79","bone":"yb79","attachment":"yb"},{"name":"yb87","bone":"yb87","attachment":"yb"},{"name":"yb95","bone":"yb95","attachment":"yb"},{"name":"yb103","bone":"yb103","attachment":"yb"},{"name":"yb8","bone":"yb8","attachment":"yb"},{"name":"yb16","bone":"yb16","attachment":"yb"},{"name":"yb24","bone":"yb24","attachment":"yb"},{"name":"yb32","bone":"yb32","attachment":"yb"},{"name":"yb40","bone":"yb40","attachment":"yb"},{"name":"yb48","bone":"yb48","attachment":"yb"},{"name":"yb56","bone":"yb56","attachment":"yb"},{"name":"yb64","bone":"yb64","attachment":"yb"},{"name":"yb72","bone":"yb72","attachment":"yb"},{"name":"yb80","bone":"yb80","attachment":"yb"},{"name":"yb88","bone":"yb88","attachment":"yb"},{"name":"yb96","bone":"yb96","attachment":"yb"},{"name":"yb104","bone":"yb104","attachment":"yb"}],"skins":[{"name":"default","attachments":{"yb64":{"yb":{"x":-0.08,"y":-1.29,"width":49,"height":53}},"yb20":{"yb":{"x":-0.08,"y":-1.29,"width":49,"height":53}},"yb21":{"yb":{"x":-0.08,"y":-1.29,"width":49,"height":53}},"yb22":{"yb":{"x":-0.08,"y":-1.29,"width":49,"height":53}},"yb23":{"yb":{"x":-0.08,"y":-1.29,"width":49,"height":53}},"yb24":{"yb":{"x":-0.08,"y":-1.29,"width":49,"height":53}},"yb25":{"yb":{"x":-0.08,"y":-1.29,"width":49,"height":53}},"yb26":{"yb":{"x":-0.08,"y":-1.29,"width":49,"height":53}},"yb27":{"yb":{"x":-0.08,"y":-1.29,"width":49,"height":53}},"yb28":{"yb":{"x":-0.08,"y":-1.29,"width":49,"height":53}},"yb29":{"yb":{"x":-0.08,"y":-1.29,"width":49,"height":53}},"yb43":{"yb":{"x":-0.08,"y":-1.29,"width":49,"height":53}},"yb6":{"yb":{"x":-0.08,"y":-1.29,"width":49,"height":53}},"yb11":{"yb":{"x":-0.08,"y":-1.29,"width":49,"height":53}},"yb30":{"yb":{"x":-0.08,"y":-1.29,"width":49,"height":53}},"yb31":{"yb":{"x":-0.08,"y":-1.29,"width":49,"height":53}},"yb32":{"yb":{"x":-0.08,"y":-1.29,"width":49,"height":53}},"yb33":{"yb":{"x":-0.08,"y":-1.29,"width":49,"height":53}},"yb34":{"yb":{"x":-0.08,"y":-1.29,"width":49,"height":53}},"yb35":{"yb":{"x":-0.08,"y":-1.29,"width":49,"height":53}},"yb36":{"yb":{"x":-0.08,"y":-1.29,"width":49,"height":53}},"yb103":{"yb":{"x":-0.08,"y":-1.29,"width":49,"height":53}},"yb38":{"yb":{"x":-0.08,"y":-1.29,"width":49,"height":53}},"yb39":{"yb":{"x":-0.08,"y":-1.29,"width":49,"height":53}},"yb5":{"yb":{"x":-0.08,"y":-1.29,"width":49,"height":53}},"yb65":{"yb":{"x":-0.08,"y":-1.29,"width":49,"height":53}},"yb40":{"yb":{"x":-0.08,"y":-1.29,"width":49,"height":53}},"yb41":{"yb":{"x":-0.08,"y":-1.29,"width":49,"height":53}},"yb42":{"yb":{"x":-0.08,"y":-1.29,"width":49,"height":53}},"yb102":{"yb":{"x":-0.08,"y":-1.29,"width":49,"height":53}},"yb44":{"yb":{"x":-0.08,"y":-1.29,"width":49,"height":53}},"yb45":{"yb":{"x":-0.08,"y":-1.29,"width":49,"height":53}},"yb46":{"yb":{"x":-0.08,"y":-1.29,"width":49,"height":53}},"yb104":{"yb":{"x":-0.08,"y":-1.29,"width":49,"height":53}},"yb48":{"yb":{"x":-0.08,"y":-1.29,"width":49,"height":53}},"yb7":{"yb":{"x":-0.08,"y":-1.29,"width":49,"height":53}},"yb8":{"yb":{"x":-0.08,"y":-1.29,"width":49,"height":53}},"yb9":{"yb":{"x":-0.08,"y":-1.29,"width":49,"height":53}},"yb":{"yb":{"x":-0.08,"y":-1.29,"width":49,"height":53}},"yb100":{"yb":{"x":-0.08,"y":-1.29,"width":49,"height":53}},"yb89":{"yb":{"x":-0.08,"y":-1.29,"width":49,"height":53}},"yb50":{"yb":{"x":-0.08,"y":-1.29,"width":49,"height":53}},"yb51":{"yb":{"x":-0.08,"y":-1.29,"width":49,"height":53}},"yb52":{"yb":{"x":-0.08,"y":-1.29,"width":49,"height":53}},"yb53":{"yb":{"x":-0.08,"y":-1.29,"width":49,"height":53}},"yb54":{"yb":{"x":-0.08,"y":-1.29,"width":49,"height":53}},"yb55":{"yb":{"x":-0.08,"y":-1.29,"width":49,"height":53}},"yb56":{"yb":{"x":-0.08,"y":-1.29,"width":49,"height":53}},"yb57":{"yb":{"x":-0.08,"y":-1.29,"width":49,"height":53}},"yb58":{"yb":{"x":-0.08,"y":-1.29,"width":49,"height":53}},"yb59":{"yb":{"x":-0.08,"y":-1.29,"width":49,"height":53}},"yb3":{"yb":{"x":-0.08,"y":-1.29,"width":49,"height":53}},"yb60":{"yb":{"x":-0.08,"y":-1.29,"width":49,"height":53}},"yb61":{"yb":{"x":-0.08,"y":-1.29,"width":49,"height":53}},"yb62":{"yb":{"x":-0.08,"y":-1.29,"width":49,"height":53}},"yb63":{"yb":{"x":-0.08,"y":-1.29,"width":49,"height":53}},"yb47":{"yb":{"x":-0.08,"y":-1.29,"width":49,"height":53}},"yb101":{"yb":{"x":-0.08,"y":-1.29,"width":49,"height":53}},"yb66":{"yb":{"x":-0.08,"y":-1.29,"width":49,"height":53}},"yb67":{"yb":{"x":-0.08,"y":-1.29,"width":49,"height":53}},"yb68":{"yb":{"x":-0.08,"y":-1.29,"width":49,"height":53}},"yb69":{"yb":{"x":-0.08,"y":-1.29,"width":49,"height":53}},"yb70":{"yb":{"x":-0.08,"y":-1.29,"width":49,"height":53}},"yb71":{"yb":{"x":-0.08,"y":-1.29,"width":49,"height":53}},"yb72":{"yb":{"x":-0.08,"y":-1.29,"width":49,"height":53}},"yb73":{"yb":{"x":-0.08,"y":-1.29,"width":49,"height":53}},"yb74":{"yb":{"x":-0.08,"y":-1.29,"width":49,"height":53}},"yb75":{"yb":{"x":-0.08,"y":-1.29,"width":49,"height":53}},"yb76":{"yb":{"x":-0.08,"y":-1.29,"width":49,"height":53}},"yb77":{"yb":{"x":-0.08,"y":-1.29,"width":49,"height":53}},"yb78":{"yb":{"x":-0.08,"y":-1.29,"width":49,"height":53}},"yb79":{"yb":{"x":-0.08,"y":-1.29,"width":49,"height":53}},"yb80":{"yb":{"x":-0.08,"y":-1.29,"width":49,"height":53}},"yb81":{"yb":{"x":-0.08,"y":-1.29,"width":49,"height":53}},"yb82":{"yb":{"x":-0.08,"y":-1.29,"width":49,"height":53}},"yb83":{"yb":{"x":-0.08,"y":-1.29,"width":49,"height":53}},"yb84":{"yb":{"x":-0.08,"y":-1.29,"width":49,"height":53}},"yb85":{"yb":{"x":-0.08,"y":-1.29,"width":49,"height":53}},"yb86":{"yb":{"x":-0.08,"y":-1.29,"width":49,"height":53}},"yb87":{"yb":{"x":-0.08,"y":-1.29,"width":49,"height":53}},"yb88":{"yb":{"x":-0.08,"y":-1.29,"width":49,"height":53}},"yb49":{"yb":{"x":-0.08,"y":-1.29,"width":49,"height":53}},"yb2":{"yb":{"x":-0.08,"y":-1.29,"width":49,"height":53}},"yb4":{"yb":{"x":-0.08,"y":-1.29,"width":49,"height":53}},"yb10":{"yb":{"x":-0.08,"y":-1.29,"width":49,"height":53}},"yb90":{"yb":{"x":-0.08,"y":-1.29,"width":49,"height":53}},"yb91":{"yb":{"x":-0.08,"y":-1.29,"width":49,"height":53}},"yb92":{"yb":{"x":-0.08,"y":-1.29,"width":49,"height":53}},"yb93":{"yb":{"x":-0.08,"y":-1.29,"width":49,"height":53}},"yb94":{"yb":{"x":-0.08,"y":-1.29,"width":49,"height":53}},"yb95":{"yb":{"x":-0.08,"y":-1.29,"width":49,"height":53}},"yb96":{"yb":{"x":-0.08,"y":-1.29,"width":49,"height":53}},"yb97":{"yb":{"x":-0.08,"y":-1.29,"width":49,"height":53}},"yb98":{"yb":{"x":-0.08,"y":-1.29,"width":49,"height":53}},"yb99":{"yb":{"x":-0.08,"y":-1.29,"width":49,"height":53}},"yb12":{"yb":{"x":-0.08,"y":-1.29,"width":49,"height":53}},"yb13":{"yb":{"x":-0.08,"y":-1.29,"width":49,"height":53}},"yb14":{"yb":{"x":-0.08,"y":-1.29,"width":49,"height":53}},"yb15":{"yb":{"x":-0.08,"y":-1.29,"width":49,"height":53}},"yb16":{"yb":{"x":-0.08,"y":-1.29,"width":49,"height":53}},"yb17":{"yb":{"x":-0.08,"y":-1.29,"width":49,"height":53}},"yb18":{"yb":{"x":-0.08,"y":-1.29,"width":49,"height":53}},"yb19":{"yb":{"x":-0.08,"y":-1.29,"width":49,"height":53}},"yb37":{"yb":{"x":-0.08,"y":-1.29,"width":49,"height":53}}}}],"animations":{"animation":{"slots":{"yb33":{"color":[{"color":"ffffff00","curve":"stepped"},{"time":0.8667,"color":"ffffff00"},{"time":0.9333,"color":"ffffffff","curve":"stepped"},{"time":1.5,"color":"ffffffff"},{"time":1.7333,"color":"ffffff87"},{"time":1.9333,"color":"ffffff00"}]},"yb3":{"color":[{"color":"ffffff00"},{"time":0.0333,"color":"ffffffff","curve":"stepped"},{"time":0.6667,"color":"ffffffff"},{"time":0.8667,"color":"ffffff87"},{"time":1.0667,"color":"ffffff00"}]},"yb51":{"color":[{"color":"ffffff00","curve":"stepped"},{"time":1.3,"color":"ffffff00"},{"time":1.3667,"color":"ffffffff","curve":"stepped"},{"time":1.9333,"color":"ffffffff"},{"time":2.1667,"color":"ffffff87"},{"time":2.4,"color":"ffffff00"}]},"yb79":{"color":[{"color":"ffffff00","curve":"stepped"},{"time":1.9333,"color":"ffffff00"},{"time":2,"color":"ffffffff","curve":"stepped"},{"time":2.6,"color":"ffffffff"},{"time":2.8333,"color":"ffffffd7"},{"time":3.0667,"color":"ffffff00"}]},"yb50":{"color":[{"color":"ffffff00","curve":"stepped"},{"time":1.3,"color":"ffffff00"},{"time":1.3667,"color":"ffffffff","curve":"stepped"},{"time":1.9333,"color":"ffffffff"},{"time":2.1667,"color":"ffffffd7"},{"time":2.4,"color":"ffffff00"}]},"yb81":{"color":[{"color":"ffffff00","curve":"stepped"},{"time":2.1667,"color":"ffffff00"},{"time":2.2,"color":"ffffffff","curve":"stepped"},{"time":2.8333,"color":"ffffffff"},{"time":3.0667,"color":"ffffff87"},{"time":3.2333,"color":"ffffff00"}]},"yb57":{"color":[{"color":"ffffff00","curve":"stepped"},{"time":1.5,"color":"ffffff00"},{"time":1.5333,"color":"ffffffff","curve":"stepped"},{"time":2.1667,"color":"ffffffff"},{"time":2.4,"color":"ffffff87"},{"time":2.6,"color":"ffffff00"}]},"yb67":{"color":[{"color":"ffffff00","curve":"stepped"},{"time":1.7333,"color":"ffffff00"},{"time":1.7667,"color":"ffffffff","curve":"stepped"},{"time":2.4,"color":"ffffffff"},{"time":2.6,"color":"ffffff87"},{"time":2.8333,"color":"ffffff00"}]},"yb90":{"color":[{"color":"ffffff00","curve":"stepped"},{"time":2.4,"color":"ffffff00"},{"time":2.4333,"color":"ffffffff","curve":"stepped"},{"time":3.0667,"color":"ffffffff"},{"time":3.2333,"color":"ffffffd7"},{"time":3.4667,"color":"ffffff00"}]},"yb23":{"color":[{"color":"ffffff00","curve":"stepped"},{"time":0.4333,"color":"ffffff00"},{"time":0.4667,"color":"ffffffff","curve":"stepped"},{"time":1.0667,"color":"ffffffff"},{"time":1.3,"color":"ffffffd7"},{"time":1.5,"color":"ffffff00"}]},"yb70":{"color":[{"color":"ffffff00","curve":"stepped"},{"time":1.7333,"color":"ffffff00"},{"time":1.7667,"color":"ffffffff","curve":"stepped"},{"time":2.4,"color":"ffffffff"},{"time":2.6,"color":"ffffffd7"},{"time":2.8333,"color":"ffffff00"}]},"yb44":{"color":[{"color":"ffffff00","curve":"stepped"},{"time":1.0667,"color":"ffffff00"},{"time":1.1333,"color":"ffffffff","curve":"stepped"},{"time":1.7333,"color":"ffffffff"},{"time":1.9333,"color":"ffffffd7"},{"time":2.1667,"color":"ffffff00"}]},"yb86":{"color":[{"color":"ffffff00","curve":"stepped"},{"time":2.1667,"color":"ffffff00"},{"time":2.2,"color":"ffffffff","curve":"stepped"},{"time":2.8333,"color":"ffffffff"},{"time":3.0667,"color":"ffffffd7"},{"time":3.2333,"color":"ffffff00"}]},"yb101":{"color":[{"color":"ffffff00","curve":"stepped"},{"time":2.6,"color":"ffffff00"},{"time":2.6333,"color":"ffffffff","curve":"stepped"},{"time":3.2333,"color":"ffffffff"},{"time":3.4667,"color":"ffffff87"},{"time":3.6667,"color":"ffffff00"}]},"yb25":{"color":[{"color":"ffffff00","curve":"stepped"},{"time":0.6667,"color":"ffffff00"},{"time":0.7,"color":"ffffffff","curve":"stepped"},{"time":1.3,"color":"ffffffff"},{"time":1.5,"color":"ffffff87"},{"time":1.7333,"color":"ffffff00"}]},"yb20":{"color":[{"color":"ffffff00","curve":"stepped"},{"time":0.4333,"color":"ffffff00"},{"time":0.4667,"color":"ffffffff","curve":"stepped"},{"time":1.0667,"color":"ffffffff"},{"time":1.3,"color":"ffffffd7"},{"time":1.5,"color":"ffffff00"}]},"yb9":{"color":[{"color":"ffffff00","curve":"stepped"},{"time":0.2333,"color":"ffffff00"},{"time":0.2667,"color":"ffffffff","curve":"stepped"},{"time":0.8667,"color":"ffffffff"},{"time":1.0667,"color":"ffffff87"},{"time":1.3,"color":"ffffff00"}]},"yb30":{"color":[{"color":"ffffff00","curve":"stepped"},{"time":0.6667,"color":"ffffff00"},{"time":0.7,"color":"ffffffff","curve":"stepped"},{"time":1.3,"color":"ffffffff"},{"time":1.5,"color":"ffffffd7"},{"time":1.7333,"color":"ffffff00"}]},"yb16":{"color":[{"color":"ffffff00","curve":"stepped"},{"time":0.2333,"color":"ffffff00"},{"time":0.2667,"color":"ffffffff","curve":"stepped"},{"time":0.8667,"color":"ffffffff"},{"time":1.0667,"color":"ffffff87"},{"time":1.3,"color":"ffffff00"}]},"yb99":{"color":[{"color":"ffffff00","curve":"stepped"},{"time":2.6,"color":"ffffff00"},{"time":2.6333,"color":"ffffffff","curve":"stepped"},{"time":3.2333,"color":"ffffffff"},{"time":3.4667,"color":"ffffff87"},{"time":3.6667,"color":"ffffff00"}]},"yb43":{"color":[{"color":"ffffff00","curve":"stepped"},{"time":1.0667,"color":"ffffff00"},{"time":1.1333,"color":"ffffffff","curve":"stepped"},{"time":1.7333,"color":"ffffffff"},{"time":1.9333,"color":"ffffff87"},{"time":2.1667,"color":"ffffff00"}]},"yb42":{"color":[{"color":"ffffff00","curve":"stepped"},{"time":1.0667,"color":"ffffff00"},{"time":1.1333,"color":"ffffffff","curve":"stepped"},{"time":1.7333,"color":"ffffffff"},{"time":1.9333,"color":"ffffffd7"},{"time":2.1667,"color":"ffffff00"}]},"yb68":{"color":[{"color":"ffffff00","curve":"stepped"},{"time":1.7333,"color":"ffffff00"},{"time":1.7667,"color":"ffffffff","curve":"stepped"},{"time":2.4,"color":"ffffffff"},{"time":2.6,"color":"ffffffd7"},{"time":2.8333,"color":"ffffff00"}]},"yb56":{"color":[{"color":"ffffff00","curve":"stepped"},{"time":1.3,"color":"ffffff00"},{"time":1.3667,"color":"ffffffff","curve":"stepped"},{"time":1.9333,"color":"ffffffff"},{"time":2.1667,"color":"ffffff87"},{"time":2.4,"color":"ffffff00"}]},"yb27":{"color":[{"color":"ffffff00","curve":"stepped"},{"time":0.6667,"color":"ffffff00"},{"time":0.7,"color":"ffffffff","curve":"stepped"},{"time":1.3,"color":"ffffffff"},{"time":1.5,"color":"ffffff87"},{"time":1.7333,"color":"ffffff00"}]},"yb5":{"color":[{"color":"ffffff00"},{"time":0.0333,"color":"ffffffff","curve":"stepped"},{"time":0.6667,"color":"ffffffff"},{"time":0.8667,"color":"ffffff87"},{"time":1.0667,"color":"ffffff00"}]},"yb87":{"color":[{"color":"ffffff00","curve":"stepped"},{"time":2.1667,"color":"ffffff00"},{"time":2.2,"color":"ffffffff","curve":"stepped"},{"time":2.8333,"color":"ffffffff"},{"time":3.0667,"color":"ffffffd7"},{"time":3.2333,"color":"ffffff00"}]},"yb12":{"color":[{"color":"ffffff00","curve":"stepped"},{"time":0.2333,"color":"ffffff00"},{"time":0.2667,"color":"ffffffff","curve":"stepped"},{"time":0.8667,"color":"ffffffff"},{"time":1.0667,"color":"ffffffd7"},{"time":1.3,"color":"ffffff00"}]},"yb2":{"color":[{"color":"ffffff00"},{"time":0.0333,"color":"ffffffff","curve":"stepped"},{"time":0.6667,"color":"ffffffff"},{"time":0.8667,"color":"ffffffd7"},{"time":1.0667,"color":"ffffff00"}]},"yb54":{"color":[{"color":"ffffff00","curve":"stepped"},{"time":1.3,"color":"ffffff00"},{"time":1.3667,"color":"ffffffff","curve":"stepped"},{"time":1.9333,"color":"ffffffff"},{"time":2.1667,"color":"ffffffd7"},{"time":2.4,"color":"ffffff00"}]},"yb64":{"color":[{"color":"ffffff00","curve":"stepped"},{"time":1.5,"color":"ffffff00"},{"time":1.5333,"color":"ffffffff","curve":"stepped"},{"time":2.1667,"color":"ffffffff"},{"time":2.4,"color":"ffffff87"},{"time":2.6,"color":"ffffff00"}]},"yb58":{"color":[{"color":"ffffff00","curve":"stepped"},{"time":1.5,"color":"ffffff00"},{"time":1.5333,"color":"ffffffff","curve":"stepped"},{"time":2.1667,"color":"ffffffff"},{"time":2.4,"color":"ffffffd7"},{"time":2.6,"color":"ffffff00"}]},"yb72":{"color":[{"color":"ffffff00","curve":"stepped"},{"time":1.7333,"color":"ffffff00"},{"time":1.7667,"color":"ffffffff","curve":"stepped"},{"time":2.4,"color":"ffffffff"},{"time":2.6,"color":"ffffff87"},{"time":2.8333,"color":"ffffff00"}]},"yb89":{"color":[{"color":"ffffff00","curve":"stepped"},{"time":2.4,"color":"ffffff00"},{"time":2.4333,"color":"ffffffff","curve":"stepped"},{"time":3.0667,"color":"ffffffff"},{"time":3.2333,"color":"ffffff87"},{"time":3.4667,"color":"ffffff00"}]},"yb102":{"color":[{"color":"ffffff00","curve":"stepped"},{"time":2.6,"color":"ffffff00"},{"time":2.6333,"color":"ffffffff","curve":"stepped"},{"time":3.2333,"color":"ffffffff"},{"time":3.4667,"color":"ffffffd7"},{"time":3.6667,"color":"ffffff00"}]},"yb66":{"color":[{"color":"ffffff00","curve":"stepped"},{"time":1.7333,"color":"ffffff00"},{"time":1.7667,"color":"ffffffff","curve":"stepped"},{"time":2.4,"color":"ffffffff"},{"time":2.6,"color":"ffffffd7"},{"time":2.8333,"color":"ffffff00"}]},"yb49":{"color":[{"color":"ffffff00","curve":"stepped"},{"time":1.3,"color":"ffffff00"},{"time":1.3667,"color":"ffffffff","curve":"stepped"},{"time":1.9333,"color":"ffffffff"},{"time":2.1667,"color":"ffffff87"},{"time":2.4,"color":"ffffff00"}]},"yb95":{"color":[{"color":"ffffff00","curve":"stepped"},{"time":2.4,"color":"ffffff00"},{"time":2.4333,"color":"ffffffff","curve":"stepped"},{"time":3.0667,"color":"ffffffff"},{"time":3.2333,"color":"ffffffd7"},{"time":3.4667,"color":"ffffff00"}]},"yb38":{"color":[{"color":"ffffff00","curve":"stepped"},{"time":0.8667,"color":"ffffff00"},{"time":0.9333,"color":"ffffffff","curve":"stepped"},{"time":1.5,"color":"ffffffff"},{"time":1.7333,"color":"ffffffd7"},{"time":1.9333,"color":"ffffff00"}]},"yb55":{"color":[{"color":"ffffff00","curve":"stepped"},{"time":1.3,"color":"ffffff00"},{"time":1.3667,"color":"ffffffff","curve":"stepped"},{"time":1.9333,"color":"ffffffff"},{"time":2.1667,"color":"ffffffd7"},{"time":2.4,"color":"ffffff00"}]},"yb78":{"color":[{"color":"ffffff00","curve":"stepped"},{"time":1.9333,"color":"ffffff00"},{"time":2,"color":"ffffffff","curve":"stepped"},{"time":2.6,"color":"ffffffff"},{"time":2.8333,"color":"ffffffd7"},{"time":3.0667,"color":"ffffff00"}]},"yb71":{"color":[{"color":"ffffff00","curve":"stepped"},{"time":1.7333,"color":"ffffff00"},{"time":1.7667,"color":"ffffffff","curve":"stepped"},{"time":2.4,"color":"ffffffff"},{"time":2.6,"color":"ffffffd7"},{"time":2.8333,"color":"ffffff00"}]},"yb53":{"color":[{"color":"ffffff00","curve":"stepped"},{"time":1.3,"color":"ffffff00"},{"time":1.3667,"color":"ffffffff","curve":"stepped"},{"time":1.9333,"color":"ffffffff"},{"time":2.1667,"color":"ffffff87"},{"time":2.4,"color":"ffffff00"}]},"yb69":{"color":[{"color":"ffffff00","curve":"stepped"},{"time":1.7333,"color":"ffffff00"},{"time":1.7667,"color":"ffffffff","curve":"stepped"},{"time":2.4,"color":"ffffffff"},{"time":2.6,"color":"ffffff87"},{"time":2.8333,"color":"ffffff00"}]},"yb97":{"color":[{"color":"ffffff00","curve":"stepped"},{"time":2.6,"color":"ffffff00"},{"time":2.6333,"color":"ffffffff","curve":"stepped"},{"time":3.2333,"color":"ffffffff"},{"time":3.4667,"color":"ffffff87"},{"time":3.6667,"color":"ffffff00"}]},"yb31":{"color":[{"color":"ffffff00","curve":"stepped"},{"time":0.6667,"color":"ffffff00"},{"time":0.7,"color":"ffffffff","curve":"stepped"},{"time":1.3,"color":"ffffffff"},{"time":1.5,"color":"ffffffd7"},{"time":1.7333,"color":"ffffff00"}]},"yb19":{"color":[{"color":"ffffff00","curve":"stepped"},{"time":0.4333,"color":"ffffff00"},{"time":0.4667,"color":"ffffffff","curve":"stepped"},{"time":1.0667,"color":"ffffffff"},{"time":1.3,"color":"ffffff87"},{"time":1.5,"color":"ffffff00"}]},"yb7":{"color":[{"color":"ffffff00"},{"time":0.0333,"color":"ffffffff","curve":"stepped"},{"time":0.6667,"color":"ffffffff"},{"time":0.8667,"color":"ffffffd7"},{"time":1.0667,"color":"ffffff00"}]},"yb4":{"color":[{"color":"ffffff00"},{"time":0.0333,"color":"ffffffff","curve":"stepped"},{"time":0.6667,"color":"ffffffff"},{"time":0.8667,"color":"ffffffd7"},{"time":1.0667,"color":"ffffff00"}]},"yb39":{"color":[{"color":"ffffff00","curve":"stepped"},{"time":0.8667,"color":"ffffff00"},{"time":0.9333,"color":"ffffffff","curve":"stepped"},{"time":1.5,"color":"ffffffff"},{"time":1.7333,"color":"ffffffd7"},{"time":1.9333,"color":"ffffff00"}]},"yb35":{"color":[{"color":"ffffff00","curve":"stepped"},{"time":0.8667,"color":"ffffff00"},{"time":0.9333,"color":"ffffffff","curve":"stepped"},{"time":1.5,"color":"ffffffff"},{"time":1.7333,"color":"ffffff87"},{"time":1.9333,"color":"ffffff00"}]},"yb103":{"color":[{"color":"ffffff00","curve":"stepped"},{"time":2.6,"color":"ffffff00"},{"time":2.6333,"color":"ffffffff","curve":"stepped"},{"time":3.2333,"color":"ffffffff"},{"time":3.4667,"color":"ffffffd7"},{"time":3.6667,"color":"ffffff00"}]},"yb84":{"color":[{"color":"ffffff00","curve":"stepped"},{"time":2.1667,"color":"ffffff00"},{"time":2.2,"color":"ffffffff","curve":"stepped"},{"time":2.8333,"color":"ffffffff"},{"time":3.0667,"color":"ffffffd7"},{"time":3.2333,"color":"ffffff00"}]},"yb98":{"color":[{"color":"ffffff00","curve":"stepped"},{"time":2.6,"color":"ffffff00"},{"time":2.6333,"color":"ffffffff","curve":"stepped"},{"time":3.2333,"color":"ffffffff"},{"time":3.4667,"color":"ffffffd7"},{"time":3.6667,"color":"ffffff00"}]},"yb41":{"color":[{"color":"ffffff00","curve":"stepped"},{"time":1.0667,"color":"ffffff00"},{"time":1.1333,"color":"ffffffff","curve":"stepped"},{"time":1.7333,"color":"ffffffff"},{"time":1.9333,"color":"ffffff87"},{"time":2.1667,"color":"ffffff00"}]},"yb":{"color":[{"color":"ffffff00"},{"time":0.0333,"color":"ffffffff","curve":"stepped"},{"time":0.6667,"color":"ffffffff"},{"time":0.8667,"color":"ffffff87"},{"time":1.0667,"color":"ffffff00"}]},"yb36":{"color":[{"color":"ffffff00","curve":"stepped"},{"time":0.8667,"color":"ffffff00"},{"time":0.9333,"color":"ffffffff","curve":"stepped"},{"time":1.5,"color":"ffffffff"},{"time":1.7333,"color":"ffffffd7"},{"time":1.9333,"color":"ffffff00"}]},"yb74":{"color":[{"color":"ffffff00","curve":"stepped"},{"time":1.9333,"color":"ffffff00"},{"time":2,"color":"ffffffff","curve":"stepped"},{"time":2.6,"color":"ffffffff"},{"time":2.8333,"color":"ffffffd7"},{"time":3.0667,"color":"ffffff00"}]},"yb18":{"color":[{"color":"ffffff00","curve":"stepped"},{"time":0.4333,"color":"ffffff00"},{"time":0.4667,"color":"ffffffff","curve":"stepped"},{"time":1.0667,"color":"ffffffff"},{"time":1.3,"color":"ffffffd7"},{"time":1.5,"color":"ffffff00"}]},"yb21":{"color":[{"color":"ffffff00","curve":"stepped"},{"time":0.4333,"color":"ffffff00"},{"time":0.4667,"color":"ffffffff","curve":"stepped"},{"time":1.0667,"color":"ffffffff"},{"time":1.3,"color":"ffffff87"},{"time":1.5,"color":"ffffff00"}]},"yb32":{"color":[{"color":"ffffff00","curve":"stepped"},{"time":0.6667,"color":"ffffff00"},{"time":0.7,"color":"ffffffff","curve":"stepped"},{"time":1.3,"color":"ffffffff"},{"time":1.5,"color":"ffffff87"},{"time":1.7333,"color":"ffffff00"}]},"yb22":{"color":[{"color":"ffffff00","curve":"stepped"},{"time":0.4333,"color":"ffffff00"},{"time":0.4667,"color":"ffffffff","curve":"stepped"},{"time":1.0667,"color":"ffffffff"},{"time":1.3,"color":"ffffffd7"},{"time":1.5,"color":"ffffff00"}]},"yb6":{"color":[{"color":"ffffff00"},{"time":0.0333,"color":"ffffffff","curve":"stepped"},{"time":0.6667,"color":"ffffffff"},{"time":0.8667,"color":"ffffffd7"},{"time":1.0667,"color":"ffffff00"}]},"yb104":{"color":[{"color":"ffffff00","curve":"stepped"},{"time":2.6,"color":"ffffff00"},{"time":2.6333,"color":"ffffffff","curve":"stepped"},{"time":3.2333,"color":"ffffffff"},{"time":3.4667,"color":"ffffff87"},{"time":3.6667,"color":"ffffff00"}]},"yb26":{"color":[{"color":"ffffff00","curve":"stepped"},{"time":0.6667,"color":"ffffff00"},{"time":0.7,"color":"ffffffff","curve":"stepped"},{"time":1.3,"color":"ffffffff"},{"time":1.5,"color":"ffffffd7"},{"time":1.7333,"color":"ffffff00"}]},"yb47":{"color":[{"color":"ffffff00","curve":"stepped"},{"time":1.0667,"color":"ffffff00"},{"time":1.1333,"color":"ffffffff","curve":"stepped"},{"time":1.7333,"color":"ffffffff"},{"time":1.9333,"color":"ffffffd7"},{"time":2.1667,"color":"ffffff00"}]},"yb29":{"color":[{"color":"ffffff00","curve":"stepped"},{"time":0.6667,"color":"ffffff00"},{"time":0.7,"color":"ffffffff","curve":"stepped"},{"time":1.3,"color":"ffffffff"},{"time":1.5,"color":"ffffff87"},{"time":1.7333,"color":"ffffff00"}]},"yb76":{"color":[{"color":"ffffff00","curve":"stepped"},{"time":1.9333,"color":"ffffff00"},{"time":2,"color":"ffffffff","curve":"stepped"},{"time":2.6,"color":"ffffffff"},{"time":2.8333,"color":"ffffffd7"},{"time":3.0667,"color":"ffffff00"}]},"yb80":{"color":[{"color":"ffffff00","curve":"stepped"},{"time":1.9333,"color":"ffffff00"},{"time":2,"color":"ffffffff","curve":"stepped"},{"time":2.6,"color":"ffffffff"},{"time":2.8333,"color":"ffffff87"},{"time":3.0667,"color":"ffffff00"}]},"yb46":{"color":[{"color":"ffffff00","curve":"stepped"},{"time":1.0667,"color":"ffffff00"},{"time":1.1333,"color":"ffffffff","curve":"stepped"},{"time":1.7333,"color":"ffffffff"},{"time":1.9333,"color":"ffffffd7"},{"time":2.1667,"color":"ffffff00"}]},"yb8":{"color":[{"color":"ffffff00"},{"time":0.0333,"color":"ffffffff","curve":"stepped"},{"time":0.6667,"color":"ffffffff"},{"time":0.8667,"color":"ffffff87"},{"time":1.0667,"color":"ffffff00"}]},"yb48":{"color":[{"color":"ffffff00","curve":"stepped"},{"time":1.0667,"color":"ffffff00"},{"time":1.1333,"color":"ffffffff","curve":"stepped"},{"time":1.7333,"color":"ffffffff"},{"time":1.9333,"color":"ffffff87"},{"time":2.1667,"color":"ffffff00"}]},"yb37":{"color":[{"color":"ffffff00","curve":"stepped"},{"time":0.8667,"color":"ffffff00"},{"time":0.9333,"color":"ffffffff","curve":"stepped"},{"time":1.5,"color":"ffffffff"},{"time":1.7333,"color":"ffffff87"},{"time":1.9333,"color":"ffffff00"}]},"yb45":{"color":[{"color":"ffffff00","curve":"stepped"},{"time":1.0667,"color":"ffffff00"},{"time":1.1333,"color":"ffffffff","curve":"stepped"},{"time":1.7333,"color":"ffffffff"},{"time":1.9333,"color":"ffffff87"},{"time":2.1667,"color":"ffffff00"}]},"yb85":{"color":[{"color":"ffffff00","curve":"stepped"},{"time":2.1667,"color":"ffffff00"},{"time":2.2,"color":"ffffffff","curve":"stepped"},{"time":2.8333,"color":"ffffffff"},{"time":3.0667,"color":"ffffff87"},{"time":3.2333,"color":"ffffff00"}]},"yb59":{"color":[{"color":"ffffff00","curve":"stepped"},{"time":1.5,"color":"ffffff00"},{"time":1.5333,"color":"ffffffff","curve":"stepped"},{"time":2.1667,"color":"ffffffff"},{"time":2.4,"color":"ffffff87"},{"time":2.6,"color":"ffffff00"}]},"yb73":{"color":[{"color":"ffffff00","curve":"stepped"},{"time":1.9333,"color":"ffffff00"},{"time":2,"color":"ffffffff","curve":"stepped"},{"time":2.6,"color":"ffffffff"},{"time":2.8333,"color":"ffffff87"},{"time":3.0667,"color":"ffffff00"}]},"yb15":{"color":[{"color":"ffffff00","curve":"stepped"},{"time":0.2333,"color":"ffffff00"},{"time":0.2667,"color":"ffffffff","curve":"stepped"},{"time":0.8667,"color":"ffffffff"},{"time":1.0667,"color":"ffffffd7"},{"time":1.3,"color":"ffffff00"}]},"yb40":{"color":[{"color":"ffffff00","curve":"stepped"},{"time":0.8667,"color":"ffffff00"},{"time":0.9333,"color":"ffffffff","curve":"stepped"},{"time":1.5,"color":"ffffffff"},{"time":1.7333,"color":"ffffff87"},{"time":1.9333,"color":"ffffff00"}]},"yb83":{"color":[{"color":"ffffff00","curve":"stepped"},{"time":2.1667,"color":"ffffff00"},{"time":2.2,"color":"ffffffff","curve":"stepped"},{"time":2.8333,"color":"ffffffff"},{"time":3.0667,"color":"ffffff87"},{"time":3.2333,"color":"ffffff00"}]},"yb65":{"color":[{"color":"ffffff00","curve":"stepped"},{"time":1.7333,"color":"ffffff00"},{"time":1.7667,"color":"ffffffff","curve":"stepped"},{"time":2.4,"color":"ffffffff"},{"time":2.6,"color":"ffffff87"},{"time":2.8333,"color":"ffffff00"}]},"yb88":{"color":[{"color":"ffffff00","curve":"stepped"},{"time":2.1667,"color":"ffffff00"},{"time":2.2,"color":"ffffffff","curve":"stepped"},{"time":2.8333,"color":"ffffffff"},{"time":3.0667,"color":"ffffff87"},{"time":3.2333,"color":"ffffff00"}]},"yb62":{"color":[{"color":"ffffff00","curve":"stepped"},{"time":1.5,"color":"ffffff00"},{"time":1.5333,"color":"ffffffff","curve":"stepped"},{"time":2.1667,"color":"ffffffff"},{"time":2.4,"color":"ffffffd7"},{"time":2.6,"color":"ffffff00"}]},"yb10":{"color":[{"color":"ffffff00","curve":"stepped"},{"time":0.2333,"color":"ffffff00"},{"time":0.2667,"color":"ffffffff","curve":"stepped"},{"time":0.8667,"color":"ffffffff"},{"time":1.0667,"color":"ffffffd7"},{"time":1.3,"color":"ffffff00"}]},"yb60":{"color":[{"color":"ffffff00","curve":"stepped"},{"time":1.5,"color":"ffffff00"},{"time":1.5333,"color":"ffffffff","curve":"stepped"},{"time":2.1667,"color":"ffffffff"},{"time":2.4,"color":"ffffffd7"},{"time":2.6,"color":"ffffff00"}]},"yb11":{"color":[{"color":"ffffff00","curve":"stepped"},{"time":0.2333,"color":"ffffff00"},{"time":0.2667,"color":"ffffffff","curve":"stepped"},{"time":0.8667,"color":"ffffffff"},{"time":1.0667,"color":"ffffff87"},{"time":1.3,"color":"ffffff00"}]},"yb94":{"color":[{"color":"ffffff00","curve":"stepped"},{"time":2.4,"color":"ffffff00"},{"time":2.4333,"color":"ffffffff","curve":"stepped"},{"time":3.0667,"color":"ffffffff"},{"time":3.2333,"color":"ffffffd7"},{"time":3.4667,"color":"ffffff00"}]},"yb93":{"color":[{"color":"ffffff00","curve":"stepped"},{"time":2.4,"color":"ffffff00"},{"time":2.4333,"color":"ffffffff","curve":"stepped"},{"time":3.0667,"color":"ffffffff"},{"time":3.2333,"color":"ffffff87"},{"time":3.4667,"color":"ffffff00"}]},"yb24":{"color":[{"color":"ffffff00","curve":"stepped"},{"time":0.4333,"color":"ffffff00"},{"time":0.4667,"color":"ffffffff","curve":"stepped"},{"time":1.0667,"color":"ffffffff"},{"time":1.3,"color":"ffffff87"},{"time":1.5,"color":"ffffff00"}]},"yb34":{"color":[{"color":"ffffff00","curve":"stepped"},{"time":0.8667,"color":"ffffff00"},{"time":0.9333,"color":"ffffffff","curve":"stepped"},{"time":1.5,"color":"ffffffff"},{"time":1.7333,"color":"ffffffd7"},{"time":1.9333,"color":"ffffff00"}]},"yb96":{"color":[{"color":"ffffff00","curve":"stepped"},{"time":2.4,"color":"ffffff00"},{"time":2.4333,"color":"ffffffff","curve":"stepped"},{"time":3.0667,"color":"ffffffff"},{"time":3.2333,"color":"ffffff87"},{"time":3.4667,"color":"ffffff00"}]},"yb52":{"color":[{"color":"ffffff00","curve":"stepped"},{"time":1.3,"color":"ffffff00"},{"time":1.3667,"color":"ffffffff","curve":"stepped"},{"time":1.9333,"color":"ffffffff"},{"time":2.1667,"color":"ffffffd7"},{"time":2.4,"color":"ffffff00"}]},"yb82":{"color":[{"color":"ffffff00","curve":"stepped"},{"time":2.1667,"color":"ffffff00"},{"time":2.2,"color":"ffffffff","curve":"stepped"},{"time":2.8333,"color":"ffffffff"},{"time":3.0667,"color":"ffffffd7"},{"time":3.2333,"color":"ffffff00"}]},"yb100":{"color":[{"color":"ffffff00","curve":"stepped"},{"time":2.6,"color":"ffffff00"},{"time":2.6333,"color":"ffffffff","curve":"stepped"},{"time":3.2333,"color":"ffffffff"},{"time":3.4667,"color":"ffffffd7"},{"time":3.6667,"color":"ffffff00"}]},"yb61":{"color":[{"color":"ffffff00","curve":"stepped"},{"time":1.5,"color":"ffffff00"},{"time":1.5333,"color":"ffffffff","curve":"stepped"},{"time":2.1667,"color":"ffffffff"},{"time":2.4,"color":"ffffff87"},{"time":2.6,"color":"ffffff00"}]},"yb77":{"color":[{"color":"ffffff00","curve":"stepped"},{"time":1.9333,"color":"ffffff00"},{"time":2,"color":"ffffffff","curve":"stepped"},{"time":2.6,"color":"ffffffff"},{"time":2.8333,"color":"ffffff87"},{"time":3.0667,"color":"ffffff00"}]},"yb92":{"color":[{"color":"ffffff00","curve":"stepped"},{"time":2.4,"color":"ffffff00"},{"time":2.4333,"color":"ffffffff","curve":"stepped"},{"time":3.0667,"color":"ffffffff"},{"time":3.2333,"color":"ffffffd7"},{"time":3.4667,"color":"ffffff00"}]},"yb13":{"color":[{"color":"ffffff00","curve":"stepped"},{"time":0.2333,"color":"ffffff00"},{"time":0.2667,"color":"ffffffff","curve":"stepped"},{"time":0.8667,"color":"ffffffff"},{"time":1.0667,"color":"ffffff87"},{"time":1.3,"color":"ffffff00"}]},"yb28":{"color":[{"color":"ffffff00","curve":"stepped"},{"time":0.6667,"color":"ffffff00"},{"time":0.7,"color":"ffffffff","curve":"stepped"},{"time":1.3,"color":"ffffffff"},{"time":1.5,"color":"ffffffd7"},{"time":1.7333,"color":"ffffff00"}]},"yb75":{"color":[{"color":"ffffff00","curve":"stepped"},{"time":1.9333,"color":"ffffff00"},{"time":2,"color":"ffffffff","curve":"stepped"},{"time":2.6,"color":"ffffffff"},{"time":2.8333,"color":"ffffff87"},{"time":3.0667,"color":"ffffff00"}]},"yb63":{"color":[{"color":"ffffff00","curve":"stepped"},{"time":1.5,"color":"ffffff00"},{"time":1.5333,"color":"ffffffff","curve":"stepped"},{"time":2.1667,"color":"ffffffff"},{"time":2.4,"color":"ffffffd7"},{"time":2.6,"color":"ffffff00"}]},"yb14":{"color":[{"color":"ffffff00","curve":"stepped"},{"time":0.2333,"color":"ffffff00"},{"time":0.2667,"color":"ffffffff","curve":"stepped"},{"time":0.8667,"color":"ffffffff"},{"time":1.0667,"color":"ffffffd7"},{"time":1.3,"color":"ffffff00"}]},"yb17":{"color":[{"color":"ffffff00","curve":"stepped"},{"time":0.4333,"color":"ffffff00"},{"time":0.4667,"color":"ffffffff","curve":"stepped"},{"time":1.0667,"color":"ffffffff"},{"time":1.3,"color":"ffffff87"},{"time":1.5,"color":"ffffff00"}]},"yb91":{"color":[{"color":"ffffff00","curve":"stepped"},{"time":2.4,"color":"ffffff00"},{"time":2.4333,"color":"ffffffff","curve":"stepped"},{"time":3.0667,"color":"ffffffff"},{"time":3.2333,"color":"ffffff87"},{"time":3.4667,"color":"ffffff00"}]}},"bones":{"yb8":{"translate":[{},{"time":1.0667,"x":-96.93,"y":581.7}],"scale":[{},{"time":1.0667,"x":1.445,"y":1.445}]},"yb7":{"translate":[{},{"time":1.0667,"x":143.2,"y":531.03}],"scale":[{},{"time":1.0667,"x":1.445,"y":1.445}]},"yb6":{"translate":[{},{"time":1.0667,"x":74.9,"y":398.86}],"scale":[{},{"time":1.0667,"x":1.445,"y":1.445}]},"yb5":{"translate":[{},{"time":1.0667,"x":-28.64,"y":471.55}],"scale":[{},{"time":1.0667,"x":1.445,"y":1.445}]},"yb4":{"translate":[{},{"time":1.0667,"x":70.5,"y":513}],"scale":[{},{"time":1.0667,"x":1.445,"y":1.445}]},"yb3":{"translate":[{},{"time":1.0667,"x":203.14,"y":485.82}],"scale":[{},{"time":1.0667,"x":1.445,"y":1.445}]},"yb2":{"translate":[{},{"time":1.0667,"x":-110.91,"y":364.2}],"scale":[{},{"time":1.0667,"x":1.445,"y":1.445}]},"yb":{"translate":[{},{"time":1.0667,"y":370.22}],"scale":[{},{"time":1.0667,"x":1.445,"y":1.445}]},"yb9":{"translate":[{"time":0.2333},{"time":1.3,"y":370.22}],"scale":[{"time":0.2333},{"time":1.3,"x":1.445,"y":1.445}]},"yb10":{"translate":[{"time":0.2333},{"time":1.3,"x":-110.91,"y":364.2}],"scale":[{"time":0.2333},{"time":1.3,"x":1.445,"y":1.445}]},"yb11":{"translate":[{"time":0.2333},{"time":1.3,"x":203.14,"y":485.82}],"scale":[{"time":0.2333},{"time":1.3,"x":1.445,"y":1.445}]},"yb12":{"translate":[{"time":0.2333},{"time":1.3,"x":70.5,"y":513}],"scale":[{"time":0.2333},{"time":1.3,"x":1.445,"y":1.445}]},"yb13":{"translate":[{"time":0.2333},{"time":1.3,"x":-28.64,"y":471.55}],"scale":[{"time":0.2333},{"time":1.3,"x":1.445,"y":1.445}]},"yb14":{"translate":[{"time":0.2333},{"time":1.3,"x":74.9,"y":398.86}],"scale":[{"time":0.2333},{"time":1.3,"x":1.445,"y":1.445}]},"yb15":{"translate":[{"time":0.2333},{"time":1.3,"x":143.2,"y":531.03}],"scale":[{"time":0.2333},{"time":1.3,"x":1.445,"y":1.445}]},"yb16":{"translate":[{"time":0.2333},{"time":1.3,"x":-96.93,"y":581.7}],"scale":[{"time":0.2333},{"time":1.3,"x":1.445,"y":1.445}]},"yb17":{"translate":[{"time":0.4333},{"time":1.5,"y":370.22}],"scale":[{"time":0.4333},{"time":1.5,"x":1.445,"y":1.445}]},"yb18":{"translate":[{"time":0.4333},{"time":1.5,"x":-110.91,"y":364.2}],"scale":[{"time":0.4333},{"time":1.5,"x":1.445,"y":1.445}]},"yb19":{"translate":[{"time":0.4333},{"time":1.5,"x":203.14,"y":485.82}],"scale":[{"time":0.4333},{"time":1.5,"x":1.445,"y":1.445}]},"yb20":{"translate":[{"time":0.4333},{"time":1.5,"x":70.5,"y":513}],"scale":[{"time":0.4333},{"time":1.5,"x":1.445,"y":1.445}]},"yb21":{"translate":[{"time":0.4333},{"time":1.5,"x":-28.64,"y":471.55}],"scale":[{"time":0.4333},{"time":1.5,"x":1.445,"y":1.445}]},"yb22":{"translate":[{"time":0.4333},{"time":1.5,"x":74.9,"y":398.86}],"scale":[{"time":0.4333},{"time":1.5,"x":1.445,"y":1.445}]},"yb23":{"translate":[{"time":0.4333},{"time":1.5,"x":143.2,"y":531.03}],"scale":[{"time":0.4333},{"time":1.5,"x":1.445,"y":1.445}]},"yb24":{"translate":[{"time":0.4333},{"time":1.5,"x":-96.93,"y":581.7}],"scale":[{"time":0.4333},{"time":1.5,"x":1.445,"y":1.445}]},"yb25":{"translate":[{"time":0.6667},{"time":1.7333,"y":370.22}],"scale":[{"time":0.6667},{"time":1.7333,"x":1.445,"y":1.445}]},"yb26":{"translate":[{"time":0.6667},{"time":1.7333,"x":-110.91,"y":364.2}],"scale":[{"time":0.6667},{"time":1.7333,"x":1.445,"y":1.445}]},"yb27":{"translate":[{"time":0.6667},{"time":1.7333,"x":203.14,"y":485.82}],"scale":[{"time":0.6667},{"time":1.7333,"x":1.445,"y":1.445}]},"yb28":{"translate":[{"time":0.6667},{"time":1.7333,"x":70.5,"y":513}],"scale":[{"time":0.6667},{"time":1.7333,"x":1.445,"y":1.445}]},"yb29":{"translate":[{"time":0.6667},{"time":1.7333,"x":-28.64,"y":471.55}],"scale":[{"time":0.6667},{"time":1.7333,"x":1.445,"y":1.445}]},"yb30":{"translate":[{"time":0.6667},{"time":1.7333,"x":74.9,"y":398.86}],"scale":[{"time":0.6667},{"time":1.7333,"x":1.445,"y":1.445}]},"yb31":{"translate":[{"time":0.6667},{"time":1.7333,"x":143.2,"y":531.03}],"scale":[{"time":0.6667},{"time":1.7333,"x":1.445,"y":1.445}]},"yb32":{"translate":[{"time":0.6667},{"time":1.7333,"x":-96.93,"y":581.7}],"scale":[{"time":0.6667},{"time":1.7333,"x":1.445,"y":1.445}]},"yb33":{"translate":[{"time":0.8667},{"time":1.9333,"y":370.22}],"scale":[{"time":0.8667},{"time":1.9333,"x":1.445,"y":1.445}]},"yb34":{"translate":[{"time":0.8667},{"time":1.9333,"x":-110.91,"y":364.2}],"scale":[{"time":0.8667},{"time":1.9333,"x":1.445,"y":1.445}]},"yb35":{"translate":[{"time":0.8667},{"time":1.9333,"x":203.14,"y":485.82}],"scale":[{"time":0.8667},{"time":1.9333,"x":1.445,"y":1.445}]},"yb36":{"translate":[{"time":0.8667},{"time":1.9333,"x":70.5,"y":513}],"scale":[{"time":0.8667},{"time":1.9333,"x":1.445,"y":1.445}]},"yb37":{"translate":[{"time":0.8667},{"time":1.9333,"x":-28.64,"y":471.55}],"scale":[{"time":0.8667},{"time":1.9333,"x":1.445,"y":1.445}]},"yb38":{"translate":[{"time":0.8667},{"time":1.9333,"x":74.9,"y":398.86}],"scale":[{"time":0.8667},{"time":1.9333,"x":1.445,"y":1.445}]},"yb39":{"translate":[{"time":0.8667},{"time":1.9333,"x":143.2,"y":531.03}],"scale":[{"time":0.8667},{"time":1.9333,"x":1.445,"y":1.445}]},"yb40":{"translate":[{"time":0.8667},{"time":1.9333,"x":-96.93,"y":581.7}],"scale":[{"time":0.8667},{"time":1.9333,"x":1.445,"y":1.445}]},"yb41":{"translate":[{"time":1.0667},{"time":2.1667,"y":370.22}],"scale":[{"time":1.0667},{"time":2.1667,"x":1.445,"y":1.445}]},"yb42":{"translate":[{"time":1.0667},{"time":2.1667,"x":-110.91,"y":364.2}],"scale":[{"time":1.0667},{"time":2.1667,"x":1.445,"y":1.445}]},"yb43":{"translate":[{"time":1.0667},{"time":2.1667,"x":203.14,"y":485.82}],"scale":[{"time":1.0667},{"time":2.1667,"x":1.445,"y":1.445}]},"yb44":{"translate":[{"time":1.0667},{"time":2.1667,"x":70.5,"y":513}],"scale":[{"time":1.0667},{"time":2.1667,"x":1.445,"y":1.445}]},"yb45":{"translate":[{"time":1.0667},{"time":2.1667,"x":-28.64,"y":471.55}],"scale":[{"time":1.0667},{"time":2.1667,"x":1.445,"y":1.445}]},"yb46":{"translate":[{"time":1.0667},{"time":2.1667,"x":74.9,"y":398.86}],"scale":[{"time":1.0667},{"time":2.1667,"x":1.445,"y":1.445}]},"yb47":{"translate":[{"time":1.0667},{"time":2.1667,"x":143.2,"y":531.03}],"scale":[{"time":1.0667},{"time":2.1667,"x":1.445,"y":1.445}]},"yb48":{"translate":[{"time":1.0667},{"time":2.1667,"x":-96.93,"y":581.7}],"scale":[{"time":1.0667},{"time":2.1667,"x":1.445,"y":1.445}]},"yb49":{"translate":[{"time":1.3},{"time":2.4,"y":370.22}],"scale":[{"time":1.3},{"time":2.4,"x":1.445,"y":1.445}]},"yb50":{"translate":[{"time":1.3},{"time":2.4,"x":-110.91,"y":364.2}],"scale":[{"time":1.3},{"time":2.4,"x":1.445,"y":1.445}]},"yb51":{"translate":[{"time":1.3},{"time":2.4,"x":203.14,"y":485.82}],"scale":[{"time":1.3},{"time":2.4,"x":1.445,"y":1.445}]},"yb52":{"translate":[{"time":1.3},{"time":2.4,"x":70.5,"y":513}],"scale":[{"time":1.3},{"time":2.4,"x":1.445,"y":1.445}]},"yb53":{"translate":[{"time":1.3},{"time":2.4,"x":-28.64,"y":471.55}],"scale":[{"time":1.3},{"time":2.4,"x":1.445,"y":1.445}]},"yb54":{"translate":[{"time":1.3},{"time":2.4,"x":74.9,"y":398.86}],"scale":[{"time":1.3},{"time":2.4,"x":1.445,"y":1.445}]},"yb55":{"translate":[{"time":1.3},{"time":2.4,"x":143.2,"y":531.03}],"scale":[{"time":1.3},{"time":2.4,"x":1.445,"y":1.445}]},"yb56":{"translate":[{"time":1.3},{"time":2.4,"x":-96.93,"y":581.7}],"scale":[{"time":1.3},{"time":2.4,"x":1.445,"y":1.445}]},"yb57":{"translate":[{"time":1.5},{"time":2.6,"y":370.22}],"scale":[{"time":1.5},{"time":2.6,"x":1.445,"y":1.445}]},"yb58":{"translate":[{"time":1.5},{"time":2.6,"x":-110.91,"y":364.2}],"scale":[{"time":1.5},{"time":2.6,"x":1.445,"y":1.445}]},"yb59":{"translate":[{"time":1.5},{"time":2.6,"x":203.14,"y":485.82}],"scale":[{"time":1.5},{"time":2.6,"x":1.445,"y":1.445}]},"yb60":{"translate":[{"time":1.5},{"time":2.6,"x":70.5,"y":513}],"scale":[{"time":1.5},{"time":2.6,"x":1.445,"y":1.445}]},"yb61":{"translate":[{"time":1.5},{"time":2.6,"x":-28.64,"y":471.55}],"scale":[{"time":1.5},{"time":2.6,"x":1.445,"y":1.445}]},"yb62":{"translate":[{"time":1.5},{"time":2.6,"x":74.9,"y":398.86}],"scale":[{"time":1.5},{"time":2.6,"x":1.445,"y":1.445}]},"yb63":{"translate":[{"time":1.5},{"time":2.6,"x":143.2,"y":531.03}],"scale":[{"time":1.5},{"time":2.6,"x":1.445,"y":1.445}]},"yb64":{"translate":[{"time":1.5},{"time":2.6,"x":-96.93,"y":581.7}],"scale":[{"time":1.5},{"time":2.6,"x":1.445,"y":1.445}]},"yb65":{"translate":[{"time":1.7333},{"time":2.8333,"y":370.22}],"scale":[{"time":1.7333},{"time":2.8333,"x":1.445,"y":1.445}]},"yb66":{"translate":[{"time":1.7333},{"time":2.8333,"x":-110.91,"y":364.2}],"scale":[{"time":1.7333},{"time":2.8333,"x":1.445,"y":1.445}]},"yb67":{"translate":[{"time":1.7333},{"time":2.8333,"x":203.14,"y":485.82}],"scale":[{"time":1.7333},{"time":2.8333,"x":1.445,"y":1.445}]},"yb68":{"translate":[{"time":1.7333},{"time":2.8333,"x":70.5,"y":513}],"scale":[{"time":1.7333},{"time":2.8333,"x":1.445,"y":1.445}]},"yb69":{"translate":[{"time":1.7333},{"time":2.8333,"x":-28.64,"y":471.55}],"scale":[{"time":1.7333},{"time":2.8333,"x":1.445,"y":1.445}]},"yb70":{"translate":[{"time":1.7333},{"time":2.8333,"x":74.9,"y":398.86}],"scale":[{"time":1.7333},{"time":2.8333,"x":1.445,"y":1.445}]},"yb71":{"translate":[{"time":1.7333},{"time":2.8333,"x":143.2,"y":531.03}],"scale":[{"time":1.7333},{"time":2.8333,"x":1.445,"y":1.445}]},"yb72":{"translate":[{"time":1.7333},{"time":2.8333,"x":-96.93,"y":581.7}],"scale":[{"time":1.7333},{"time":2.8333,"x":1.445,"y":1.445}]},"yb73":{"translate":[{"time":1.9333},{"time":3.0667,"y":370.22}],"scale":[{"time":1.9333},{"time":3.0667,"x":1.445,"y":1.445}]},"yb74":{"translate":[{"time":1.9333},{"time":3.0667,"x":-110.91,"y":364.2}],"scale":[{"time":1.9333},{"time":3.0667,"x":1.445,"y":1.445}]},"yb75":{"translate":[{"time":1.9333},{"time":3.0667,"x":203.14,"y":485.82}],"scale":[{"time":1.9333},{"time":3.0667,"x":1.445,"y":1.445}]},"yb76":{"translate":[{"time":1.9333},{"time":3.0667,"x":70.5,"y":513}],"scale":[{"time":1.9333},{"time":3.0667,"x":1.445,"y":1.445}]},"yb77":{"translate":[{"time":1.9333},{"time":3.0667,"x":-28.64,"y":471.55}],"scale":[{"time":1.9333},{"time":3.0667,"x":1.445,"y":1.445}]},"yb78":{"translate":[{"time":1.9333},{"time":3.0667,"x":74.9,"y":398.86}],"scale":[{"time":1.9333},{"time":3.0667,"x":1.445,"y":1.445}]},"yb79":{"translate":[{"time":1.9333},{"time":3.0667,"x":143.2,"y":531.03}],"scale":[{"time":1.9333},{"time":3.0667,"x":1.445,"y":1.445}]},"yb80":{"translate":[{"time":1.9333},{"time":3.0667,"x":-96.93,"y":581.7}],"scale":[{"time":1.9333},{"time":3.0667,"x":1.445,"y":1.445}]},"yb81":{"translate":[{"time":2.1667},{"time":3.2333,"y":370.22}],"scale":[{"time":2.1667},{"time":3.2333,"x":1.445,"y":1.445}]},"yb82":{"translate":[{"time":2.1667},{"time":3.2333,"x":-110.91,"y":364.2}],"scale":[{"time":2.1667},{"time":3.2333,"x":1.445,"y":1.445}]},"yb83":{"translate":[{"time":2.1667},{"time":3.2333,"x":203.14,"y":485.82}],"scale":[{"time":2.1667},{"time":3.2333,"x":1.445,"y":1.445}]},"yb84":{"translate":[{"time":2.1667},{"time":3.2333,"x":70.5,"y":513}],"scale":[{"time":2.1667},{"time":3.2333,"x":1.445,"y":1.445}]},"yb85":{"translate":[{"time":2.1667},{"time":3.2333,"x":-28.64,"y":471.55}],"scale":[{"time":2.1667},{"time":3.2333,"x":1.445,"y":1.445}]},"yb86":{"translate":[{"time":2.1667},{"time":3.2333,"x":74.9,"y":398.86}],"scale":[{"time":2.1667},{"time":3.2333,"x":1.445,"y":1.445}]},"yb87":{"translate":[{"time":2.1667},{"time":3.2333,"x":143.2,"y":531.03}],"scale":[{"time":2.1667},{"time":3.2333,"x":1.445,"y":1.445}]},"yb88":{"translate":[{"time":2.1667},{"time":3.2333,"x":-96.93,"y":581.7}],"scale":[{"time":2.1667},{"time":3.2333,"x":1.445,"y":1.445}]},"yb89":{"translate":[{"time":2.4},{"time":3.4667,"y":370.22}],"scale":[{"time":2.4},{"time":3.4667,"x":1.445,"y":1.445}]},"yb90":{"translate":[{"time":2.4},{"time":3.4667,"x":-110.91,"y":364.2}],"scale":[{"time":2.4},{"time":3.4667,"x":1.445,"y":1.445}]},"yb91":{"translate":[{"time":2.4},{"time":3.4667,"x":203.14,"y":485.82}],"scale":[{"time":2.4},{"time":3.4667,"x":1.445,"y":1.445}]},"yb92":{"translate":[{"time":2.4},{"time":3.4667,"x":70.5,"y":513}],"scale":[{"time":2.4},{"time":3.4667,"x":1.445,"y":1.445}]},"yb93":{"translate":[{"time":2.4},{"time":3.4667,"x":-28.64,"y":471.55}],"scale":[{"time":2.4},{"time":3.4667,"x":1.445,"y":1.445}]},"yb94":{"translate":[{"time":2.4},{"time":3.4667,"x":74.9,"y":398.86}],"scale":[{"time":2.4},{"time":3.4667,"x":1.445,"y":1.445}]},"yb95":{"translate":[{"time":2.4},{"time":3.4667,"x":143.2,"y":531.03}],"scale":[{"time":2.4},{"time":3.4667,"x":1.445,"y":1.445}]},"yb96":{"translate":[{"time":2.4},{"time":3.4667,"x":-96.93,"y":581.7}],"scale":[{"time":2.4},{"time":3.4667,"x":1.445,"y":1.445}]},"yb97":{"translate":[{"time":2.6},{"time":3.6667,"y":370.22}],"scale":[{"time":2.6},{"time":3.6667,"x":1.445,"y":1.445}]},"yb98":{"translate":[{"time":2.6},{"time":3.6667,"x":-110.91,"y":364.2}],"scale":[{"time":2.6},{"time":3.6667,"x":1.445,"y":1.445}]},"yb99":{"translate":[{"time":2.6},{"time":3.6667,"x":203.14,"y":485.82}],"scale":[{"time":2.6},{"time":3.6667,"x":1.445,"y":1.445}]},"yb100":{"translate":[{"time":2.6},{"time":3.6667,"x":70.5,"y":513}],"scale":[{"time":2.6},{"time":3.6667,"x":1.445,"y":1.445}]},"yb101":{"translate":[{"time":2.6},{"time":3.6667,"x":-28.64,"y":471.55}],"scale":[{"time":2.6},{"time":3.6667,"x":1.445,"y":1.445}]},"yb102":{"translate":[{"time":2.6},{"time":3.6667,"x":74.9,"y":398.86}],"scale":[{"time":2.6},{"time":3.6667,"x":1.445,"y":1.445}]},"yb103":{"translate":[{"time":2.6},{"time":3.6667,"x":143.2,"y":531.03}],"scale":[{"time":2.6},{"time":3.6667,"x":1.445,"y":1.445}]},"yb104":{"translate":[{"time":2.6},{"time":3.6667,"x":-96.93,"y":581.7}],"scale":[{"time":2.6},{"time":3.6667,"x":1.445,"y":1.445}]}}}}},[0]]],0,0,[0],[-1],[0]]