[1,["12SKR+S2hMUZBHh2Srem5H"],0,[["sp.SkeletonData",["_name","_atlasText","textureNames","_skeletonJson","textures"],-1,3]],[[0,0,1,2,3,4,5]],[[0,"zombie","\nzombie.png\nsize: 955,126\nformat: RGBA8888\nfilter: Linear,Linear\nrepeat: none\n01\n  rotate: true\n  xy: 668, 28\n  size: 96, 88\n  orig: 96, 88\n  offset: 0, 0\n  index: -1\n02\n  rotate: true\n  xy: 2, 2\n  size: 122, 121\n  orig: 122, 121\n  offset: 0, 0\n  index: -1\n03\n  rotate: false\n  xy: 386, 3\n  size: 117, 121\n  orig: 117, 121\n  offset: 0, 0\n  index: -1\n04\n  rotate: false\n  xy: 125, 3\n  size: 130, 121\n  orig: 130, 121\n  offset: 0, 0\n  index: -1\n05\n  rotate: false\n  xy: 257, 3\n  size: 127, 121\n  orig: 127, 121\n  offset: 0, 0\n  index: -1\ncaikuang_04\n  rotate: false\n  xy: 902, 60\n  size: 51, 64\n  orig: 51, 64\n  offset: 0, 0\n  index: -1\ncaikuang_05\n  rotate: true\n  xy: 818, 6\n  size: 38, 56\n  orig: 38, 56\n  offset: 0, 0\n  index: -1\neffect/fx_zombie_shadow\n  rotate: false\n  xy: 758, 46\n  size: 142, 78\n  orig: 144, 81\n  offset: 1, 1\n  index: -1\nzombie_under/body\n  rotate: false\n  xy: 902, 9\n  size: 44, 49\n  orig: 52, 57\n  offset: 4, 4\n  index: -1\nzombie_under/front_arm\n  rotate: false\n  xy: 579, 2\n  size: 32, 18\n  orig: 40, 26\n  offset: 4, 4\n  index: -1\nzombie_under/front_foot\n  rotate: true\n  xy: 647, 2\n  size: 18, 13\n  orig: 26, 21\n  offset: 4, 4\n  index: -1\nzombie_under/front_hand\n  rotate: true\n  xy: 708, 2\n  size: 24, 21\n  orig: 24, 21\n  offset: 0, 0\n  index: -1\nzombie_under/front_leg\n  rotate: true\n  xy: 758, 30\n  size: 14, 21\n  orig: 14, 21\n  offset: 0, 0\n  index: -1\nzombie_under/front_shoulder\n  rotate: true\n  xy: 762, 2\n  size: 26, 25\n  orig: 34, 33\n  offset: 4, 4\n  index: -1\nzombie_under/front_tight\n  rotate: true\n  xy: 731, 3\n  size: 23, 29\n  orig: 33, 37\n  offset: 6, 4\n  index: -1\nzombie_under/hat\n  rotate: true\n  xy: 505, 10\n  size: 114, 72\n  orig: 122, 80\n  offset: 4, 4\n  index: -1\nzombie_under/head\n  rotate: false\n  xy: 579, 22\n  size: 87, 102\n  orig: 87, 102\n  offset: 0, 0\n  index: -1\nzombie_under/rear_arm\n  rotate: false\n  xy: 613, 2\n  size: 32, 18\n  orig: 40, 26\n  offset: 4, 4\n  index: -1\nzombie_under/rear_foot\n  rotate: true\n  xy: 662, 2\n  size: 18, 13\n  orig: 26, 21\n  offset: 4, 4\n  index: -1\nzombie_under/rear_hand\n  rotate: true\n  xy: 876, 21\n  size: 23, 19\n  orig: 23, 19\n  offset: 0, 0\n  index: -1\nzombie_under/rear_leg\n  rotate: true\n  xy: 781, 30\n  size: 14, 21\n  orig: 14, 21\n  offset: 0, 0\n  index: -1\nzombie_under/rear_shoulder\n  rotate: false\n  xy: 789, 3\n  size: 27, 25\n  orig: 35, 33\n  offset: 4, 4\n  index: -1\nzombie_under/rear_tight\n  rotate: true\n  xy: 677, 2\n  size: 24, 29\n  orig: 32, 37\n  offset: 4, 4\n  index: -1\n",["zombie.png"],{"skeleton":{"hash":"/D+TrztATNF5MqxN45xN8vJ3oKw","spine":"3.8.75","x":-66.25,"y":-25.52,"width":119.79,"height":175.41,"images":"","audio":"E:/2021/4月/警察打僵尸/jingchajiangshi_改头部/js"},"bones":[{"name":"root","scaleX":0.9,"scaleY":0.9},{"name":"hip","parent":"root","x":-0.75,"y":26.9},{"name":"body","parent":"hip","length":25.42,"rotation":102.68,"x":0.78,"y":8.66},{"name":"body2","parent":"body","rotation":-102.68,"x":-7.55,"y":3.39},{"name":"body_back","parent":"body","rotation":-102.68,"x":12.53,"y":-21.71},{"name":"body_wpn","parent":"body","length":31.63,"rotation":84.77,"x":5.89,"y":6.38},{"name":"dron","parent":"root","x":-10.63,"y":124.69,"scaleX":0.496,"scaleY":0.496},{"name":"front_shoulder","parent":"body","length":10.3,"rotation":115.87,"x":15.85,"y":-8.55,"color":"0cff06ff"},{"name":"front_arm","parent":"front_shoulder","length":16.45,"rotation":-23.08,"x":16.22,"y":-0.83,"color":"0cff06ff"},{"name":"head","parent":"body","length":26.87,"rotation":77.3,"x":32.47,"y":-8.07},{"name":"head_center","parent":"head","x":16.56,"y":-27.31},{"name":"front_eye","parent":"head_center","x":-10.84,"y":-3.09},{"name":"front_foot_IK","parent":"root","x":11.17,"y":3.76,"color":"ff3f00ff"},{"name":"front_tight","parent":"hip","length":13.2,"rotation":-94.77,"x":9.11,"y":2.13},{"name":"front_leg","parent":"front_tight","length":10.7,"rotation":18.86,"x":14.53,"y":0.84},{"name":"front_foot","parent":"front_leg","length":5.72,"rotation":-94.15,"x":10.71,"y":-0.02},{"name":"front_hand","parent":"front_arm","length":10.02,"rotation":27.32,"x":16.84,"y":3.27,"color":"0cff06ff"},{"name":"front_hand_weapon","parent":"front_hand","length":17.7,"rotation":-34.79,"x":8.91,"y":0.96,"color":"0cff06ff"},{"name":"front_weapon","parent":"front_hand","length":21.6,"rotation":-40.36,"x":29.05,"y":-17.69,"color":"0cff06ff"},{"name":"helmet","parent":"head","rotation":-179.98,"x":14.81,"y":-47.8},{"name":"jaws","parent":"head_center","rotation":-179.98,"x":-4.85,"y":17.81},{"name":"obj_cart","parent":"root","x":-87.5},{"name":"obj_floor","parent":"root"},{"name":"obj_luggage","parent":"obj_cart","x":14.49,"y":87.47},{"name":"rear_shoulder","parent":"body","length":10.72,"rotation":117.23,"x":22.43,"y":0.71,"color":"ff2a2aff"},{"name":"rear_arm","parent":"rear_shoulder","length":17.26,"rotation":-34.7,"x":22.05,"y":-5.7,"color":"ff2a2aff"},{"name":"rear_eye","parent":"head_center","x":29.65,"y":-3.24},{"name":"rear_foot_IK","parent":"root","x":-6.18,"y":3.17,"color":"ff3f00ff"},{"name":"rear_tight","parent":"hip","length":13.25,"rotation":-100.75,"x":-6,"y":1.88},{"name":"rear_leg","parent":"rear_tight","length":10.91,"rotation":24.03,"x":14.5,"y":0.16},{"name":"rear_foot","parent":"rear_leg","length":5.65,"rotation":-93.33,"x":10.69,"y":0.09},{"name":"rear_hand","parent":"rear_arm","length":10.47,"rotation":5.47,"x":16.19,"y":3.75,"color":"ff2a2aff"},{"name":"shadow","parent":"root","length":25.68,"rotation":180},{"name":"huohua_3","parent":"front_hand_weapon","length":12.32,"rotation":-9.85,"x":24.48,"y":-15.87,"scaleX":1.1708,"scaleY":1.3145,"color":"ff0505ff"},{"name":"caikuang_04","parent":"body","length":22.17,"rotation":75.73,"x":13.89,"y":-23.17,"scaleX":-1},{"name":"01","parent":"root","x":-45.25,"y":-4.65,"scaleX":0.5243,"scaleY":0.5243,"color":"ff0000ff"}],"slots":[{"name":"huohua_3","bone":"huohua_3"},{"name":"shadow","bone":"shadow","attachment":"effect/fx_zombie_shadow"},{"name":"caikuang_04","bone":"caikuang_04","attachment":"caikuang_04"},{"name":"obj_shadow","bone":"obj_floor","attachment":"obj_shadow"},{"name":"dron","bone":"dron"},{"name":"body_back","bone":"body_back","attachment":"body_back"},{"name":"obj_skate","bone":"obj_floor","attachment":"zombie_skater"},{"name":"rear_shoulder","bone":"rear_shoulder","attachment":"rear_shoulder"},{"name":"rear_arm","bone":"rear_arm","attachment":"rear_arm"},{"name":"rear_hand","bone":"rear_hand","attachment":"rear_hand"},{"name":"rear_leg","bone":"rear_leg","attachment":"rear_leg"},{"name":"rear_tight","bone":"rear_tight","attachment":"rear_tight"},{"name":"rear_foot","bone":"rear_foot","attachment":"rear_foot"},{"name":"front_leg","bone":"front_leg","attachment":"front_leg"},{"name":"front_foot","bone":"front_foot","attachment":"front_foot"},{"name":"front_tight","bone":"front_tight","attachment":"front_tight"},{"name":"body","bone":"body","attachment":"body"},{"name":"body2","bone":"body2","attachment":"body2"},{"name":"front_weapon","bone":"front_weapon"},{"name":"front_hand_weapon","bone":"front_hand_weapon","attachment":"caikuang_05"},{"name":"front_shoulder","bone":"front_shoulder","attachment":"front_shoulder"},{"name":"front_arm","bone":"front_arm","attachment":"front_arm"},{"name":"front_hand","bone":"front_hand","attachment":"front_hand"},{"name":"obj_cart","bone":"obj_cart","attachment":"obj_cart"},{"name":"obj_luggage","bone":"obj_luggage","attachment":"obj_luggage"},{"name":"dron box","bone":"dron"},{"name":"head box","bone":"head_center","attachment":"head box"},{"name":"body box","bone":"body","attachment":"body box"},{"name":"head","bone":"head_center","attachment":"head"},{"name":"helmet","bone":"helmet","attachment":"helmet"},{"name":"01","bone":"01"}],"ik":[{"name":"front_foot_IK","target":"front_foot_IK","bones":["front_tight","front_leg"]},{"name":"rear_foot_IK","order":1,"target":"rear_foot_IK","bones":["rear_tight","rear_leg"]}],"skins":[{"name":"default","attachments":{"01":{"01":{"x":5.72,"y":0.46,"width":96,"height":88},"02":{"x":5.72,"y":0.46,"width":122,"height":121},"03":{"x":5.72,"y":0.46,"width":117,"height":121},"04":{"x":5.72,"y":0.46,"width":130,"height":121},"05":{"x":5.72,"y":0.46,"width":127,"height":121}},"head box":{"head box":{"type":"boundingbox","vertexCount":5,"color":"60ef00ff","vertices":[-4.33,-62.58,36.51,-42.43,32.5,35.09,-40.62,34.72,-46.91,-41.44]}},"body box":{"body box":{"type":"boundingbox","vertexCount":4,"color":"60ef00ff","vertices":[23.65,30.18,-23.61,31.23,-34.04,-16.51,20.84,-30.25]}},"front_hand_weapon":{"caikuang_05":{"x":2.91,"y":-13.83,"rotation":-134.17,"width":38,"height":56}},"dron box":{"dron box2":{"type":"boundingbox","vertexCount":6,"color":"60ef00ff","vertices":[0.97,51.57,40.24,30.23,40.24,-15.87,-0.74,-52.58,-40.01,-16.73,-38.31,31.94]}},"shadow":{"effect/fx_zombie_shadow":{"scaleX":0.5,"scaleY":0.7,"rotation":179.99,"width":144,"height":81}},"caikuang_04":{"caikuang_04":{"x":12.65,"y":-0.88,"rotation":-178.41,"width":51,"height":64}}}},{"name":"zombie_under","attachments":{"rear_arm":{"rear_arm":{"name":"zombie_under/rear_arm","x":8.12,"y":0.31,"rotation":171.06,"width":40,"height":26}},"rear_tight":{"rear_tight":{"name":"zombie_under/rear_tight","x":5.53,"y":0.58,"rotation":95.99,"width":32,"height":37}},"front_foot":{"front_foot":{"name":"zombie_under/front_foot","x":3.16,"y":-1.1,"rotation":169.98,"width":26,"height":21}},"front_hand":{"front_hand":{"name":"zombie_under/front_hand","x":2.91,"y":-0.02,"rotation":139.64,"width":24,"height":21}},"front_arm":{"front_arm":{"name":"zombie_under/front_arm","x":8.22,"y":-0.21,"rotation":167.08,"width":40,"height":26}},"front_tight":{"front_tight":{"name":"zombie_under/front_tight","x":6.65,"y":0.45,"rotation":93.86,"width":33,"height":37}},"rear_shoulder":{"rear_shoulder":{"name":"zombie_under/rear_shoulder","x":6.68,"y":-1.18,"rotation":138.64,"width":35,"height":33}},"head":{"head":{"name":"zombie_under/head","x":-8.79,"y":-6.7,"rotation":-179.98,"width":87,"height":102}},"body":{"body":{"name":"zombie_under/body","x":9.76,"y":-2.2,"rotation":-102.7,"width":52,"height":57}},"rear_foot":{"rear_foot":{"name":"zombie_under/rear_foot","x":1.77,"y":-0.66,"rotation":175.84,"width":26,"height":21}},"rear_hand":{"rear_hand":{"name":"zombie_under/rear_hand","x":2.44,"y":0.51,"rotation":165.57,"width":23,"height":19}},"helmet":{"helmet":{"name":"zombie_under/hat","x":1.4,"y":9.72,"width":122,"height":80}},"rear_leg":{"rear_leg":{"name":"zombie_under/rear_leg","x":1.49,"y":0.57,"rotation":82.52,"width":14,"height":21}},"front_shoulder":{"front_shoulder":{"name":"zombie_under/front_shoulder","x":5.82,"y":-1.18,"rotation":143.78,"width":34,"height":33}},"front_leg":{"front_leg":{"name":"zombie_under/front_leg","x":2.07,"y":-0.19,"rotation":75.83,"width":14,"height":21}}}}],"events":{"dead_head":{},"fx":{},"fx2":{},"fxDamage":{},"no hit frame":{},"powerFrame":{},"shoot":{},"sound":{},"stop":{},"unvisiable":{},"visiable":{}},"animations":{"ck":{"slots":{"caikuang_04":{"color":[{"color":"ffffff00"}]},"01":{"attachment":[{"time":0.7667,"name":"01"},{"time":0.8333,"name":"02"},{"time":0.9,"name":"03"},{"time":0.9667,"name":"04"},{"time":1.0333,"name":"05"},{"time":1.0667,"name":null}]}},"bones":{"head":{"rotate":[{},{"time":0.5,"angle":-29.69},{"time":0.7333,"angle":38.92},{"time":1.1667}],"translate":[{},{"time":0.5,"x":1.84,"y":-1.31},{"time":1.1667}]},"body":{"rotate":[{},{"time":0.5,"angle":-27.33},{"time":0.6333,"angle":25.17},{"time":0.7667,"angle":25.73},{"time":1.1667}]},"front_shoulder":{"rotate":[{"angle":55.88},{"time":0.4,"angle":-118.69},{"time":0.6333,"angle":13.83},{"time":1.1667,"angle":55.88}]},"front_arm":{"rotate":[{},{"time":0.5,"angle":-46.66},{"time":0.6333,"angle":11.02},{"time":1.1667}]},"rear_shoulder":{"rotate":[{"angle":49.91},{"time":0.5,"angle":92.09},{"time":1.1667,"angle":49.91}]},"front_hand":{"rotate":[{},{"time":0.5,"angle":-47.59},{"time":0.6333,"angle":14.41},{"time":1.1667}]},"hip":{"translate":[{},{"time":0.5,"x":9.53,"y":-5.49},{"time":0.6333,"x":3.09,"y":-9.67},{"time":0.7333,"x":-8.4,"y":-9.92},{"time":1.1667}]},"front_foot":{"rotate":[{},{"time":0.5,"angle":-31.96},{"time":1.1667}]},"front_weapon":{"rotate":[{"angle":-38.09}],"translate":[{"x":-6.92,"y":-2.82}]},"front_foot_IK":{"translate":[{},{"time":0.5,"x":11.26,"y":-0.29,"curve":"stepped"},{"time":0.6333,"x":11.26,"y":-0.29},{"time":1.1667}]}},"drawOrder":[{"time":0.1667,"offsets":[{"slot":"front_hand_weapon","offset":7},{"slot":"front_shoulder","offset":9},{"slot":"front_arm","offset":6},{"slot":"front_hand","offset":6}]}]},"ck_2":{"slots":{"01":{"attachment":[{"time":0.7667,"name":"01"},{"time":0.8333,"name":"02"},{"time":0.9,"name":"03"},{"time":0.9667,"name":"04"},{"time":1.0333,"name":"05"},{"time":1.0667,"name":null}]}},"bones":{"head":{"rotate":[{},{"time":0.5,"angle":-29.69},{"time":0.7333,"angle":38.92},{"time":1.1667}],"translate":[{},{"time":0.5,"x":1.84,"y":-1.31},{"time":1.1667}]},"body":{"rotate":[{},{"time":0.5,"angle":-27.33},{"time":0.6333,"angle":25.17},{"time":0.7667,"angle":25.73},{"time":1.1667}]},"front_shoulder":{"rotate":[{"angle":55.88},{"time":0.4,"angle":-118.69},{"time":0.6333,"angle":13.83},{"time":1.1667,"angle":55.88}]},"front_arm":{"rotate":[{},{"time":0.5,"angle":-46.66},{"time":0.6333,"angle":11.02},{"time":1.1667}]},"rear_shoulder":{"rotate":[{"angle":49.91},{"time":0.5,"angle":92.09},{"time":1.1667,"angle":49.91}]},"front_hand":{"rotate":[{},{"time":0.5,"angle":-47.59},{"time":0.6333,"angle":14.41},{"time":1.1667}]},"hip":{"translate":[{},{"time":0.5,"x":9.53,"y":-5.49},{"time":0.6333,"x":3.09,"y":-9.67},{"time":0.7333,"x":-8.4,"y":-9.92},{"time":1.1667}]},"front_foot":{"rotate":[{},{"time":0.5,"angle":-31.96},{"time":1.1667}]},"front_weapon":{"rotate":[{"angle":-38.09}],"translate":[{"x":-6.92,"y":-2.82}]},"front_foot_IK":{"translate":[{},{"time":0.5,"x":11.26,"y":-0.29,"curve":"stepped"},{"time":0.6333,"x":11.26,"y":-0.29},{"time":1.1667}]}},"drawOrder":[{"time":0.1667,"offsets":[{"slot":"front_hand_weapon","offset":7},{"slot":"front_shoulder","offset":9},{"slot":"front_arm","offset":6},{"slot":"front_hand","offset":6}]}]},"run":{"slots":{"caikuang_04":{"color":[{"color":"ffffff00"}]}},"bones":{"head":{"rotate":[{},{"time":0.0333,"angle":11.44},{"time":0.3667,"angle":1.42},{"time":0.6333,"angle":-10.48},{"time":0.7,"angle":3.55},{"time":0.9333,"angle":-9.44},{"time":1.2333}]},"front_eye":{"translate":[{"time":0.0333},{"time":0.0667,"x":0.12,"y":0.99},{"time":0.3},{"time":0.3333,"x":-0.63,"y":-2.15},{"time":0.5667,"curve":"stepped"},{"time":0.7},{"time":0.7333,"x":0.41,"y":1.96},{"time":0.9667},{"time":1,"x":0.92,"y":-2.85},{"time":1.2333}]},"rear_eye":{"translate":[{"time":0.0333},{"time":0.1,"x":0.16,"y":1.99},{"time":0.3333},{"time":0.3667,"x":0.3,"y":-1.98},{"time":0.6333,"curve":"stepped"},{"time":0.7},{"time":0.7333,"x":0.61,"y":2.94},{"time":0.9667},{"time":1,"x":0.61,"y":-1.9},{"time":1.2333}]},"body":{"rotate":[{},{"time":0.3,"angle":-15.1},{"time":0.6333,"angle":16.15},{"time":0.9667,"angle":-11.68},{"time":1.2333}]},"front_shoulder":{"rotate":[{"angle":1.69},{"time":0.2,"angle":9.52},{"time":0.6333,"angle":-3.34},{"time":0.7667,"angle":17.94},{"time":1.2333,"angle":1.69}]},"front_arm":{"rotate":[{"time":0.6333},{"time":0.7667,"angle":16.86},{"time":1.2333}]},"rear_shoulder":{"rotate":[{"angle":-5.36},{"time":0.3667,"angle":13.3},{"time":0.6333,"angle":-5.36},{"time":0.7,"angle":7.22},{"time":1.2333,"angle":-5.36}]},"front_hand":{"rotate":[{"angle":10.61,"curve":"stepped"},{"time":0.6333,"angle":10.61},{"time":0.7667,"angle":-41.43},{"time":1.2333,"angle":10.61}]},"rear_arm":{"rotate":[{},{"time":0.3667,"angle":-7.77},{"time":0.6333},{"time":0.7,"angle":13.81},{"time":1.2333}]},"rear_hand":{"rotate":[{"angle":33.1},{"time":0.3667,"angle":-7.75},{"time":0.7,"angle":-32.47},{"time":0.8,"angle":15.13},{"time":1.2333,"angle":33.1}]},"rear_foot_IK":{"translate":[{"x":-8.87,"y":1.28},{"time":0.3,"x":5.64,"y":0.4},{"time":0.6333,"x":21.15,"y":4.51},{"time":0.9333,"x":5.64,"y":6.4},{"time":1.2333,"x":-8.87,"y":1.28}]},"front_foot_IK":{"translate":[{"x":7.61,"y":3.38},{"time":0.3,"x":-10.57,"y":6.63},{"time":0.6333,"x":-24.51,"y":0.28},{"time":0.9333,"x":-3.03,"y":-1.17},{"time":1.2333,"x":7.61,"y":3.38}]},"front_tight":{"translate":[{},{"time":0.6333,"x":-10.43,"y":-2.82},{"time":1.2333}]},"rear_tight":{"translate":[{},{"time":0.6333,"x":9.02,"y":-0.56},{"time":1.2333}]},"hip":{"translate":[{},{"time":0.0333,"y":-1.83},{"time":0.3,"y":1},{"time":0.6333},{"time":0.7,"y":-2},{"time":0.9333,"y":0.91},{"time":1.2333}]},"front_weapon":{"rotate":[{"time":0.6667},{"time":0.7667,"angle":19.73},{"time":1.2333}]},"root":{"translate":[{"time":0.1333},{"time":0.6667,"x":10,"curve":"stepped"},{"time":0.8333,"x":10},{"time":1.2333}]},"body2":{"rotate":[{},{"time":0.4333,"angle":-8.9},{"time":0.9,"angle":18.06},{"time":1.2333}],"shear":[{},{"time":0.4333,"y":-17.86},{"time":0.9,"y":17.82},{"time":1.2333}]},"obj_cart":{"translate":[{},{"time":0.0667,"y":2.5},{"time":0.1,"curve":"stepped"},{"time":0.4333},{"time":0.5,"y":2.5},{"time":0.5333,"curve":"stepped"},{"time":0.8333},{"time":0.9,"y":2.5},{"time":0.9333,"curve":"stepped"},{"time":1.0333},{"time":1.1,"y":2.5},{"time":1.1333}]}}},"run_2":{"bones":{"head":{"rotate":[{},{"time":0.0333,"angle":11.44},{"time":0.3667,"angle":1.42},{"time":0.6333,"angle":-10.48},{"time":0.7,"angle":3.55},{"time":0.9333,"angle":-9.44},{"time":1.2333}]},"front_eye":{"translate":[{"time":0.0333},{"time":0.0667,"x":0.12,"y":0.99},{"time":0.3},{"time":0.3333,"x":-0.63,"y":-2.15},{"time":0.5667,"curve":"stepped"},{"time":0.7},{"time":0.7333,"x":0.41,"y":1.96},{"time":0.9667},{"time":1,"x":0.92,"y":-2.85},{"time":1.2333}]},"rear_eye":{"translate":[{"time":0.0333},{"time":0.1,"x":0.16,"y":1.99},{"time":0.3333},{"time":0.3667,"x":0.3,"y":-1.98},{"time":0.6333,"curve":"stepped"},{"time":0.7},{"time":0.7333,"x":0.61,"y":2.94},{"time":0.9667},{"time":1,"x":0.61,"y":-1.9},{"time":1.2333}]},"body":{"rotate":[{},{"time":0.3,"angle":-15.1},{"time":0.6333,"angle":16.15},{"time":0.9667,"angle":-11.68},{"time":1.2333}]},"front_shoulder":{"rotate":[{"angle":1.69},{"time":0.2,"angle":9.52},{"time":0.6333,"angle":-3.34},{"time":0.7667,"angle":17.94},{"time":1.2333,"angle":1.69}]},"front_arm":{"rotate":[{"time":0.6333},{"time":0.7667,"angle":16.86},{"time":1.2333}]},"rear_shoulder":{"rotate":[{"angle":-5.36},{"time":0.3667,"angle":13.3},{"time":0.6333,"angle":-5.36},{"time":0.7,"angle":7.22},{"time":1.2333,"angle":-5.36}]},"front_hand":{"rotate":[{"angle":10.61,"curve":"stepped"},{"time":0.6333,"angle":10.61},{"time":0.7667,"angle":-38.3},{"time":1.2333,"angle":10.61}]},"rear_arm":{"rotate":[{},{"time":0.3667,"angle":-7.77},{"time":0.6333},{"time":0.7,"angle":13.81},{"time":1.2333}]},"rear_hand":{"rotate":[{"angle":33.1},{"time":0.3667,"angle":-7.75},{"time":0.7,"angle":-32.47},{"time":0.8,"angle":15.13},{"time":1.2333,"angle":33.1}]},"rear_foot_IK":{"translate":[{"x":-8.87,"y":1.28},{"time":0.3,"x":5.64,"y":0.4},{"time":0.6333,"x":21.15,"y":4.51},{"time":0.9333,"x":5.64,"y":6.4},{"time":1.2333,"x":-8.87,"y":1.28}]},"front_foot_IK":{"translate":[{"x":7.61,"y":3.38},{"time":0.3,"x":-10.57,"y":6.63},{"time":0.6333,"x":-24.51,"y":0.28},{"time":0.9333,"x":-3.03,"y":-1.17},{"time":1.2333,"x":7.61,"y":3.38}]},"front_tight":{"translate":[{},{"time":0.6333,"x":-10.43,"y":-2.82},{"time":1.2333}]},"rear_tight":{"translate":[{},{"time":0.6333,"x":9.02,"y":-0.56},{"time":1.2333}]},"hip":{"translate":[{},{"time":0.0333,"y":-1.83},{"time":0.3,"y":1},{"time":0.6333},{"time":0.7,"y":-2},{"time":0.9333,"y":0.91},{"time":1.2333}]},"front_weapon":{"rotate":[{"time":0.6667},{"time":0.7667,"angle":19.73},{"time":1.2333}]},"root":{"translate":[{"time":0.1333},{"time":0.6667,"x":10,"curve":"stepped"},{"time":0.8333,"x":10},{"time":1.2333}]},"body2":{"rotate":[{},{"time":0.4333,"angle":-8.9},{"time":0.9,"angle":18.06},{"time":1.2333}],"shear":[{},{"time":0.4333,"y":-17.86},{"time":0.9,"y":17.82},{"time":1.2333}]},"obj_cart":{"translate":[{},{"time":0.0667,"y":2.5},{"time":0.1,"curve":"stepped"},{"time":0.4333},{"time":0.5,"y":2.5},{"time":0.5333,"curve":"stepped"},{"time":0.8333},{"time":0.9,"y":2.5},{"time":0.9333,"curve":"stepped"},{"time":1.0333},{"time":1.1,"y":2.5},{"time":1.1333}]}}},"stand":{"slots":{"caikuang_04":{"color":[{"color":"ffffff00"}]}},"bones":{"head":{"rotate":[{},{"time":0.5333,"angle":3},{"time":1}],"translate":[{},{"time":0.4667,"x":-0.76,"y":1.19},{"time":1}]},"front_eye":{"rotate":[{},{"time":0.4667,"angle":-18},{"time":1}]},"rear_eye":{"rotate":[{},{"time":0.5,"angle":16},{"time":1}]},"body":{"rotate":[{},{"time":0.5,"angle":3.02},{"time":1}]},"front_shoulder":{"rotate":[{"angle":-12.35},{"time":0.5667,"angle":1.88},{"time":1,"angle":-12.35}]},"front_arm":{"rotate":[{},{"time":0.4667,"angle":-9.05},{"time":1}]},"rear_shoulder":{"rotate":[{"angle":-1.89},{"time":0.5,"angle":9.49},{"time":1,"angle":-1.89}]},"front_hand":{"rotate":[{},{"time":0.5,"angle":6},{"time":1}]},"rear_arm":{"rotate":[{},{"time":0.5,"angle":-4.12},{"time":1}]},"rear_hand":{"rotate":[{},{"time":0.5,"angle":4.78},{"time":1}]},"front_weapon":{"rotate":[{"angle":-30.97}]},"jaws":{"rotate":[{},{"time":0.5,"angle":9.89},{"time":1}],"translate":[{},{"time":0.5,"x":-0.37,"y":1.67},{"time":1}]}}},"stand_2":{"bones":{"head":{"rotate":[{},{"time":0.5333,"angle":3},{"time":1}],"translate":[{},{"time":0.4667,"x":-0.76,"y":1.19},{"time":1}]},"front_eye":{"rotate":[{},{"time":0.4667,"angle":-18},{"time":1}]},"rear_eye":{"rotate":[{},{"time":0.5,"angle":16},{"time":1}]},"body":{"rotate":[{},{"time":0.5,"angle":3.02},{"time":1}]},"front_shoulder":{"rotate":[{"angle":-12.35},{"time":0.5667,"angle":1.88},{"time":1,"angle":-12.35}]},"front_arm":{"rotate":[{},{"time":0.4667,"angle":-9.05},{"time":1}]},"rear_shoulder":{"rotate":[{"angle":-1.89},{"time":0.5,"angle":9.49},{"time":1,"angle":-1.89}]},"front_hand":{"rotate":[{},{"time":0.5,"angle":6},{"time":1}]},"rear_arm":{"rotate":[{},{"time":0.5,"angle":-4.12},{"time":1}]},"rear_hand":{"rotate":[{},{"time":0.5,"angle":4.78},{"time":1}]},"front_weapon":{"rotate":[{"angle":-30.97}]},"jaws":{"rotate":[{},{"time":0.5,"angle":9.89},{"time":1}],"translate":[{},{"time":0.5,"x":-0.37,"y":1.67},{"time":1}]}}}}},[0]]],0,0,[0],[-1],[0]]