[1,["ecpdLyjvZBwrvm+cedCcQy","1f+A9tGAlFNoMN9XbVKiu7","82NM93H25HBY86ec1m9aDe","acbMx9ZHlBUI+dQVn2vwje","aaRuo0J8BDLoPq3oIX+BaQ","eehYmpmJBMw4q5eYsfY4n5","17Z/eovaZMarjsgGvBfjhM","a2MjXRFdtLlYQ5ouAFv/+R","e42srEif5JPL2PezL7k26Z","ccnu8mCbZPaIIMZlPynit0","302cMNampAlZTPByULyYDw","f9auQNMhRHNoO8XEAFKhSh","51pOYjHoRPKJW2OHsMl3TI","f1toS5CMlPM6neHFY+DGbu","34ytp8eiFAuLV8RA9zs7FL","9fvB6Xgp9CvbKr6dcSYKye"],["node","_spriteFrame","_parent","_textureSetter","root","data","_N$normalSprite"],[["cc.Node",["_name","_opacity","_prefab","_children","_contentSize","_parent","_components","_trs","_color"],1,4,2,5,1,9,7,5],"cc.SpriteFrame",["cc.Button",["zoomScale","_N$transition","node","_N$normalSprite"],1,1,6],["cc.PrefabInfo",["fileId","root","asset"],2,1,1],["cc.Sprite",["_sizeMode","node","_materials","_spriteFrame"],2,1,3,6],["cc.Label",["_string","_fontSize","_styleFlags","_N$horizontalAlign","_N$verticalAlign","_lineHeight","node","_materials"],-3,1,3],["cc.LabelOutline",["_width","node","_color"],2,1,5],["cc.Prefab",["_name"],2],["86316bqAOtNaY2BGB4g/7zb",["node"],3,1],["cc.BlockInputEvents",["node"],3,1]],[[3,0,1,2,2],[0,0,5,6,2,4,7,2],[4,0,1,2,3,2],[4,1,2,3,1],[2,0,1,2,3],[5,0,1,5,2,3,4,6,7,7],[6,1,2,1],[0,0,3,6,2,4,7,2],[0,0,5,3,6,2,4,7,2],[0,0,5,6,2,4,2],[5,0,1,2,3,4,6,7,6],[6,0,1,2,2],[0,0,5,3,2,2],[7,0,2],[0,0,3,6,2,4,2],[0,0,3,2,2],[0,0,5,3,2,4,7,2],[0,0,1,5,6,2,8,4,3],[0,0,5,3,2,7,2],[8,0,1],[3,1,2,1],[2,2,1],[2,0,1,2,3,3],[9,0,1]],[[[{"name":"jx","rect":[0,0,224,102],"offset":[0,0],"originalSize":[224,102],"capInsets":[0,0,0,0]}],[1],0,[0],[3],[6]],[[[13,"com_sel_nandu"],[14,"com_sel_nandu",[-3,-4,-5],[[19,-2]],[20,-1,0],[5,720,1280]],[7,"2",[-8,-9,-10,-11,-12],[[2,0,-6,[31],32],[4,1.1,3,-7]],[0,"80Chktx0BP66NlcZvHK4RM",1,0],[5,400,160],[0,77.831,0,0,0,0,1,1,1,0]],[7,"3",[-15,-16,-17,-18,-19],[[2,0,-13,[44],45],[4,1.1,3,-14]],[0,"f5nSiw4aFLe6DIrAGhdjld",1,0],[5,400,160],[0,-122.32900000000001,0,0,0,0,1,1,1,0]],[7,"4",[-22,-23,-24,-25,-26],[[2,0,-20,[57],58],[4,1.1,3,-21]],[0,"c6n7fKSkVMoLZYukGx4BOW",1,0],[5,400,160],[1.3079999999999998,-318,0,0,0,0,1,1,1,0]],[7,"5",[-29,-30,-31,-32,-33],[[2,0,-27,[70],71],[4,1.1,3,-28]],[0,"b2ifDyax9PRIe0G2RPOd4L",1,0],[5,400,160],[0,-515,0,0,0,0,1,1,1,0]],[7,"1",[-36,-37,-38,-39],[[2,0,-34,[18],19],[4,1.1,3,-35]],[0,"13RN7gQC5Iq5gu1UfE2IDU",1,0],[5,400,160],[-1.3079999999999998,275.609,0,0,0,0,1,1,1,0]],[15,"mode",[6,2,3,4,5],[0,"49KBB/L8ZC3rg6KNK62dCB",1,0]],[16,"node_ui",1,[-40,-41,-42,7],[0,"81X53698hG3byi5zA80T2Z",1,0],[5,720,1280],[0,0,0,0,0,0,1,1,1,0]],[17,"bk",200,1,[[2,0,-43,[0],1],[23,-44],[21,-45]],[0,"d2sjuDLihB5KpqXIikgn+1",1,0],[4,4278190080],[5,1000,2000]],[8,"xuanguang",6,[-48],[[2,0,-46,[15],16],[4,1.1,3,-47]],[0,"6az1FyMfhJ7p7KedJXen2d",1,0],[5,120,65],[270.929,4.449,0,0,0,0,1,1,1,0]],[8,"xuanguang",2,[-51],[[2,0,-49,[25],26],[4,1.1,3,-50]],[0,"22lmJA+N9BI67k3tUUTydG",1,0],[5,120,65],[270.929,4.449,0,0,0,0,1,1,1,0]],[8,"xuanguang",3,[-54],[[2,0,-52,[38],39],[4,1.1,3,-53]],[0,"15lqYZlNxPwrRZHlx+7tw5",1,0],[5,120,65],[270.929,4.449,0,0,0,0,1,1,1,0]],[8,"xuanguang",4,[-57],[[2,0,-55,[51],52],[4,1.1,3,-56]],[0,"a79bRDpsVGIK2MzavvyaWQ",1,0],[5,120,65],[270.929,4.449,0,0,0,0,1,1,1,0]],[8,"xuanguang",5,[-60],[[2,0,-58,[64],65],[4,1.1,3,-59]],[0,"68EEHPJpRLx5a1hws8zmUB",1,0],[5,120,65],[270.929,4.449,0,0,0,0,1,1,1,0]],[1,"exit",8,[[3,-61,[8],9],[22,1.1,3,-62,10]],[0,"983AWb0cdKS5gi1ZWxzSmJ",1,0],[5,84,89],[-280.256,560.631,0,0,0,0,1,1,1,0]],[1,"t",6,[[5,"简单",50,50,1,1,1,-63,[13]],[11,2,-64,[4,4278190080]]],[0,"68E2J8ATJPrYkx1IwyOJAP",1,0],[5,104,67],[0,18,0,0,0,0,1,1,1,1]],[9,"t",10,[[10,"选关",30,1,1,1,-65,[14]],[6,-66,[4,4278190080]]],[0,"75kGnF3PNH1pWFL0IXSj+j",1,0],[5,62,52.4]],[1,"curgk",6,[[5,"第1关",26,26,1,1,1,-67,[17]],[6,-68,[4,4278190080]]],[0,"c1XM8X1ttO0ptoLz3rd5Wx",1,0],[5,68.46,34.76],[-5.874,-42.459,0,0,0,0,1,1,1,1]],[1,"curgk",2,[[5,"第1关",26,26,1,1,1,-69,[20]],[6,-70,[4,4278190080]]],[0,"d1fDAgilZFXLIqnbRw7sXM",1,0],[5,68.46,34.76],[-5.874,-42.459,0,0,0,0,1,1,1,1]],[1,"t",2,[[5,"普通",50,50,1,1,1,-71,[23]],[11,2,-72,[4,4278190080]]],[0,"99RUH0B/lPRrT+/jIpYKdL",1,0],[5,104,67],[0,18,0,0,0,0,1,1,1,1]],[9,"t",11,[[10,"选关",30,1,1,1,-73,[24]],[6,-74,[4,4278190080]]],[0,"e8EQnPAntK8JXOxR3o2P83",1,0],[5,62,52.4]],[12,"locked",2,[-75,-76],[0,"20oprw/gFDK6emnNkQ3fZ2",1,0]],[1,"curgk",3,[[5,"第1关",26,26,1,1,1,-77,[35]],[6,-78,[4,4278190080]]],[0,"c7Srvcns5FSKNjKOtozHpY",1,0],[5,68.46,34.76],[-5.874,-42.459,0,0,0,0,1,1,1,1]],[1,"t",3,[[5,"中等",50,50,1,1,1,-79,[36]],[11,2,-80,[4,4278190080]]],[0,"17CqIusINPI6jtieRXgHZ6",1,0],[5,104,67],[0,18,0,0,0,0,1,1,1,1]],[9,"t",12,[[10,"选关",30,1,1,1,-81,[37]],[6,-82,[4,4278190080]]],[0,"44OU14jMZM2oYkxVGa+St4",1,0],[5,62,52.4]],[12,"locked",3,[-83,-84],[0,"8fv4uFrZROEq1++qzf/7L+",1,0]],[1,"curgk",4,[[5,"第1关",26,26,1,1,1,-85,[48]],[6,-86,[4,4278190080]]],[0,"c8wZpdkWpArZNVBUQmeCB4",1,0],[5,68.46,34.76],[-5.874,-42.459,0,0,0,0,1,1,1,1]],[1,"t",4,[[5,"困难",50,50,1,1,1,-87,[49]],[11,2,-88,[4,4278190080]]],[0,"14BQEkZgVFH6xtwWs2CaVr",1,0],[5,104,67],[0,18,0,0,0,0,1,1,1,1]],[9,"t",13,[[10,"选关",30,1,1,1,-89,[50]],[6,-90,[4,4278190080]]],[0,"08omV0WaJK1qYZakJ5/quv",1,0],[5,62,52.4]],[12,"locked",4,[-91,-92],[0,"56/EA34BdAibaS3VNdudOr",1,0]],[1,"curgk",5,[[5,"第1关",26,26,1,1,1,-93,[61]],[6,-94,[4,4278190080]]],[0,"0egEt/bCxOQ4X61c/XYsik",1,0],[5,68.46,34.76],[-5.874,-42.459,0,0,0,0,1,1,1,1]],[1,"t",5,[[5,"特难",50,50,1,1,1,-95,[62]],[11,2,-96,[4,4278190080]]],[0,"d2fR9xVOlJCrO75OsgQ1Hi",1,0],[5,104,67],[0,18,0,0,0,0,1,1,1,1]],[9,"t",14,[[10,"选关",30,1,1,1,-97,[63]],[6,-98,[4,4278190080]]],[0,"3dh7bNrHJLrYImiONFKCCh",1,0],[5,62,52.4]],[12,"locked",5,[-99,-100],[0,"37GJDRwpRFgoDP4RVBkDQW",1,0]],[1,"bj",1,[[3,-101,[2],3]],[0,"54fFM3ka9IdYgdOMWrnJU8",1,0],[5,720,1280],[0,0,0,0,0,0,1,1.5,1.5,1]],[1,"ms",8,[[3,-102,[4],5]],[0,"8bqkR97JxDWqzqTwInI0zo",1,0],[5,194,49],[-5.706,426.719,0,0,0,0,1,1,1,1]],[18,"gametype",8,[-103],[0,"86GC1hO5pBCol363BjNdMm",1,0],[-1.955,517.145,0,0,0,0,1,1,1,1]],[1,"hmk",37,[[3,-104,[6],7]],[0,"336QG/G/1KJof17/L+GyZp",1,0],[5,186,61],[0,7,0,0,0,0,1,1,1,1]],[1,"jx",6,[[2,0,-105,[11],12]],[0,"daoghi3N1C8JlCkZBG6UFa",1,0],[5,224,80],[0,18,0,0,0,0,1,1,1,1]],[1,"jx",2,[[2,0,-106,[21],22]],[0,"daDIVLhQFI1pXfdTDVmU70",1,0],[5,224,80],[0,18,0,0,0,0,1,1,1,1]],[1,"js",22,[[3,-107,[27],28]],[0,"d3bLrxON1BM65Z1La6DaUZ",1,0],[5,43,54],[-115.321,-27.364,0,0,0,0,1,1,1,1]],[1,"sp",22,[[3,-108,[29],30]],[0,"6248jJA4ZJ+7IJXk/n20r3",1,0],[5,38,30],[194.777,61.184,0,0,0,0,1,1,1,1]],[1,"jx",3,[[2,0,-109,[33],34]],[0,"dcH/DfFuVLe460fYkIwDON",1,0],[5,224,80],[0,18,0,0,0,0,1,1,1,1]],[1,"js",26,[[3,-110,[40],41]],[0,"17Nj5lP2dHrbivUj9Y3pYa",1,0],[5,43,54],[-115.321,-27.364,0,0,0,0,1,1,1,1]],[1,"sp",26,[[3,-111,[42],43]],[0,"6eUqazLUZHtKOXdRtjNOEY",1,0],[5,38,30],[185.141,68.411,0,0,0,0,1,1,1,1]],[1,"jx",4,[[2,0,-112,[46],47]],[0,"fdfGI1hBdMqJV/+LBL4A5n",1,0],[5,224,80],[0,18,0,0,0,0,1,1,1,1]],[1,"js",30,[[3,-113,[53],54]],[0,"228lU3vQFK/5665rstlH+d",1,0],[5,43,54],[-115.321,-27.364,0,0,0,0,1,1,1,1]],[1,"sp",30,[[3,-114,[55],56]],[0,"eeDBRvv7xBY4EZciFF0T8M",1,0],[5,38,30],[185.14,61.184,0,0,0,0,1,1,1,1]],[1,"jx",5,[[2,0,-115,[59],60]],[0,"88HY02Kl9FN44GPNpTeqtk",1,0],[5,224,80],[0,18,0,0,0,0,1,1,1,1]],[1,"js",34,[[3,-116,[66],67]],[0,"0aBAvakOFMJrUdBFapI/Ud",1,0],[5,43,54],[-115.321,-27.364,0,0,0,0,1,1,1,1]],[1,"sp",34,[[3,-117,[68],69]],[0,"fciqwl39dPdppLydDfZr9f",1,0],[5,38,30],[185.141,63.593,0,0,0,0,1,1,1,1]]],0,[0,4,1,0,0,1,0,-1,9,0,-2,35,0,-3,8,0,0,2,0,0,2,0,-1,19,0,-2,40,0,-3,20,0,-4,11,0,-5,22,0,0,3,0,0,3,0,-1,43,0,-2,23,0,-3,24,0,-4,12,0,-5,26,0,0,4,0,0,4,0,-1,46,0,-2,27,0,-3,28,0,-4,13,0,-5,30,0,0,5,0,0,5,0,-1,49,0,-2,31,0,-3,32,0,-4,14,0,-5,34,0,0,6,0,0,6,0,-1,39,0,-2,16,0,-3,10,0,-4,18,0,-1,36,0,-2,37,0,-3,15,0,0,9,0,0,9,0,0,9,0,0,10,0,0,10,0,-1,17,0,0,11,0,0,11,0,-1,21,0,0,12,0,0,12,0,-1,25,0,0,13,0,0,13,0,-1,29,0,0,14,0,0,14,0,-1,33,0,0,15,0,0,15,0,0,16,0,0,16,0,0,17,0,0,17,0,0,18,0,0,18,0,0,19,0,0,19,0,0,20,0,0,20,0,0,21,0,0,21,0,-1,41,0,-2,42,0,0,23,0,0,23,0,0,24,0,0,24,0,0,25,0,0,25,0,-1,44,0,-2,45,0,0,27,0,0,27,0,0,28,0,0,28,0,0,29,0,0,29,0,-1,47,0,-2,48,0,0,31,0,0,31,0,0,32,0,0,32,0,0,33,0,0,33,0,-1,50,0,-2,51,0,0,35,0,0,36,0,-1,38,0,0,38,0,0,39,0,0,40,0,0,41,0,0,42,0,0,43,0,0,44,0,0,45,0,0,46,0,0,47,0,0,48,0,0,49,0,0,50,0,0,51,0,5,1,2,2,7,3,2,7,4,2,7,5,2,7,6,2,7,7,2,8,117],[0,0,0,0,0,0,0,0,0,0,0,0,0,0,0,0,0,0,0,0,0,0,0,0,0,0,0,0,0,0,0,0,0,0,0,0,0,0,0,0,0,0,0,0,0,0,0,0,0,0,0,0,0,0,0,0,0,0,0,0,0,0,0,0,0,0,0,0,0,0,0,0],[-1,1,-1,1,-1,1,-1,1,-1,1,6,-1,1,-1,-1,-1,1,-1,-1,1,-1,-1,1,-1,-1,-1,1,-1,1,-1,1,-1,1,-1,1,-1,-1,-1,-1,1,-1,1,-1,1,-1,1,-1,1,-1,-1,-1,-1,1,-1,1,-1,1,-1,1,-1,1,-1,-1,-1,-1,1,-1,1,-1,1,-1,1],[0,7,0,8,0,9,0,10,0,11,12,0,1,0,0,0,2,0,0,3,0,0,1,0,0,0,2,0,4,0,5,0,3,0,1,0,0,0,0,2,0,4,0,5,0,3,0,1,0,0,0,0,2,0,4,0,5,0,3,0,1,0,0,0,0,2,0,4,0,5,0,3]],[[{"name":"js","rect":[0,0,43,54],"offset":[0,0],"originalSize":[43,54],"capInsets":[0,0,0,0]}],[1],0,[0],[3],[13]],[[{"name":"mk","rect":[0,0,539,173],"offset":[0,0],"originalSize":[539,173],"capInsets":[0,0,0,0]}],[1],0,[0],[3],[14]],[[{"name":"nd","rect":[0,0,194,49],"offset":[0,0],"originalSize":[194,49],"capInsets":[0,0,0,0]}],[1],0,[0],[3],[15]]]]