[1,["ecpdLyjvZBwrvm+cedCcQy","3aO5xWDFBICatq1E25FmCX","e8BHhMKj1OPY4/6N8RfIe7","3aAswSZNFH0Ij3ECdULZl/","29zexdw7xPRqp03wI3CwdD","61ozx114NO4Y8eAWwQCvnQ","8cNxtt+P5Pxp/u4yZT+qOV","76HhVAWxRPJrQuSJXk7e9z","cfOYFUqcJAU7wgu9zeJJZr","c6KlrCvg1NR7G9Dyxd4eg7","0c0NBanHtPJZpEXZ0S8dTb","88MIFr+BRLroYVicAFoqw9","302cMNampAlZTPByULyYDw","0cBAfR65dI2qEtDGLVpAv3","346GxCdexCsZ4koNOUdh1P","82NM93H25HBY86ec1m9aDe","c5YMCHaqpFCoMk21jrCjuH","75DYSrH9lMsoHAaJ8vKNxA","acywb7CxBIL5NClAgeHSxL","3eWE565a1Ny717IrkiLwkv","4bfw2g24VF6q3nk1mGd13C","aekxXYOPtCqbjCu9mxhf8+","ac8H9cX3tL5rrJim2pddDf","deFwoxAw1GdZsa9ICf1red","93PY0W0UBOqqoJ3cZVvvd9","473cGudkVLl7NEz99UCS1U","baugG7vdFIS4z23jsobxtG","f2Tvii11xLU4OfpgHINrJl","3f+RNQoVpAGIg8Ttvi5J8m","2acCl4WJVJSruE/dEeaHzm","37bY7Vzm5KiohKexTXPhqK","0cHzyj1K5PBJLjYEdlLs3o","d1HNwMTfNCVa6NM1p45xaB","e5Rfs9I0BJi5YhND+awTgT"],["node","_spriteFrame","_textureSetter","_parent","root","data","_normalMaterial","per_item"],[["cc.Node",["_name","_active","_objFlags","_opacity","_prefab","_parent","_components","_contentSize","_trs","_children","_color","_anchorPoint"],-1,4,1,9,5,7,2,5,5],"cc.SpriteFrame",["cc.Sprite",["_sizeMode","_enabled","_type","node","_materials","_spriteFrame"],0,1,3,6],["cc.Label",["_string","_N$verticalAlign","_N$horizontalAlign","_styleFlags","_fontSize","_lineHeight","node","_materials"],-3,1,3],["cc.Button",["_N$transition","zoomScale","node","_normalMaterial"],1,1,6],["cc.Widget",["_alignFlags","node"],2,1],["cc.PrefabInfo",["fileId","root","asset"],2,1,1],["7633c/ow0xHYZwa4BLlsdtU",["algintop","heipingalgintop","node"],1,1],["cc.LabelOutline",["_width","node","_color"],2,1,5],["cc.Prefab",["_name"],2],["cc.BlockInputEvents",["node"],3,1],["a5d57B8uB1CM6WQJAQGeaAH",["node","per_item"],3,1,6],["cc.Layout",["_enabled","_resize","_N$layoutType","_N$paddingLeft","_N$paddingRight","_N$spacingX","_N$spacingY","node","_layoutSize"],-4,1,5],["cefa1YYIzVMmJRMzi5wKSTK",["top","iTop","oTop","node"],0,1]],[[6,0,1,2,2],[2,3,4,5,1],[0,0,5,6,4,7,8,2],[0,0,1,5,6,4,7,8,3],[2,0,3,4,5,2],[0,0,9,6,4,7,8,2],[3,0,4,5,3,2,1,6,7,7],[0,0,5,6,4,10,7,2],[0,0,5,6,4,10,7,8,2],[2,2,0,3,4,5,3],[4,1,0,2,3],[4,0,2,2],[3,0,4,5,2,1,6,7,6],[0,0,5,9,6,4,7,8,2],[8,0,1,2,2],[9,0,2],[0,0,5,9,4,2],[0,0,1,5,6,4,10,7,8,3],[0,0,5,6,4,10,7,11,8,2],[0,0,1,5,9,6,4,7,3],[0,0,1,5,9,4,7,8,3],[5,1,1],[6,1,2,1],[2,1,3,4,2],[4,2,1],[3,0,3,2,1,6,7,5],[0,0,5,9,6,4,2],[0,0,5,9,6,4,8,2],[0,0,5,6,4,7,11,8,2],[0,0,5,9,4,8,2],[0,0,5,9,6,4,10,7,8,2],[0,0,1,5,9,6,4,7,8,3],[0,0,5,6,4,7,2],[0,0,2,1,5,6,4,7,8,4],[0,0,3,9,4,8,3],[0,0,5,9,6,4,7,2],[0,0,1,5,6,4,7,3],[0,0,1,5,9,4,7,3],[5,0,1,2],[10,0,1],[11,0,1,1],[2,1,0,3,4,3],[2,3,4,1],[4,0,2,3,2],[7,2,1],[7,0,1,2,3],[12,0,1,2,3,4,5,6,7,8,8],[13,0,1,2,3,4],[3,0,3,1,6,7,4],[3,0,2,1,6,7,4],[8,1,2,1]],[[[{"name":"tc","rect":[0,0,74,74],"offset":[0,0],"originalSize":[74,74],"capInsets":[0,0,0,0]}],[1],0,[0],[2],[6]],[[{"name":"mstw","rect":[0,0,244,63],"offset":[0,0],"originalSize":[244,63],"capInsets":[0,0,0,0]}],[1],0,[0],[2],[7]],[[[15,"selectgk"],[5,"selectgk",[-5,-6,-7,-8,-9,-10],[[38,45,-2],[39,-3],[40,-4,55]],[22,-1,0],[5,720,1280],[360,640,0,0,0,0,1,1,1,1]],[5,"game2",[-13,-14,-15,-16,-17,-18],[[41,false,0,-11,[54]],[10,1.1,3,-12]],[0,"96xsvpUnJNm51M9vH/VWXi",1,0],[5,92,115],[255,-548,0,0,0,0,1,1,1,0]],[26,"title",1,[-20,-21,-22,-23,-24,-25],[[44,-19]],[0,"97uM/aq5VH/bo8oOfTxOjg",1,0]],[27,"top",1,[-28,-29,-30],[[21,-26],[45,0,60,-27]],[0,"e5KW2bxUpEObdsU1UCQDZk",1,0],[-11.74,640,0,0,0,0,1,1,1,1]],[5,"btn_empty",[-33,-34,-35],[[4,0,-31,[36],37],[10,1.1,3,-32]],[0,"b9X4JD9Y9BU51E3an1zNHN",1,0],[5,260,100],[0,-548.104,0,0,0,0,1,1,1,0]],[5,"game1",[-37,-38,-39,-40],[[10,1.1,3,-36]],[0,"78NVJDKpZIF4zpacaimDiG",1,0],[5,92,115],[-232,-548,0,0,0,0,1,1,1,0]],[16,"bottom",1,[-41,-42,5,-43],[0,"77x71L5bNMeLkhdtLdRMFX",1,0]],[28,"node_items",1,[[46,false,1,3,70,20,30,30,-44,[5,750,765]],[21,-45],[47,true,true,true,-46]],[0,"77g/ICpLVO34jri8VBuNyv",1,0],[5,750,765],[0,0.5,1],[18.982,470.9,0,0,0,0,1,1,1,1]],[5,"btn_pre",[-49],[[9,1,0,-47,[13],14],[11,3,-48]],[0,"aeAJYvBQVIZIfqqnsNLDYm",1,0],[5,150,60],[-80,-2,0,0,0,0,1,1,1,0]],[5,"btn_next",[-52],[[9,1,0,-50,[16],17],[43,3,-51,18]],[0,"cceNGrIntMYpXcYNhLqyKr",1,0],[5,150,60],[94,-2,0,0,0,0,1,1,1,0]],[13,"zjj_desc20",7,[-55],[[9,1,0,-53,[26],27],[11,3,-54]],[0,"55bXDvRD9L/4pSkNzgrATF",1,0],[5,150,60],[-257.379,-385.283,0,0,0,0,1,1,1,0]],[13,"zjj_add20",7,[-58],[[9,1,0,-56,[29],30],[11,3,-57]],[0,"71dq7PzfJG+J+VooHsmdQH",1,0],[5,150,60],[266.379,-383.283,0,0,0,0,1,1,1,0]],[3,"game3",false,3,[[1,-59,[6],7],[24,-60]],[0,"68VPkus29E15+QtHFNVf86",1,0],[5,185,62],[10,586,0,0,0,0,1,1.1,1.1,1]],[2,"game1",3,[[1,-61,[8],9],[24,-62]],[0,"a8aNUliA5KOa9kOOyLJRKQ",1,0],[5,186,61],[10,589,0,0,0,0,1,1.1,1.1,1]],[29,"menu",1,[9,10],[0,"f0/sdEJj1FiruUWR5qj4qr",1,0],[2.713,-382.225,0,0,0,0,1,1,1,1]],[13,"bkg_top",4,[-64],[[23,false,-63,[20]]],[0,"6cliyfZPNBv7dC+PKm2ndD",1,0],[5,893,110],[0,-55.5,0,0,0,0,1,1,1,1]],[2,"btn_close",4,[[4,0,-65,[21],22],[11,3,-66]],[0,"ebQOZEXc9DgLgLlRguTTGb",1,0],[5,90,90],[-294.749,-63.906000000000006,0,0,0,0,1,1,1,0]],[30,"cro",4,[-68],[[23,false,-67,[24]]],[0,"d1DPHuDWdI6Y5hIeAN9786",1,0],[4,4291548584],[5,264,110],[253,-51,0,0,0,0,1,1,1,1]],[2,"l1",5,[[12,"快速开始",30,32,1,1,-69,[31]],[14,2,-70,[4,4278190080]]],[0,"11cZIAwvRNgZZIWw7r9y2D",1,0],[5,124,44.32],[0,-13.374,0,0,0,0,1,1,1,1]],[2,"lv",5,[[12,"第11关",24,24,1,1,-71,[32]],[14,2,-72,[4,4278190080]]],[0,"42nn7XXt1DYpm3m2FRxzd8",1,0],[5,76.91,34.239999999999995],[0,25.591,0,0,0,0,1,1,1,1]],[31,"3",false,5,[-74],[[1,-73,[34],35]],[0,"71pMTVdHxCxp8g/Virx0Te",1,0],[5,32,41],[75.556,-16.013,0,0,0,0,1,0.7,0.7,1]],[2,"c",21,[[12,"3",30,30,1,1,-75,[33]],[14,2,-76,[4,4278190080]]],[0,"8cpMMKV0dBTZVE9PI+WcFy",1,0],[5,20.68,41.8],[38.597,0.646,0,0,0,0,1,1,1,1]],[16,"othergame",7,[6,2],[0,"ba8mwv5fVKj7M8j88DfzBn",1,0]],[17,"title",false,2,[[12,"推荐游戏",20,20,1,1,-77,[52]],[50,-78,[4,4278190080]]],[0,"c5YjCQaRFNEoamJXgQ8BRD",1,0],[4,4278245375],[5,82,27.2],[0,65.055,0,0,0,0,1,1,1,1]],[2,"bkg_center",1,[[1,-79,[0],1]],[0,"177paTxPlAX6jlHuhvgOw9",1,0],[5,720,1280],[0,0,0,0,0,0,1,1.3,1.3,1]],[3,"game2",false,3,[[1,-80,[2],3]],[0,"9eqDwSf7pI97N8LdF1HoEe",1,0],[5,184,63],[10,589,0,0,0,0,1,1,1,1]],[3,"game4",false,3,[[1,-81,[4],5]],[0,"234+IWKXFEvZ3aXgpzJ+Im",1,0],[5,244,63],[10,589,0,0,0,0,1,1,1,1]],[17,"gamename",false,3,[[25,"关卡 1",1,1,1,-82,[10]]],[0,"09HRuAikFFzqNJ+Cp28gth",1,0],[4,4279057241],[5,113.36,50.4],[0,587.876,0,0,0,0,1,1,1,1]],[18,"gamenandu",3,[[48,"关卡 1",1,1,-83,[11]]],[0,"92w6yvJ0hG4I0QakMSDBe1",1,0],[4,4279057241],[5,113.36,50.4],[0,0,0.5],[143.538,519.173,0,0,0,0,1,1,1,1]],[7,"New Label",9,[[6,"上一页",30,30,1,1,1,-84,[12]]],[0,"98EhUAXn1NkZJbrMprma0Q",1,0],[4,4285229944],[5,90,37.8]],[7,"New Label",10,[[6,"下一页",30,30,1,1,1,-85,[15]]],[0,"2fIkoMeH5LSYyaOgs8r/bV",1,0],[4,4285229944],[5,90,37.8]],[8,"txt_curlvevel",16,[[25,"关卡 1",1,1,1,-86,[19]]],[0,"a6zvdJJhhNVYDCwLemYav3",1,0],[4,4279057241],[5,113.36,50.4],[21.729,-65.064,0,0,0,0,1,1,1,1]],[18,"txt_chater",18,[[49,"章1",1,1,-87,[23]]],[0,"baqlJ8/vVA7Jvb1ukCeBqy",1,0],[4,4286775452],[5,62.25,50.4],[0,1,0.5],[109.975,-13.787,0,0,0,0,1,1,1,1]],[7,"New Label",11,[[6,"章节-20",30,30,1,1,1,-88,[25]]],[0,"e2KcsARQpJ571aJz8PPtJ/",1,0],[4,4285229944],[5,103.36,37.8]],[7,"New Label",12,[[6,"章节+20",30,30,1,1,1,-89,[28]]],[0,"c6gxrOmAFHb42POf77xxWH",1,0],[4,4285229944],[5,110.89,37.8]],[32,"tuijian_bs",6,[[4,0,-90,[38],39]],[0,"55sbPluD1BbpOfCdD0hzg7",1,0],[5,113,130]],[2,"icon",6,[[4,0,-91,[40],41]],[0,"9b4JX+I2pL8YaiuKPj4ZE9",1,0],[5,90,90],[0,11.707,0,0,0,0,1,1,1,1]],[8,"name",6,[[6,"怪兽防卫战",20,22,1,1,1,-92,[42]]],[0,"6aZSgYq2xO4p9PQcIdm4RE",1,0],[4,4278190080],[5,100,27.72],[0.32399999999999984,-49.703,0,0,0,0,1,1,1,1]],[3,"n",false,6,[[1,-93,[43],44]],[0,"eddc/B8KRHEJB0ZDJSG5J/",1,0],[5,61,32],[-47.125,63.815,0,0,0,0,1,1,1,1]],[2,"tuijian_bs",2,[[4,0,-94,[45],46]],[0,"4bOmR7M8dPs5bCV/PZka1R",1,0],[5,113,130],[-1,0,0,0,0,0,1,1,1,1]],[2,"icon",2,[[4,0,-95,[47],48]],[0,"feF4RUTmxIaK3sG9W0GQrj",1,0],[5,90,90],[0,11.707,0,0,0,0,1,1,1,1]],[8,"name",2,[[6,"怪兽防卫战",20,22,1,1,1,-96,[49]]],[0,"4dC/VIYg1DALmXAX+uOghE",1,0],[4,4278190080],[5,100,27.72],[0.32399999999999984,-49.703,0,0,0,0,1,1,1,1]],[3,"n",false,2,[[1,-97,[50],51]],[0,"58+o44D4lMN7HbL1hG45UY",1,0],[5,61,32],[-47.125,63.815,0,0,0,0,1,1,1,1]],[33,"hytj",512,false,2,[[42,-98,[53]]],[0,"10VBj6GjtHfYVpnFQhvuJv",1,0],[5,23,87],[-56.065,3.242,0,0,0,0,1,1,1,1]]],0,[0,4,1,0,0,1,0,0,1,0,0,1,0,-1,25,0,-2,8,0,-3,3,0,-4,15,0,-5,4,0,-6,7,0,0,2,0,0,2,0,-1,40,0,-2,41,0,-3,42,0,-4,43,0,-5,24,0,-6,44,0,0,3,0,-1,26,0,-2,27,0,-3,13,0,-4,14,0,-5,28,0,-6,29,0,0,4,0,0,4,0,-1,16,0,-2,17,0,-3,18,0,0,5,0,0,5,0,-1,19,0,-2,20,0,-3,21,0,0,6,0,-1,36,0,-2,37,0,-3,38,0,-4,39,0,-1,11,0,-2,12,0,-4,23,0,0,8,0,0,8,0,0,8,0,0,9,0,0,9,0,-1,30,0,0,10,0,0,10,0,-1,31,0,0,11,0,0,11,0,-1,34,0,0,12,0,0,12,0,-1,35,0,0,13,0,0,13,0,0,14,0,0,14,0,0,16,0,-1,32,0,0,17,0,0,17,0,0,18,0,-1,33,0,0,19,0,0,19,0,0,20,0,0,20,0,0,21,0,-1,22,0,0,22,0,0,22,0,0,24,0,0,24,0,0,25,0,0,26,0,0,27,0,0,28,0,0,29,0,0,30,0,0,31,0,0,32,0,0,33,0,0,34,0,0,35,0,0,36,0,0,37,0,0,38,0,0,39,0,0,40,0,0,41,0,0,42,0,0,43,0,0,44,0,5,1,2,3,23,5,3,7,6,3,23,9,3,15,10,3,15,98],[0,0,0,0,0,0,0,0,0,0,0,0,0,0,0,0,0,0,0,0,0,0,0,0,0,0,0,0,0,0,0,0,0,0,0,0,0,0,0,0,0,0,0,0,0,0,0,0,0,0,0,0,0,0,0,0],[-1,1,-1,1,-1,1,-1,1,-1,1,-1,-1,-1,-1,1,-1,-1,1,6,-1,-1,-1,1,-1,-1,-1,-1,1,-1,-1,1,-1,-1,-1,-1,1,-1,1,-1,1,-1,1,-1,-1,1,-1,1,-1,1,-1,-1,1,-1,-1,-1,7],[0,8,0,9,0,10,0,11,0,12,0,0,0,0,1,0,0,1,0,0,0,0,13,0,0,0,0,1,0,0,1,0,0,0,0,14,0,15,0,3,0,4,0,0,5,0,3,0,4,0,0,5,0,0,0,16]],[[{"name":"an","rect":[0,0,206,76],"offset":[0,0],"originalSize":[206,76],"capInsets":[0,0,0,0]}],[1],0,[0],[2],[17]],[[{"name":"jx2","rect":[0,0,116,116],"offset":[0,0],"originalSize":[116,116],"capInsets":[0,0,0,0]}],[1],0,[0],[2],[18]],[[{"name":"sp1","rect":[0,0,45,36],"offset":[0,0],"originalSize":[45,36],"capInsets":[0,0,0,0]}],[1],0,[0],[2],[19]],[[{"name":"txz","rect":[0,0,185,62],"offset":[0,0],"originalSize":[185,62],"capInsets":[0,0,0,0]}],[1],0,[0],[2],[20]],[[{"name":"Popup_Public_Lock","rect":[0,0,43,51],"offset":[0,0],"originalSize":[43,51],"capInsets":[0,0,0,0]}],[1],0,[0],[2],[21]],[[{"name":"jx3","rect":[0,0,116,116],"offset":[0,0],"originalSize":[116,116],"capInsets":[0,0,0,0]}],[1],0,[0],[2],[22]],[[[15,"xuanguang_item"],[5,"xuanguang_item",[-3,-4,-5,-6],[[10,1.1,3,-2]],[22,-1,0],[5,129,129],[0,0,0,0,0,0,1,1,1,0]],[34,"stars",163.965,[-7,-8,-9],[0,"5eJnd/qxVK34fzu83RN76D",1,0],[0,-9.436,0,0,0,0,1,0.5,0.5,1]],[19,"bkg_lock",false,1,[-11,-12],[[1,-10,[12],13]],[0,"06umN5PKpLSrdou+7qh1RT",1,0],[5,116,116]],[35,"bkg_pass",1,[2],[[1,-13,[6],7]],[0,"ac+kovYwJKlJoKIvviQTbz",1,0],[5,116,116]],[19,"bkg_current",false,1,[-15],[[1,-14,[16],17]],[0,"f26Y+7Mt1JWJdl3QnwCXCU",1,0],[5,116,116]],[20,"star_3",false,2,[-16],[0,"43SBY0+glI6b4ISdoKdtQm",1,0],[5,52,50],[79.98,-26.082,0,0,0,0,1,0.8,0.8,0.8]],[36,"star_y",false,6,[[1,-17,[0],1]],[0,"69g8e3TeVH2rXOIpKpRdTT",1,0],[5,52,50]],[20,"star_1",false,2,[-18],[0,"16tHf0gPlMh5svupAJa6dR",1,0],[5,79,77],[-78.603,-20.082,0,0,0,0,1,0.8,0.8,0.8]],[3,"star_y",false,8,[[1,-19,[2],3]],[0,"5dq2y7gVBE45uPCMRnU7IS",1,0],[5,52,50],[0,-9,0,0,0,0,1,1,1,1]],[37,"star_2",false,2,[-20],[0,"39XV1naMhFK5BKtd9graxM",1,0],[5,79,77]],[3,"star_y",false,10,[[1,-21,[4],5]],[0,"11DCai1rpHbaOxv0Wd0gxR",1,0],[5,52,50],[0,-6,0,0,0,0,1,1,1,1]],[3,"Popup_Public_Lock",false,3,[[4,0,-22,[8],9]],[0,"2feWf+YnJHrqx/AlqmJg1M",1,0],[5,26,26],[-32.783,-29.285,0,0,0,0,1,1,1,1]],[2,"sp1",3,[[1,-23,[10],11]],[0,"10Zzm+I/VOyIjRBZo1IZmb",1,0],[5,45,36],[33.858,-31.53,0,0,0,0,1,0.6,0.6,1]],[2,"icon_play",5,[[4,0,-24,[14],15]],[0,"831S7Vm7dAKZPpkgnSyyHu",1,0],[5,26,30],[1.214,-27.714,0,0,0,0,1,1,1,1]],[8,"txt_lv",1,[[6,"20",30,30,1,1,1,-25,[18]]],[0,"97QDDXnIFKaLxmOBsU9RhO",1,0],[4,4279057241],[5,33.37,37.8],[0,10,0,0,0,0,1,1,1,1]]],0,[0,4,1,0,0,1,0,-1,4,0,-2,3,0,-3,5,0,-4,15,0,-1,6,0,-2,8,0,-3,10,0,0,3,0,-1,12,0,-2,13,0,0,4,0,0,5,0,-1,14,0,-1,7,0,0,7,0,-1,9,0,0,9,0,-1,11,0,0,11,0,0,12,0,0,13,0,0,14,0,0,15,0,5,1,2,3,4,25],[0,0,0,0,0,0,0,0,0,0,0,0,0,0,0,0,0,0,0],[-1,1,-1,1,-1,1,-1,1,-1,1,-1,1,-1,1,-1,1,-1,1,-1],[0,2,0,2,0,2,0,23,0,24,0,25,0,26,0,27,0,28,0]],[[{"name":"ymx","rect":[0,0,184,63],"offset":[0,0],"originalSize":[184,63],"capInsets":[0,0,0,0]}],[1],0,[0],[2],[29]],[[{"name":"bj","rect":[0,0,720,1280],"offset":[0,0],"originalSize":[720,1280],"capInsets":[0,0,0,0]}],[1],0,[0],[2],[30]],[[{"name":"jx1","rect":[0,0,116,116],"offset":[0,0],"originalSize":[116,116],"capInsets":[0,0,0,0]}],[1],0,[0],[2],[31]],[[{"name":"star_y","rect":[0,0,52,50],"offset":[0,0],"originalSize":[52,50],"capInsets":[0,0,0,0]}],[1],0,[0],[2],[32]],[[{"name":"icon_play","rect":[0,0,37,42],"offset":[0,0],"originalSize":[37,42],"capInsets":[0,0,0,0]}],[1],0,[0],[2],[33]]]]