[1,["ecpdLyjvZBwrvm+cedCcQy","82NM93H25HBY86ec1m9aDe","2dJndVGudKRYtsTc+jzFsx","e4GVAXjfdMlqT557J44j1p","eehYmpmJBMw4q5eYsfY4n5","c0irl7LU1A8rq71I1TP4Z+","afLfRUXtxAFpHxkSpFp0tV","6ejn85yW5OE5Kaxu8HdvuO","7bXoq8TatLVJq+kx3a4Lm5","d4QuQzZaFJqIYN4brB2rpA","a2MjXRFdtLlYQ5ouAFv/+R","25qaeyAdRP3KieBra7aE9v","f9auQNMhRHNoO8XEAFKhSh","c4/5A2AyJD7IilK8R05NG9","dfERAP56NArpoWwk9Nx5GL","49AesENOdHRYSZ9UYmqIP2","49rF122YlH7ZqsQ7ZKrZ59","afVDGMWxZOwoHmoxCkyG0X","1aZuv7CHlLaJ6HQ9tEfDi6","09B+SPQ0ROTYe+RLAm5GWt","e6Y5V6YmZEjKYwu98+Zci0"],["node","_spriteFrame","_textureSetter","_parent","root","data"],[["cc.Node",["_name","_opacity","_prefab","_parent","_contentSize","_components","_trs","_children","_color","_anchorPoint"],1,4,1,5,9,7,2,5,5],["cc.Label",["_string","_fontSize","_N$verticalAlign","_N$horizontalAlign","_styleFlags","_lineHeight","_N$overflow","node","_materials"],-4,1,3],"cc.SpriteFrame",["cc.PrefabInfo",["fileId","root","asset"],2,1,1],["cc.Sprite",["_sizeMode","node","_materials","_spriteFrame"],2,1,3,6],["cc.Button",["zoomScale","_N$transition","node"],1,1],["cc.Prefab",["_name"],2],["9cc22IyZkFGzrFXzfGc+GeS",["node"],3,1],["cc.LabelOutline",["_width","node","_color"],2,1,5]],[[3,0,1,2,2],[0,0,3,5,2,4,6,2],[4,1,2,3,1],[4,0,1,2,3,2],[0,0,3,7,5,2,4,6,2],[0,0,3,5,2,8,4,6,2],[5,0,1,2,3],[1,0,1,5,3,2,7,8,6],[1,0,1,4,3,2,7,8,6],[0,0,7,2,6,2],[1,0,3,2,7,8,4],[1,0,1,5,4,3,2,7,8,7],[8,0,1,2,2],[6,0,2],[0,0,7,5,2,4,2],[0,0,3,7,2,4,2],[0,0,3,7,2,2],[0,0,3,7,2,6,2],[0,0,1,3,5,2,8,4,3],[0,0,3,5,2,4,2],[0,0,3,5,2,4,9,6,2],[0,0,3,5,2,8,4,9,6,2],[7,0,1],[3,1,2,1],[5,2,1],[1,0,1,2,7,8,4],[1,0,1,4,6,7,8,5]],[[[{"name":"jx","rect":[0,0,188,193],"offset":[0,0],"originalSize":[188,193],"capInsets":[0,0,0,0]}],[2],0,[0],[2],[5]],[[{"name":"cw","rect":[0,0,84,109],"offset":[0,0],"originalSize":[84,109],"capInsets":[0,0,0,0]}],[2],0,[0],[2],[6]],[[{"name":"tgbg","rect":[0,0,95,109],"offset":[0,0],"originalSize":[95,109],"capInsets":[0,0,0,0]}],[2],0,[0],[2],[7]],[[{"name":"sc","rect":[0,0,74,38],"offset":[0,0],"originalSize":[74,38],"capInsets":[0,0,0,0]}],[2],0,[0],[2],[8]],[[{"name":"btk","rect":[0,0,470,108],"offset":[0,0],"originalSize":[470,108],"capInsets":[0,0,0,0]}],[2],0,[0],[2],[9]],[[[13,"shangcheng"],[14,"shangcheng",[-3,-4],[[22,-2]],[23,-1,0],[5,720,1280]],[15,"panel",1,[-5,-6,-7,-8,-9,-10,-11],[0,"e1OK/Tw4FBb4Jv0NSFI6AH",1,0],[5,720,1280]],[9,"1",[-12,-13,-14,-15,-16,-17,-18],[0,"99W+uG4edP9p/hs+37za5H",1,0],[-178,155,0,0,0,0,1,1,1,1]],[9,"2",[-19,-20,-21,-22,-23,-24,-25],[0,"66lGwuXyZNH5HWeyreNpJQ",1,0],[180,155,0,0,0,0,1,1,1,1]],[9,"3",[-26,-27,-28,-29,-30,-31,-32],[0,"e78NaQLLxHrYL7A206BvE0",1,0],[-178,-300,0,0,0,0,1,1,1,1]],[9,"4",[-33,-34,-35,-36,-37,-38,-39],[0,"4cqmUmL+VFl6MS0G53Zkbg",1,0],[180,-300,0,0,0,0,1,1,1,1]],[16,"wuping",2,[3,4,5,6],[0,"1dAu2BwElB4quK8Me03xRh",1,0]],[4,"gooumai",3,[-42,-43],[[3,0,-40,[19],20],[6,1.1,3,-41]],[0,"f5/iqAqW5DdbTUueIK98lo",1,0],[5,180,60],[0,-68,0,0,0,0,1,1,1,0]],[4,"shiping",3,[-46,-47],[[3,0,-44,[24],25],[6,1.1,3,-45]],[0,"a595HEyrtFUrt5f2mEUgvG",1,0],[5,180,90],[0,-158,0,0,0,0,1,1,1,0]],[4,"shiping",4,[-50,-51],[[3,0,-48,[36],37],[6,1.1,3,-49]],[0,"dfcOKjl3RNtYoxvQCP2Epn",1,0],[5,180,90],[0,-158,0,0,0,0,1,1,1,0]],[4,"gooumai",4,[-54,-55],[[3,0,-52,[41],42],[6,1.1,3,-53]],[0,"35DB1iwblB9btbPvC8P653",1,0],[5,180,60],[0,-68,0,0,0,0,1,1,1,0]],[4,"shiping",5,[-58,-59],[[3,0,-56,[53],54],[6,1.1,3,-57]],[0,"09KvpNF2JAYZUPIX6xkpCT",1,0],[5,180,90],[0,-158,0,0,0,0,1,1,1,0]],[4,"gooumai",5,[-62,-63],[[3,0,-60,[58],59],[6,1.1,3,-61]],[0,"fbi9czmRlE6Ypn/qQIQ8S2",1,0],[5,180,60],[0,-68,0,0,0,0,1,1,1,0]],[4,"shiping",6,[-66,-67],[[3,0,-64,[70],71],[6,1.1,3,-65]],[0,"0dpDzm00lDiamEZdk5SlXk",1,0],[5,180,90],[0,-158,0,0,0,0,1,1,1,0]],[4,"gooumai",6,[-70,-71],[[3,0,-68,[75],76],[6,1.1,3,-69]],[0,"0bg53NUOxOKKwwr8jMQVxf",1,0],[5,180,60],[0,-68,0,0,0,0,1,1,1,0]],[17,"jinbi",2,[-72,-73,-74],[0,"06pUr53phP6qCZ2CSesow1",1,0],[233.184,569.883,0,0,0,0,1,1,1,1]],[18,"bk",200,1,[[3,0,-75,[0],1],[24,-76]],[0,"f2YaArhsVAOo7mVKQyYO1t",1,0],[4,4278190080],[5,1000,2000]],[1,"exit",2,[[2,-77,[4],5],[6,1.1,3,-78]],[0,"647E5XbKNCbKTpmpSYme6+",1,0],[5,84,89],[-263.819,547.623,0,0,0,0,1,1,1,0]],[4,"btk",2,[-80],[[2,-79,[8],9]],[0,"97nHZbi7xEObenYfGKIIWZ",1,0],[5,470,108],[0,465.836,0,0,0,0,1,0.8,0.8,1]],[1,"c",9,[[8,"视频购买",26,1,1,1,-81,[23]],[12,4,-82,[4,4278190335]]],[0,"9a4gGP51RHHopdTcrYT2es",1,0],[5,112,58.4],[23.733,4.84,0,0,0,0,1,1,1,1]],[1,"c",10,[[8,"视频购买",26,1,1,1,-83,[35]],[12,4,-84,[4,4278190335]]],[0,"54XwrJEr1PXrMNv73QPH5Y",1,0],[5,112,58.4],[23.733,4.84,0,0,0,0,1,1,1,1]],[1,"c",12,[[8,"视频购买",26,1,1,1,-85,[52]],[12,4,-86,[4,4278190335]]],[0,"13EN1HYg5PPLpLn6scB6yN",1,0],[5,112,58.4],[23.733,5.84,0,0,0,0,1,1,1,1]],[1,"c",14,[[8,"视频购买",26,1,1,1,-87,[69]],[12,4,-88,[4,4278190335]]],[0,"03JsMHI/9NYZj/GFfciety",1,0],[5,112,58.4],[23.733,4.84,0,0,0,0,1,1,1,1]],[19,"bkg_center",2,[[2,-89,[2],3]],[0,"5cR0L1NqtPIL35kRtPyz0d",1,0],[5,1440,1920]],[1,"sc",19,[[2,-90,[6],7]],[0,"098whJoqtKkr3fK9m5ETV7",1,0],[5,74,38],[0,16.987,0,0,0,0,1,1,1,1]],[1,"jx",3,[[3,0,-91,[10],11]],[0,"cca+70DPdCva9cr+SVkDhf",1,0],[5,200,200],[0,80.932,0,0,0,0,1,1,1,1]],[1,"11",3,[[2,-92,[12],13]],[0,"2aplxLxpFBnK5PLS/+Lsbk",1,0],[5,84,109],[0,74.783,0,0,0,0,1,0.7,0.7,1]],[1,"name",3,[[7,"重玩卡",30,30,1,1,-93,[14]]],[0,"8cJ3GIqNNKA6f4OtClSjTT",1,0],[5,90,37.8],[0,142,0,0,0,0,1,1,1,1]],[1,"c",3,[[7,"现有:0",30,30,1,1,-94,[15]]],[0,"590A+XyvlLk6coVKZf6OUf",1,0],[5,85.02,37.8],[0,14,0,0,0,0,1,1,1,1]],[1,"1",8,[[2,-95,[16],17]],[0,"7cOnZWVOFMpJ/+PjcDpQht",1,0],[5,38,39],[-51.714,2.5149999999999997,0,0,0,0,1,1,1,1]],[5,"c",8,[[10,"200",1,1,-96,[18]]],[0,"a9V5TA5MNCYpbvgODR/O9+",1,0],[4,4278190080],[5,66.74,50.4],[14.733,2.84,0,0,0,0,1,1,1,1]],[1,"1",9,[[2,-97,[21],22]],[0,"2fj5yqkJZL+a0yKbG8foaI",1,0],[5,38,30],[-55.714,3.5149999999999997,0,0,0,0,1,1,1,1]],[5,"lianxuc",3,[[11,"今日连续购买:11",24,30,1,1,1,-98,[26]]],[0,"1fl2JwMMdIlIx4TrEmSuB7",1,0],[4,4278190080],[5,177.36,37.8],[2.011,-218.885,0,0,0,0,1,1,1,1]],[1,"jx",4,[[3,0,-99,[27],28]],[0,"95QwDfZtNNrIh1DlI/BHgT",1,0],[5,200,200],[0,80.932,0,0,0,0,1,1,1,1]],[1,"11",4,[[2,-100,[29],30]],[0,"d2wLhostpMTbAJjhtByuvq",1,0],[5,95,109],[0,74.783,0,0,0,0,1,0.7,0.7,1]],[1,"name",4,[[7,"跳关卡",30,30,1,1,-101,[31]]],[0,"64DefgVylDe4seYKMm10PI",1,0],[5,90,37.8],[0,142,0,0,0,0,1,1,1,1]],[1,"c",4,[[7,"现有:0",30,30,1,1,-102,[32]]],[0,"18FWFbr0VCvL1jCoVvWeWb",1,0],[5,85.02,37.8],[0,14,0,0,0,0,1,1,1,1]],[1,"1",10,[[2,-103,[33],34]],[0,"dfvcKNe2JE94PHnoEWwQon",1,0],[5,38,30],[-55.714,3.5149999999999997,0,0,0,0,1,1,1,1]],[1,"1",11,[[2,-104,[38],39]],[0,"60msoZJgRDPoj8wmGPfMy1",1,0],[5,38,39],[-51.714,2.5149999999999997,0,0,0,0,1,1,1,1]],[5,"c",11,[[10,"200",1,1,-105,[40]]],[0,"cd3DuChbVMkK/IVAYA4B1J",1,0],[4,4278190080],[5,66.74,50.4],[14.733,2.84,0,0,0,0,1,1,1,1]],[5,"lianxuc",4,[[11,"今日连续购买:11",24,30,1,1,1,-106,[43]]],[0,"57hc2Bq/NNn4ALNdrl74MD",1,0],[4,4278190080],[5,177.36,37.8],[2.011,-218.885,0,0,0,0,1,1,1,1]],[1,"jx",5,[[3,0,-107,[44],45]],[0,"54K1HuSrlKPIUVH1BwVkVc",1,0],[5,200,200],[0,80.932,0,0,0,0,1,1,1,1]],[1,"11",5,[[2,-108,[46],47]],[0,"a0ZLQkJ2FNNrMcCGM0B3lB",1,0],[5,92,109],[0,74.783,0,0,0,0,1,0.7,0.7,1]],[1,"name",5,[[7,"自动提示卡",30,30,1,1,-109,[48]]],[0,"e6spd6JTxIeKYhDL40gE4z",1,0],[5,150,37.8],[0,142,0,0,0,0,1,1,1,1]],[1,"c",5,[[7,"现有:0",30,30,1,1,-110,[49]]],[0,"eciR4eyTJI95tHK4svSgKk",1,0],[5,85.02,37.8],[0,14,0,0,0,0,1,1,1,1]],[1,"1",12,[[2,-111,[50],51]],[0,"1eK50g0MJA4oXKEsrrU7Pk",1,0],[5,38,30],[-55.714,3.5149999999999997,0,0,0,0,1,1,1,1]],[1,"1",13,[[2,-112,[55],56]],[0,"07PCwOi5dEeKMyqW07BoiV",1,0],[5,38,39],[-51.714,2.5149999999999997,0,0,0,0,1,1,1,1]],[5,"c",13,[[10,"200",1,1,-113,[57]]],[0,"38uL/0DhREOo4Q7FobfAbE",1,0],[4,4278190080],[5,66.74,50.4],[14.733,2.84,0,0,0,0,1,1,1,1]],[5,"lianxuc",5,[[11,"今日连续购买:11",24,30,1,1,1,-114,[60]]],[0,"d0DDLM1QpGGpX71kllTsB8",1,0],[4,4278190080],[5,177.36,37.8],[2.011,-218.885,0,0,0,0,1,1,1,1]],[1,"jx",6,[[3,0,-115,[61],62]],[0,"681EvxSbJLW5ffQn3zKBNu",1,0],[5,200,200],[0,80.932,0,0,0,0,1,1,1,1]],[1,"11",6,[[2,-116,[63],64]],[0,"49KttZT9VFMaYmOiHCfAts",1,0],[5,95,109],[0,74.783,0,0,0,0,1,0.7,0.7,1]],[1,"name",6,[[7,"逐步提示卡",30,30,1,1,-117,[65]]],[0,"48AjZczlNGeKmDHyQZte9k",1,0],[5,150,37.8],[0,142,0,0,0,0,1,1,1,1]],[1,"c",6,[[7,"现有:0",30,30,1,1,-118,[66]]],[0,"8143vO7ndHs6BMPXFRASDi",1,0],[5,85.02,37.8],[0,14,0,0,0,0,1,1,1,1]],[1,"1",14,[[2,-119,[67],68]],[0,"48yImj9dtNy7eJgpxdZpYT",1,0],[5,38,30],[-55.714,3.5149999999999997,0,0,0,0,1,1,1,1]],[1,"1",15,[[2,-120,[72],73]],[0,"5c2F0+dk5F2asUoYV6c8oP",1,0],[5,38,39],[-51.714,2.5149999999999997,0,0,0,0,1,1,1,1]],[5,"c",15,[[10,"200",1,1,-121,[74]]],[0,"41rM6MbRdAfZFdPdHGWlYh",1,0],[4,4278190080],[5,66.74,50.4],[14.733,2.84,0,0,0,0,1,1,1,1]],[5,"lianxuc",6,[[11,"今日连续购买:11",24,30,1,1,1,-122,[77]]],[0,"f97sxPXm1J14XtbCXIW6Gy",1,0],[4,4278190080],[5,177.36,37.8],[2.011,-218.885,0,0,0,0,1,1,1,1]],[1,"jinbibk",16,[[2,-123,[78],79]],[0,"a6jkPmSndP96cVl2rxwg7v",1,0],[5,156,40],[11.343,-11.343,0,0,0,0,1,1,1,1]],[1,"jb",16,[[2,-124,[80],81]],[0,"e0wJNWuUdOPonW26x3Cix9",1,0],[5,38,39],[-49.91,-11.343,0,0,0,0,1,1,1,1]],[20,"c",16,[[25,"1000",26,1,-125,[82]]],[0,"16vCGQ1KNJXKnZ5hCELyTm",1,0],[5,57.84,50.4],[0,0,0.5],[-25.193,-11.343,0,0,0,0,1,1,1,1]],[5,"topdesc",2,[[8,"观看视频获取2道具或者使用金币购买道具",26,1,1,1,-126,[83]]],[0,"61HSUynABGbYvg9qf3ukIe",1,0],[4,4278190080],[5,482.46,50.4],[2,382.766,0,0,0,0,1,1,1,1]],[21,"bottomdesc",2,[[26,"每个道具今日连续视频购买3次赠送1次",26,1,3,-127,[84]]],[0,"1bwiQARFdOjacxHiHINfGw",1,0],[4,4278190080],[5,550,50.4],[0,0,1],[-276.48,-557.42,0,0,0,0,1,1,1,1]]],0,[0,4,1,0,0,1,0,-1,17,0,-2,2,0,-1,24,0,-2,18,0,-3,19,0,-4,7,0,-5,16,0,-6,61,0,-7,62,0,-1,26,0,-2,27,0,-3,28,0,-4,29,0,-5,8,0,-6,9,0,-7,33,0,-1,34,0,-2,35,0,-3,36,0,-4,37,0,-5,10,0,-6,11,0,-7,41,0,-1,42,0,-2,43,0,-3,44,0,-4,45,0,-5,12,0,-6,13,0,-7,49,0,-1,50,0,-2,51,0,-3,52,0,-4,53,0,-5,14,0,-6,15,0,-7,57,0,0,8,0,0,8,0,-1,30,0,-2,31,0,0,9,0,0,9,0,-1,32,0,-2,20,0,0,10,0,0,10,0,-1,38,0,-2,21,0,0,11,0,0,11,0,-1,39,0,-2,40,0,0,12,0,0,12,0,-1,46,0,-2,22,0,0,13,0,0,13,0,-1,47,0,-2,48,0,0,14,0,0,14,0,-1,54,0,-2,23,0,0,15,0,0,15,0,-1,55,0,-2,56,0,-1,58,0,-2,59,0,-3,60,0,0,17,0,0,17,0,0,18,0,0,18,0,0,19,0,-1,25,0,0,20,0,0,20,0,0,21,0,0,21,0,0,22,0,0,22,0,0,23,0,0,23,0,0,24,0,0,25,0,0,26,0,0,27,0,0,28,0,0,29,0,0,30,0,0,31,0,0,32,0,0,33,0,0,34,0,0,35,0,0,36,0,0,37,0,0,38,0,0,39,0,0,40,0,0,41,0,0,42,0,0,43,0,0,44,0,0,45,0,0,46,0,0,47,0,0,48,0,0,49,0,0,50,0,0,51,0,0,52,0,0,53,0,0,54,0,0,55,0,0,56,0,0,57,0,0,58,0,0,59,0,0,60,0,0,61,0,0,62,0,5,1,3,3,7,4,3,7,5,3,7,6,3,7,127],[0,0,0,0,0,0,0,0,0,0,0,0,0,0,0,0,0,0,0,0,0,0,0,0,0,0,0,0,0,0,0,0,0,0,0,0,0,0,0,0,0,0,0,0,0,0,0,0,0,0,0,0,0,0,0,0,0,0,0,0,0,0,0,0,0,0,0,0,0,0,0,0,0,0,0,0,0,0,0,0,0,0,0,0,0],[-1,1,-1,1,-1,1,-1,1,-1,1,-1,1,-1,1,-1,-1,-1,1,-1,-1,1,-1,1,-1,-1,1,-1,-1,1,-1,1,-1,-1,-1,1,-1,-1,1,-1,1,-1,-1,1,-1,-1,1,-1,1,-1,-1,-1,1,-1,-1,1,-1,1,-1,-1,1,-1,-1,1,-1,1,-1,-1,-1,1,-1,-1,1,-1,1,-1,-1,1,-1,-1,1,-1,1,-1,-1,-1],[0,10,0,11,0,12,0,13,0,14,0,2,0,15,0,0,0,3,0,0,1,0,4,0,0,1,0,0,2,0,16,0,0,0,4,0,0,1,0,3,0,0,1,0,0,2,0,17,0,0,0,4,0,0,1,0,3,0,0,1,0,0,2,0,18,0,0,0,4,0,0,1,0,3,0,0,1,0,0,19,0,20,0,0,0]]]]