[1,["ecpdLyjvZBwrvm+cedCcQy","95IoYWk05GqafBNX7pZ2Si","e4GVAXjfdMlqT557J44j1p","2aHZVLPpBEhIVd/QBO3o23","5fbMZGCcxOvpCOPxgJ8slu","69vrywRWRC86EUeZQcVGJT","c8CSijOJ5E5ahme1hSf1c1","7bfV7xawdFxKa57hfaui/1","7duibTyaFNXKbGEe+r1MzQ","701TSviSxOGoVK38ui0yeq","a2MjXRFdtLlYQ5ouAFv/+R","1b7nClr7tGJbGtsa3y78EO","aeotz1rYdB0Jtpq7wQ9rUw","02SMOo1VxCGKIKZgiYdmUL","21+N7/mVtA+71MTb4+gKWE","391/0V1JxD2oKUGdjXGHAW","0fK6Z/FP5Mnp7FtkwVmFZ4","9bvaMerUlDyary99mJa6xp","09B+SPQ0ROTYe+RLAm5GWt","e6Y5V6YmZEjKYwu98+Zci0","bby9QBQyJNT4uTErPXbBhT","589DgFkH9GhK+cQ+Cttx/H"],["node","_spriteFrame","_textureSetter","_parent","root","exitbtn","_N$target","data"],[["cc.Node",["_name","_opacity","_active","_prefab","_parent","_components","_contentSize","_children","_trs","_anchorPoint","_color"],0,4,1,9,5,2,7,5,5],"cc.SpriteFrame",["cc.Sprite",["_sizeMode","_enabled","_type","node","_materials","_spriteFrame"],0,1,3,6],["cc.Label",["_string","_fontSize","_N$verticalAlign","_styleFlags","_lineHeight","_N$horizontalAlign","node","_materials"],-3,1,3],["cc.PrefabInfo",["fileId","root","asset"],2,1,1],["cc.Button",["zoomScale","_N$transition","node","_N$target"],1,1,1],["cc.LabelOutline",["_width","_enabled","node","_color"],1,1,5],["cc.Prefab",["_name"],2],["ca966QzSppLHYFm8m8/0jbW",["node","exitbtn"],3,1,1],["18da8dGgoFNcph21np5mQb7",["node"],3,1],["cc.ScrollView",["horizontal","brake","bounceDuration","_N$horizontalScrollBar","_N$verticalScrollBar","node","_N$content"],-2,1,1],["cc.Mask",["_N$alphaThreshold","node","_materials"],2,1,3],["7633c/ow0xHYZwa4BLlsdtU",["node"],3,1]],[[4,0,1,2,2],[0,0,4,5,3,6,8,2],[2,0,3,4,5,2],[2,3,4,5,1],[5,0,1,2,3],[3,0,1,4,3,2,6,7,6],[0,0,4,5,3,6,2],[0,0,4,7,3,8,2],[0,0,4,5,3,10,6,9,8,2],[0,0,4,5,3,6,9,8,2],[0,0,2,4,5,3,10,6,9,8,3],[3,0,1,3,5,2,6,7,6],[6,1,0,2,3,3],[0,0,4,7,5,3,6,8,2],[6,0,2,3,2],[7,0,2],[0,0,7,5,3,6,2],[0,0,7,3,6,9,2],[0,0,4,7,3,2],[0,0,1,4,5,3,10,6,3],[0,0,4,7,5,3,6,9,8,2],[0,0,7,3,8,2],[0,0,4,7,5,3,6,9,2],[0,0,4,7,5,3,2],[8,0,1,1],[9,0,1],[4,1,2,1],[2,1,2,0,3,4,5,4],[5,2,3,1],[10,0,1,2,3,4,5,6,6],[11,0,1,2,2],[3,0,1,2,6,7,4],[12,0,1]],[[[{"name":"21","rect":[0,0,53,69],"offset":[0,0],"originalSize":[53,69],"capInsets":[0,0,0,0]}],[1],0,[0],[2],[5]],[[{"name":"24","rect":[0,0,62,64],"offset":[0,0],"originalSize":[62,64],"capInsets":[0,0,0,0]}],[1],0,[0],[2],[6]],[[{"name":"diban","rect":[0,0,626,767],"offset":[-0.5,0],"originalSize":[627,767],"capInsets":[0,0,0,0]}],[1],0,[0],[2],[7]],[[{"name":"button_blue_01","rect":[0,0,138,51],"offset":[0,0],"originalSize":[138,51],"capInsets":[0,0,0,0]}],[1],0,[0],[2],[8]],[[{"name":"23","rect":[0,0,67,70],"offset":[0,0],"originalSize":[67,70],"capInsets":[0,0,0,0]}],[1],0,[0],[2],[9]],[[[15,"huaduo_shangcheng_dlg"],[16,"huaduo_shangcheng_dlg",[-5,-6],[[24,-3,-2],[25,-4]],[26,-1,0],[5,720,1280]],[17,"content",[-7,-8,-9,-10,-11],[0,"77Ptnxuq9KCoECPaCsI51i",1,0],[5,600,670],[0,0.5,1]],[7,"2",2,[-12,-13,-14,-15,-16,-17],[0,"b2x+gLt0FLnoKjlwoQekHv",1,0],[0,-201.692,0,0,0,0,1,1,1,1]],[7,"3",2,[-18,-19,-20,-21,-22,-23],[0,"49BxQFJSZBMLxAWVn+myqb",1,0],[0,-329.692,0,0,0,0,1,1,1,1]],[7,"4",2,[-24,-25,-26,-27,-28,-29],[0,"c50f9s9wdIj7dSluT3ai4P",1,0],[0,-458.692,0,0,0,0,1,1,1,1]],[7,"5",2,[-30,-31,-32,-33,-34,-35],[0,"10iOAMPahOZJM9LVPTvuFo",1,0],[0,-589.692,0,0,0,0,1,1,1,1]],[7,"1",2,[-36,-37,-38,-39,-40],[0,"b0s6+ormpG6b4OLpx+M/Hm",1,0],[0,-73.513,0,0,0,0,1,1,1,1]],[18,"panel",1,[-41,-42,-43,-44],[0,"858O+KcENAk6f+pkTtC+3l",1,0]],[13,"jinbibtn",3,[-47,-48],[[3,-45,[23],24],[4,1.1,3,-46]],[0,"65lomvyBBGPqTCgOLG7lGm",1,0],[5,138,51],[-2,0,0,0,0,0,1,1,1,0]],[13,"jinbibtn",4,[-51,-52],[[3,-49,[36],37],[4,1.1,3,-50]],[0,"d4PthDg1dHJrJCnEhwHcZ7",1,0],[5,138,51],[-2,0,0,0,0,0,1,1,1,0]],[13,"jinbibtn",5,[-55,-56],[[3,-53,[49],50],[4,1.1,3,-54]],[0,"f3gdQaQntFBYHs34FTOT9u",1,0],[5,138,51],[-2,0,0,0,0,0,1,1,1,0]],[13,"jinbibtn",6,[-59,-60],[[3,-57,[62],63],[4,1.1,3,-58]],[0,"ea1l44miZOOIfjia763yEp",1,0],[5,138,51],[-2,0,0,0,0,0,1,1,1,0]],[19,"menghui",160,1,[[2,0,-61,[0],1],[28,-63,-62]],[0,"38hje6GrlFtLNPCwBs2kLr",1,0],[4,4278190080],[5,1000,2000]],[1,"guanbi",8,[[3,-64,[4],5],[4,1.1,3,-65]],[0,"56gLzbECRPqa6lCBEfAY5E",1,0],[5,64,64],[269.681,282.404,0,0,0,0,1,1,1,0]],[20,"sc",8,[-68],[[27,false,1,0,-66,[67],68],[29,false,0.75,0.23,null,null,-67,2]],[0,"aaGAoxvF5H6r6FrUNJVR5v",1,0],[5,600,501],[0,0.5,1],[-4.048,220,0,0,0,0,1,1,1,1]],[21,"jinbi",[-69,-70,-71],[0,"1bAAM7HpFHJaj2VPuP4pze",1,0],[-175.926,538.945,0,0,0,0,1,1,1,1]],[22,"view",15,[2],[[30,0,-72,[66]]],[0,"cdeaIgjiFAlaZ57kZXlkKg",1,0],[5,600,500],[0,0.5,1]],[8,"c",7,[[5,"x200",28,28,1,1,-73,[11]],[12,false,2,-74,[4,4289273751]]],[0,"3eRO0Hv+JO0p9cl1V0wjMd",1,0],[4,4280507062],[5,62.29,35.28],[0,0,0.5],[-157.049,0,0,0,0,0,1,1,1,1]],[1,"shiping_btn",7,[[2,0,-75,[12],13],[4,1.1,3,-76]],[0,"36zHyjEgdIZYYuJcZ99l+z",1,0],[5,138,51],[167.112,0,0,0,0,0,1,1,1,0]],[8,"c",3,[[5,"x2",28,28,1,1,-77,[19]],[12,false,2,-78,[4,4289273751]]],[0,"6bLjSNv15OwIhUEZI6Ii9i",1,0],[4,4280507062],[5,31.14,35.28],[0,0,0.5],[-156.049,0,0,0,0,0,1,1,1,1]],[9,"c",9,[[5,"200",26,26,1,1,-79,[22]],[14,3,-80,[4,4279794706]]],[0,"98JOV098xHzb1RbSIrcasi",1,0],[5,49.38,38.76],[0,0,0.5],[-6.958,2,0,0,0,0,1,1,1,1]],[1,"shiping_btn",3,[[2,0,-81,[25],26],[4,1.1,3,-82]],[0,"15nKJR8lFCdLO+sEbz6B4J",1,0],[5,138,51],[167.112,0,0,0,0,0,1,1,1,0]],[8,"c",4,[[5,"x1",28,28,1,1,-83,[32]],[12,false,2,-84,[4,4289273751]]],[0,"f3y8GhPU5EOohAFfikyp6E",1,0],[4,4280507062],[5,31.14,35.28],[0,0,0.5],[-156.049,0,0,0,0,0,1,1,1,1]],[9,"c",10,[[5,"300",26,26,1,1,-85,[33]],[14,3,-86,[4,4279794706]]],[0,"cburmZ/1hKkKg2HwdfkaIS",1,0],[5,49.38,38.76],[0,0,0.5],[-6.958,2,0,0,0,0,1,1,1,1]],[1,"shiping_btn",4,[[2,0,-87,[38],39],[4,1.1,3,-88]],[0,"6esrAwK8ROxaVA36OPe3Fz",1,0],[5,138,51],[167.112,0,0,0,0,0,1,1,1,0]],[8,"c",5,[[5,"x2",28,28,1,1,-89,[45]],[12,false,2,-90,[4,4289273751]]],[0,"9cF2uzinBOurGHs8y0jxw/",1,0],[4,4280507062],[5,31.14,35.28],[0,0,0.5],[-156.049,0,0,0,0,0,1,1,1,1]],[9,"c",11,[[5,"200",26,26,1,1,-91,[46]],[14,3,-92,[4,4279794706]]],[0,"7bl/9/lwtHdKIrVZWgOOEY",1,0],[5,49.38,38.76],[0,0,0.5],[-6.958,2,0,0,0,0,1,1,1,1]],[1,"shiping_btn",5,[[2,0,-93,[51],52],[4,1.1,3,-94]],[0,"f14UQyfwtO0r23fu+F+hRF",1,0],[5,138,51],[167.112,0,0,0,0,0,1,1,1,0]],[8,"c",6,[[5,"x1",28,28,1,1,-95,[58]],[12,false,2,-96,[4,4289273751]]],[0,"e3dA2gBMJH/LdSE/FzS5me",1,0],[4,4280507062],[5,31.14,35.28],[0,0,0.5],[-156.049,0,0,0,0,0,1,1,1,1]],[9,"c",12,[[5,"300",26,26,1,1,-97,[59]],[14,3,-98,[4,4279794706]]],[0,"3dBfjX4thN1qGggDrG1ua2",1,0],[5,49.38,38.76],[0,0,0.5],[-6.958,2,0,0,0,0,1,1,1,1]],[1,"shiping_btn",6,[[2,0,-99,[64],65],[4,1.1,3,-100]],[0,"32UV45f61CfqGbUCVyQlE8",1,0],[5,138,51],[167.112,0,0,0,0,0,1,1,1,0]],[23,"top",8,[16],[[32,-101]],[0,"b3eP0w2b9JN6RBcshGFXSC",1,0]],[6,"diban",8,[[3,-102,[2],3]],[0,"08zrh0vMJPVJjmzHFK8BlW",1,0],[5,626,767]],[6,"k",7,[[3,-103,[6],7]],[0,"9aLpp+cXZGl6RSgLKz2d//",1,0],[5,529,123]],[10,"name",false,7,[[11,"金币",28,1,1,1,-104,[8]]],[0,"2cOFRqXOxPDZDVmZAciswv",1,0],[4,4278190349],[5,56,50.4],[0,0,0.5],[-276.064,70.673,0,0,0,0,1,1,1,1]],[1,"icon",7,[[2,0,-105,[9],10]],[0,"cev+K4rsdN+rZnJisPe+D7",1,0],[5,65,67],[-211,0,0,0,0,0,1,1,1,1]],[6,"k",3,[[3,-106,[14],15]],[0,"deR/XMD0RHXYc1X4U3aSgs",1,0],[5,529,123]],[10,"name",false,3,[[11,"金币",28,1,1,1,-107,[16]]],[0,"7cHayuNKlApqzuD0dqUbzV",1,0],[4,4278190349],[5,56,50.4],[0,0,0.5],[-276.064,70.673,0,0,0,0,1,1,1,1]],[1,"icon",3,[[2,0,-108,[17],18]],[0,"862cxjLU9C/LWR+mwrE1Wv",1,0],[5,53,69],[-211,0,0,0,0,0,1,1,1,1]],[1,"1",9,[[2,0,-109,[20],21]],[0,"67WHptBvZBd7wBum1WpMTo",1,0],[5,40,40],[-31.377,2.241,0,0,0,0,1,1,1,1]],[6,"k",4,[[3,-110,[27],28]],[0,"65R5i1tbFCDZoHVgCbNWTJ",1,0],[5,529,123]],[10,"name",false,4,[[11,"金币",28,1,1,1,-111,[29]]],[0,"d3YUF8dg5OLLl90hyTlU9k",1,0],[4,4278190349],[5,56,50.4],[0,0,0.5],[-276.064,70.673,0,0,0,0,1,1,1,1]],[1,"icon",4,[[2,0,-112,[30],31]],[0,"1fvNN3+ZJLfafnNKV/TbKM",1,0],[5,60,78],[-211,0,0,0,0,0,1,1,1,1]],[1,"1",10,[[2,0,-113,[34],35]],[0,"59As8IRfJAWrmmuQjPddTh",1,0],[5,40,40],[-31.377,2.241,0,0,0,0,1,1,1,1]],[6,"k",5,[[3,-114,[40],41]],[0,"5a1TyZWIlCuZ9OGmtDO6EC",1,0],[5,529,123]],[10,"name",false,5,[[11,"金币",28,1,1,1,-115,[42]]],[0,"90nQPB9QhNQoZF5XW15Exz",1,0],[4,4278190349],[5,56,50.4],[0,0,0.5],[-276.064,70.673,0,0,0,0,1,1,1,1]],[1,"icon",5,[[2,0,-116,[43],44]],[0,"7356c4l7tBhqfpxlmICXvA",1,0],[5,67,70],[-211.221,0,0,0,0,0,1,1,1,1]],[1,"1",11,[[2,0,-117,[47],48]],[0,"28tu1/8hJHaK8jH8AV8TOV",1,0],[5,40,40],[-31.377,2.241,0,0,0,0,1,1,1,1]],[6,"k",6,[[3,-118,[53],54]],[0,"e7ml0ksupGvbZdyolzQhiB",1,0],[5,529,123]],[10,"name",false,6,[[11,"金币",28,1,1,1,-119,[55]]],[0,"a9pBdUTa5CvIhuCckZO3G5",1,0],[4,4278190349],[5,56,50.4],[0,0,0.5],[-276.064,70.673,0,0,0,0,1,1,1,1]],[1,"icon",6,[[2,0,-120,[56],57]],[0,"ccO76FUYZAaL9dWth9S2+0",1,0],[5,62,64],[-211.221,0,0,0,0,0,1,1,1,1]],[1,"1",12,[[2,0,-121,[60],61]],[0,"2a6H4Up7BAC5dfI3J7dmgB",1,0],[5,40,40],[-31.377,2.241,0,0,0,0,1,1,1,1]],[1,"jinbibk",16,[[3,-122,[69],70]],[0,"fccBv8mGtNja0Ja+gQ5w/u",1,0],[5,156,40],[11.343,-11.343,0,0,0,0,1,1,1,1]],[1,"jb",16,[[3,-123,[71],72]],[0,"f5voMLEGBCcqa1Z0PzGFiB",1,0],[5,38,39],[-49.91,-11.343,0,0,0,0,1,1,1,1]],[9,"c",16,[[31,"1000",26,1,-124,[73]]],[0,"255nJZI09KC4EjCu+xgJ93",1,0],[5,57.84,50.4],[0,0,0.5],[-25.193,-11.343,0,0,0,0,1,1,1,1]]],0,[0,4,1,0,5,14,0,0,1,0,0,1,0,-1,13,0,-2,8,0,-1,7,0,-2,3,0,-3,4,0,-4,5,0,-5,6,0,-1,37,0,-2,38,0,-3,39,0,-4,20,0,-5,9,0,-6,22,0,-1,41,0,-2,42,0,-3,43,0,-4,23,0,-5,10,0,-6,25,0,-1,45,0,-2,46,0,-3,47,0,-4,26,0,-5,11,0,-6,28,0,-1,49,0,-2,50,0,-3,51,0,-4,29,0,-5,12,0,-6,31,0,-1,34,0,-2,35,0,-3,36,0,-4,18,0,-5,19,0,-1,33,0,-2,14,0,-3,15,0,-4,32,0,0,9,0,0,9,0,-1,40,0,-2,21,0,0,10,0,0,10,0,-1,24,0,-2,44,0,0,11,0,0,11,0,-1,27,0,-2,48,0,0,12,0,0,12,0,-1,30,0,-2,52,0,0,13,0,6,13,0,0,13,0,0,14,0,0,14,0,0,15,0,0,15,0,-1,17,0,-1,53,0,-2,54,0,-3,55,0,0,17,0,0,18,0,0,18,0,0,19,0,0,19,0,0,20,0,0,20,0,0,21,0,0,21,0,0,22,0,0,22,0,0,23,0,0,23,0,0,24,0,0,24,0,0,25,0,0,25,0,0,26,0,0,26,0,0,27,0,0,27,0,0,28,0,0,28,0,0,29,0,0,29,0,0,30,0,0,30,0,0,31,0,0,31,0,0,32,0,0,33,0,0,34,0,0,35,0,0,36,0,0,37,0,0,38,0,0,39,0,0,40,0,0,41,0,0,42,0,0,43,0,0,44,0,0,45,0,0,46,0,0,47,0,0,48,0,0,49,0,0,50,0,0,51,0,0,52,0,0,53,0,0,54,0,0,55,0,7,1,2,3,17,16,3,32,124],[0,0,0,0,0,0,0,0,0,0,0,0,0,0,0,0,0,0,0,0,0,0,0,0,0,0,0,0,0,0,0,0,0,0,0,0,0,0,0,0,0,0,0,0,0,0,0,0,0,0,0,0,0,0,0,0,0,0,0,0,0,0,0,0,0,0,0,0,0,0,0,0,0,0],[-1,1,-1,1,-1,1,-1,1,-1,-1,1,-1,-1,1,-1,1,-1,-1,1,-1,-1,1,-1,-1,1,-1,1,-1,1,-1,-1,1,-1,-1,-1,1,-1,1,-1,1,-1,1,-1,-1,1,-1,-1,-1,1,-1,1,-1,1,-1,1,-1,-1,1,-1,-1,-1,1,-1,1,-1,1,-1,-1,1,-1,1,-1,1,-1],[0,10,0,11,0,12,0,1,0,0,2,0,0,3,0,1,0,0,13,0,0,2,0,0,4,0,3,0,1,0,0,14,0,0,0,2,0,4,0,3,0,1,0,0,15,0,0,0,2,0,4,0,3,0,1,0,0,16,0,0,0,2,0,4,0,3,0,0,17,0,18,0,19,0]],[[{"name":"button_gree_02","rect":[0,0,138,51],"offset":[0,0],"originalSize":[138,51],"capInsets":[0,0,0,0]}],[1],0,[0],[2],[20]],[[{"name":"k","rect":[0,0,529,123],"offset":[0,0],"originalSize":[529,123],"capInsets":[0,0,0,0]}],[1],0,[0],[2],[21]]]]