[1,["ecpdLyjvZBwrvm+cedCcQy","64KN8ShSJNA4oPJ6oKFeIX","a7qyyaIsVO9InqFAGPXIZ+","a2MjXRFdtLlYQ5ouAFv/+R","69Fgzj9HpOIYAKinNeYgo0","73STurnftC9JFHKq76x4g4","00AGvpp4tCJLTIOrMfpuje","d2rCyoJhdPcol9hjJtQnSv","32nbUJ5kdCdIdWlf6dBJeO","a12MKfYd9FB6LiLA43+100","79rSyk+C9NqrawoUHvpy63","9dYX9pQL5CA6V2O/E49uLp"],["node","_spriteFrame","_textureSetter","root","data"],[["cc.Node",["_name","_opacity","_prefab","_components","_contentSize","_parent","_trs","_children","_color"],1,4,9,5,1,7,2,5],"cc.SpriteFrame",["cc.Sprite",["_sizeMode","_type","node","_materials","_spriteFrame"],1,1,3,6],["cc.Button",["_N$transition","node","clickEvents"],2,1,9],["cc.Label",["_string","_N$horizontalAlign","_N$verticalAlign","_fontSize","_lineHeight","node","_materials"],-2,1,3],["cc.Widget",["_alignFlags","_left","_right","_top","_bottom","node"],-2,1],["cc.PrefabInfo",["fileId","root","asset"],2,1,1],["cc.Prefab",["_name"],2],["90572/DLk5FxI8j6kCug8bC",["node"],3,1],["cc.BlockInputEvents",["node"],3,1],["cc.ClickEvent",["_componentId","handler","target"],1,1]],[[6,0,1,2,2],[0,0,5,3,2,4,6,2],[0,0,5,3,2,8,4,6,2],[2,2,3,4,1],[0,0,5,7,3,2,4,6,2],[2,1,0,2,3,4,3],[7,0,2],[0,0,7,3,2,4,6,2],[0,0,1,5,3,2,8,4,3],[0,0,5,7,2,2],[5,0,1,2,3,4,5,6],[5,0,5,2],[8,0,1],[6,1,2,1],[2,0,2,3,4,2],[9,0,1],[3,1,1],[3,0,1,2,2],[3,0,1,2],[10,0,1,2,3],[4,0,1,2,5,6,4],[4,0,3,4,1,2,5,6,6],[4,0,3,1,2,5,6,5]],[[[{"name":"button4","rect":[0,0,101,101],"offset":[0,0],"originalSize":[101,101],"capInsets":[20,20,26,31]}],[1],0,[0],[2],[1]],[[{"name":"bkg_popup","rect":[0,0,547,606],"offset":[0,2.5],"originalSize":[547,611],"capInsets":[0,0,0,0]}],[1],0,[0],[2],[2]],[[[6,"gamehelp"],[7,"gamehelp",[-4,-5],[[10,45,-280,-280,-360,-360,-2],[12,-3]],[13,-1,0],[5,1280,2000],[360,640,0,0,0,0,1,1,1,1]],[4,"node_ui",1,[-7,-8,-9,-10,-11],[[5,1,0,-6,[13],14]],[0,"81X53698hG3byi5zA80T2Z",1,0],[5,547,720],[0,0,0,0,0,0,1,1,1,0]],[8,"bk",200,1,[[14,0,-12,[0],1],[11,45,-13],[15,-14],[16,-15]],[0,"d2sjuDLihB5KpqXIikgn+1",1,0],[4,4278190080],[5,1280,2000]],[4,"btn_continue",2,[-18,-19],[[5,1,0,-16,[8],9],[17,3,-17,[[19,"a3ac3OZhSNGmYUjTB+CwAEg","close",1]]]],[0,"18mjbBHzxHvo8+0to7zENm",1,0],[5,250,101],[-19.002,-268.755,0,0,0,0,1,1,1,0]],[1,"cancel",2,[[3,-20,[2],3],[18,3,-21]],[0,"983AWb0cdKS5gi1ZWxzSmJ",1,0],[5,43,43],[228.622,299.574,0,0,0,0,1,1,1,0]],[2,"New Label",2,[[20,"游戏玩法",1,1,-22,[4]]],[0,"bc92HVLQ1J1qYveKYda0B3",1,0],[4,4289309141],[5,160,50.4],[0,275.223,0,0,0,0,1,1,1,1]],[1,"icon_replay",4,[[3,-23,[5],6]],[0,"dbLIFhnnFGZLK7olMBr5z6",1,0],[5,47,53],[-78,0,0,0,0,0,1,1,1,1]],[2,"New Label",4,[[21,"点击继续",30,30,1,1,-24,[7]]],[0,"be/pgn0xBHSY9c4FgzqodC",1,0],[4,4285756309],[5,120,37.8],[35,0,0,0,0,0,1,1,1,1]],[9,"node_box",2,[-25],[0,"44OmYdEiJEYYCPfsCacj/M",1,0]],[1,"picked_round",9,[[3,-26,[10],11]],[0,"76s2r/jFNI1qgUo4HfE5l6",1,0],[5,576,108],[0,-162.644,0,0,0,0,1,0.6,0.6,1]],[2,"New Label",2,[[22,"上方怪兽卡片点击移动到下方横条\n横条三个相同的怪兽卡片消除",22,1,1,-27,[12]]],[0,"15rNsxmbZHvbW6khGJkUSu",1,0],[4,4278190080],[5,330,90.4],[0,-86.31,0,0,0,0,1,1,1,1]]],0,[0,3,1,0,0,1,0,0,1,0,-1,3,0,-2,2,0,0,2,0,-1,5,0,-2,6,0,-3,4,0,-4,9,0,-5,11,0,0,3,0,0,3,0,0,3,0,0,3,0,0,4,0,0,4,0,-1,7,0,-2,8,0,0,5,0,0,5,0,0,6,0,0,7,0,0,8,0,-1,10,0,0,10,0,0,11,0,4,1,27],[0,0,0,0,0,0,0,0,0,0,0,0,0,0,0],[-1,1,-1,1,-1,-1,1,-1,-1,1,-1,1,-1,-1,1],[0,3,0,4,0,0,5,0,0,6,0,7,0,0,8]],[[{"name":"cancel","rect":[0,0,43,43],"offset":[0,0],"originalSize":[43,43],"capInsets":[0,0,0,0]}],[1],0,[0],[2],[9]],[[{"name":"icon_play","rect":[0,0,47,53],"offset":[0,0],"originalSize":[47,53],"capInsets":[0,0,0,0]}],[1],0,[0],[2],[10]],[[{"name":"picked_round","rect":[0,0,576,108],"offset":[0,0],"originalSize":[576,108],"capInsets":[0,0,0,0]}],[1],0,[0],[2],[11]]]]