{"paths":{"0":["touxiang/112",1],"1":["touxiang/118",1],"2":["touxiang/139",1],"3":["touxiang/100",1],"4":["touxiang/138",1],"5":["touxiang/121",1],"6":["touxiang/116",1],"7":["touxiang/109",1],"8":["touxiang/122",1],"9":["touxiang/130",1],"10":["touxiang/113",1],"11":["touxiang/132",1],"12":["touxiang/137",1],"13":["touxiang/124",1],"14":["touxiang/110",1],"15":["touxiang/120",1],"16":["touxiang/102",1],"17":["touxiang/127",1],"18":["touxiang/119",1],"19":["touxiang/103",1],"20":["touxiang/105",1],"21":["touxiang/131",1],"22":["touxiang/135",1],"23":["touxiang/125",1],"24":["touxiang/126",1],"25":["touxiang/106",1],"26":["touxiang/117",1],"27":["touxiang/140",1],"28":["touxiang/107",1],"29":["touxiang/104",1],"30":["touxiang/133",1],"31":["touxiang/201",1],"32":["touxiang/134",1],"33":["touxiang/111",1],"34":["touxiang/136",1],"35":["touxiang/128",1],"36":["touxiang/114",1],"37":["touxiang/203",1],"38":["touxiang/115",1],"39":["touxiang/123",1],"40":["touxiang/129",1],"41":["touxiang/202",1],"42":["selftx",1],"43":["touxiang/101",0,1],"44":["touxiang/112",0,1],"45":["touxiang/116",0,1],"46":["touxiang/119",0,1],"47":["touxiang/111",0,1],"48":["touxiang/121",0,1],"49":["touxiang/136",0,1],"50":["touxiang/128",0,1],"51":["touxiang/131",0,1],"52":["touxiang/135",0,1],"53":["touxiang/201",0,1],"54":["touxiang/132",0,1],"55":["touxiang/203",0,1],"56":["touxiang/101",1],"57":["touxiang/140",0,1],"58":["touxiang/113",0,1],"59":["selftx",0,1],"60":["touxiang/139",0,1],"61":["touxiang/100",0,1],"62":["touxiang/107",0,1],"63":["touxiang/133",0,1],"64":["touxiang/118",0,1],"65":["touxiang/138",0,1],"66":["touxiang/134",0,1],"67":["touxiang/202",0,1],"68":["touxiang/105",0,1],"69":["touxiang/127",0,1],"70":["touxiang/110",0,1],"71":["touxiang/129",0,1],"72":["touxiang/125",0,1],"73":["touxiang/108",0,1],"74":["touxiang/109",0,1],"75":["touxiang/120",0,1],"76":["touxiang/137",0,1],"77":["touxiang/122",0,1],"78":["touxiang/104",0,1],"79":["touxiang/115",0,1],"80":["touxiang/106",0,1],"81":["touxiang/108",1],"82":["touxiang/126",0,1],"83":["touxiang/102",0,1],"84":["touxiang/123",0,1],"85":["touxiang/114",0,1],"86":["touxiang/130",0,1],"87":["touxiang/117",0,1],"88":["touxiang/124",0,1],"89":["touxiang/103",0,1]},"types":["cc.SpriteFrame","cc.Texture2D"],"uuids":["0aZRY5LetIpaG7dP/lXOZ4","0e3dOmThNHf7pBSe3/POvi","14+TsqNndJrboCIE6SKmQy","15YOykT21P6Zlh9XOeuhuf","15vofU8phJm4EOPaS3E4pH","19TBHbDPlDK6mCWvFMKmB8","1b77SaN0pB8pAYwvWeu+L0","1djsXVg9lFYqRFsec8CPEk","32jUCH4O5GhacsandD0Ua8","38S7tQ4EdChpN3a/4Dj10Z","3bA3ezyLNBk6E+X3EIqe67","3bED5PdE5FeqQy3tejx8L9","46toUWSg5Od6ydKLvi8kv1","619HO4CM1DN7A/rVrS4KaI","62JXyXaTFE+L1HU7LzJOj7","6c/8fsV01FVK0aoqx7k9I7","6fR00IszVJ877emiMxrgkh","7dYwkzYZFIsp25DmcbUuGo","83IQHf3DdIx5FbYMkMJC/B","8586sm1KhEmJw+qwk9K+i1","8aXxk+7RpDdrgf7QAoI/mI","8dBls0gkxH26hHDo1uppys","92PNGj01dAYrBt59c9oPae","9cey9XWvNAhrv2eET4yRaZ","9fgK4/eL1MM4+VmVkYfM0E","acUtYPDU1HFJYDzvb0npcj","b4Sc9jG25GCK6AtJAgxWAq","c5exBmWJhPmZp7hNh5ec2h","d0nmcdzBpJ0JAcl0xicUUa","d01DCv5ydF5LheJRAewrjV","d2Ucmg+VVKEoPWAw322yHj","d40ahNAipKkKyDjxK8FQM7","danLhetdZIXJDrI+jMfXKz","da7svFyqVL2qBjvJX76D2S","deFPNXfn9PGJffK+sX04GK","df5rYaNnpDu4b0+iUJJBm9","e2Hw3iJopCJKyLtXB5YkVb","e7r7l+iuRA9Ja1LxPW5L9P","edgAyEtgxLn7C548R7s18N","f12G91E1pHhb6vsaM39n+U","f17ZTMEmZKP6C3XkCyP+CD","f3VdilqxVHXLf8OSGKLV0R","fbngMk0KVPZovZTXC9wIvA","0asngy2rdMC5SqpWz7d/Yf","1cdKzvYRdJRaByJQ52/KPk","237abM5UFE2pzM9rXXEcEG","24vR+uQD9MDqZ6TGeKk5Pg","2dDOCiTtNH06vcuY9s3Qej","316DJBEmBKLYFvpFZeGd1H","32wrtdam1IlrYO9r1hapun","3b6TFmV2RB26kfBfU05ipP","3ec8cnHw1KW4wkX3S9+SDM","43KWstS6FMEo92X7DkhBnb","4bV1PCm/FNu7CQ0yjIJfSh","51sQKROA1POI85DUhsmP0Q","56PkTLVm9OE7ZxYLrDMDYN","57iU7Sw9NGYLKlS30ENhSU","58ba2EgAxHcKTU5ohRJIri","58e8l/QzlPgaGHkIjwWOzw","583+mPkm1CKqhXpIlrIg30","588H0RIdhD9qQ7iAJ2JE+U","63JSDD2AlJVIYzCuJqIJ0c","6flmzcNtZPtrj+P7lfS39k","73RZKm6IxBVJTZV4pSF9n0","7e8fTgEVBBhodHHlH4lZSF","80etXTFFdEvqtRfDFdSkt4","82OH4Kam5FZ7BHYTely6ju","84e2jo1rdKbJCwRzidUqeK","94VoiNjSZPs5rt3yP5QbC7","96DkYEnSNHrZR89Al0Zmy9","9aVDMVI/xII4g9EC6nQmxh","afvhwtSPlPVaugK9DTJ/Nq","b1TIgo3rtFGbPejhOkeJ3i","b3ruxAdGdDk6PsYrKz7M+6","bdKUxBDNtCbIRQDg985GsD","bdVMJkviNE2b06JONRyKC8","c4zwcfWg1PkJdIxlt9FMeR","c53jCEahVMiZzN8YzvhuIF","cdasEmHW1HNpBzihVbUG8u","d0f4x6NPdF3K1SGrNJWsLY","d5TwWoHbhF6rOpSdQKCnEm","d5me0OKaZIhLbeiIbh/xCm","d6XLObP61FurG1glwBqboi","daiVT9EZhMW4SAhv/IN/V4","e3t/e1it5FYZRv46TqMda8","e4D7ukqdFMZbQzeQysHMjG","e5E/PYLWNLkovpMGDtHDNH","e7miWPV1FEybbTJ3gBJ7wB","ea2k8VvWNB9qWsN9RzjnSv","f7aEndtPpPAo7AXot9uT9+"],"scenes":{},"redirect":[43,0,56,0,73,0,81,0],"deps":["main"],"packs":{"02fe52be0":[0,1,2,3,4,5,6,7,8,9,10,11,12,13,14,15,16,17,18,19,20,21,22,23,24,25,26,27,28,29,30,31,32,33,34,35,36,37,38,39,40,41,42]},"name":"guimi","importBase":"import","nativeBase":"native","debug":false,"isZip":false,"encrypted":false,"versions":{"import":["02fe52be0","42095",44,"c2762",45,"43438",46,"edb10",47,"7185a",48,"577b6",49,"8b480",50,"f0bd2",51,"9b3cb",52,"7ab0b",53,"15e9d",54,"196d4",55,"a6008",57,"7a28a",58,"e33e7",59,"b434d",60,"bb7c8",61,"0c70c",62,"65c93",63,"659ea",64,"e6051",65,"41eea",66,"9b174",67,"6a744",68,"820c8",69,"09627",70,"dab52",71,"d6314",72,"c015a",74,"ca62e",75,"3d81f",76,"11c3a",77,"42db1",78,"20b01",79,"ce840",80,"f1baa",82,"fc86c",83,"1a0e6",84,"f8a7a",85,"6d1af",86,"1e5a1",87,"a3c32",88,"0ceda",89,"e9469"],"native":[0,"c833e",1,"ff745",2,"f607f",3,"bb091",4,"668a7",5,"a28ec",6,"bb0e8",7,"00e33",8,"666f7",9,"2f906",10,"774e0",11,"c2a02",12,"75dae",13,"a8d67",14,"affaa",15,"d6dce",16,"77b87",17,"24d20",18,"76cdc",19,"35eb4",20,"43430",21,"98bf2",22,"b133c",23,"066d7",24,"30221",25,"69b32",26,"bba77",27,"63989",28,"926f8",29,"6199d",30,"9ab49",31,"63989",32,"24519",33,"fe9c6",34,"01b30",35,"174c1",36,"5ad3f",37,"63989",38,"31f64",39,"b1ca6",40,"6bbd2",41,"63989",42,"3e187"]}}