[1,["ecpdLyjvZBwrvm+cedCcQy","e7q6FL+VZEgLJUjVeDLic/","cbfqtwbnVIGq65Yl0W+3jp","8bsDYpmVFL6LG3N2xEuaQS","95Fyf/TelE0Yic7NfWXaom","29FYIk+N1GYaeWH/q1NxQO","a2MjXRFdtLlYQ5ouAFv/+R","d21qk7k3lGkLQe9AbiOzyu","2fjyvPrd1KvqxUF6zVNvfo","7ak+8/PU5CvZOKB7eIOtdj","19CoSkyh9Hl6zjVf1NvxoF","cb+OV0GAxOy7Y3NpXmrE5T","3cxr9d+ElH2Z78IrAtWqPx","a9sYma8uZPs6ZSHAfG9qbZ","4cYAi5l9hL8rCAIHsrF0R6","1biHm3dytDuo4MeIdvdCaD","daPvTutRlNfpUVaSzXVyZZ","6crksaJaxPRItzNwFkdWgP","0fcJeHQ31OcYWxPaAchBMU","93teZHEXpD64WcbIVClqZy","47EzESVmlLpagGm41SJbNI","18OL26VU9PiKdrPAF5jE8Z"],["node","_spriteFrame","_textureSetter","_N$handle","_parent","_normalMaterial","_N$normalSprite","_N$pressedSprite","_N$hoverSprite","_N$disabledSprite","root","data"],["cc.SpriteFrame",["cc.Node",["_name","_opacity","_active","_prefab","_contentSize","_components","_parent","_children","_trs","_color"],0,4,5,9,1,2,7,5],["cc.Sprite",["_type","_sizeMode","_fillRange","node","_materials","_spriteFrame"],0,1,3,6],["cc.Button",["_N$transition","zoomScale","_N$enableAutoGrayEffect","node","_N$pressedColor","_N$disabledColor","_N$target"],0,1,5,5,1],["cc.PrefabInfo",["fileId","root","asset"],2,1,1],["cc.Prefab",["_name"],2],["cc.Node",["_name","_parent","_components","_prefab","_contentSize","_trs"],2,1,12,4,5,7],["1fa71VyROhB8IZ5PdyB9ODy",["node"],3,1],["cc.Slider",["_N$progress","node","_N$handle"],2,1,1],["cc.Label",["_string","_fontSize","_lineHeight","_isSystemFontUsed","_N$horizontalAlign","_N$verticalAlign","node","_materials"],-3,1,3]],[[4,0,1,2,2],[1,0,6,5,3,4,8,2],[2,3,4,5,1],[2,0,1,3,4,5,3],[3,1,0,3,3],[1,0,6,5,3,4,2],[1,0,7,5,3,4,8,2],[1,0,6,7,3,2],[1,0,2,6,5,3,9,4,8,3],[6,0,1,2,3,4,5,2],[8,0,1,2,2],[2,1,3,4,5,2],[2,3,4,1],[2,0,2,3,4,5,3],[3,1,2,0,3,4,5,6,4],[9,0,1,2,3,4,5,6,7,7],[5,0,2],[1,0,7,5,3,4,2],[1,0,6,7,3,4,2],[1,0,1,6,5,3,9,4,3],[7,0,1],[4,1,2,1],[3,3,1],[3,0,3,2]],[[[[16,"shezi_dlg"],[17,"shezi_dlg",[-3,-4],[[20,-2]],[21,-1,0],[5,720,1280]],[18,"panel",1,[-5,-6,-7,-8,-9,-10],[0,"e1OK/Tw4FBb4Jv0NSFI6AH",1,0],[5,720,1280]],[6,"slidermusic",[-13,-14,-15,-16],[[10,0,-12,-11]],[0,"a5cS6OS+hIQ5Iu9v1uwiho",1,0],[5,289,12],[39.765,75,0,0,0,0,1,1,1,1]],[6,"slidereffect",[-19,-20,-21,-22],[[10,0.4,-18,-17]],[0,"f3EgBuIKlCean1cEc0VLJl",1,0],[5,289,24],[39.765,-14,0,0,0,0,1,1,1,1]],[7,"yy",2,[-23,-24,3,4],[0,"749Lvb39ZHaqGKXJJ56v6A",1,0]],[9,"Handle",3,[[[3,1,2,-25,[16],17],-26],4,1],[0,"9dEoK3PKFOXayDwvuGIjBu",1,0],[5,56,56],[-145,0,0,0,0,0,1,1,1,0]],[9,"Handle",4,[[[3,1,2,-27,[24],25],-28],4,1],[0,"59EsUuEilPUawqOtj9QTNA",1,0],[5,56,56],[-20.5,0,0,0,0,0,1,1,1,0]],[19,"bk",200,1,[[11,0,-29,[0],1],[22,-30]],[0,"f2YaArhsVAOo7mVKQyYO1t",1,0],[4,4278190080],[5,1000,2000]],[1,"exit",2,[[11,0,-31,[4],5],[23,3,-32]],[0,"f2deJh7sFAnaiWm5dGeHc0",1,0],[5,62,62],[231.72,259.754,0,0,0,0,1,1,1,0]],[7,"menu",2,[-33,-34],[0,"12ecVSmYZARLMtnBOi5j2e",1,0]],[1,"xuanfubtn",10,[[12,-35,[6]],[4,1.1,3,-36]],[0,"c1nXlePnhM54tOLBodqK35",1,0],[5,76,85],[-188,-233,0,0,0,0,1,1,1,0]],[1,"libaoma",10,[[12,-37,[7]],[4,1.1,3,-38]],[0,"faBS61JJ5Jurn47pOE8i6L",1,0],[5,76,86],[-64,-233,0,0,0,0,1,1,1,0]],[1,"backbtn",2,[[2,-39,[26],27],[4,1.1,3,-40]],[0,"449AVrc7xGZqV7XPJKYKQA",1,0],[5,198,74],[-117.118,-201.064,0,0,0,0,1,1,1,0]],[1,"chongxintzbtn",2,[[2,-41,[28],29],[4,1.1,3,-42]],[0,"81eqFP0ZdNn5j7muIpogUU",1,0],[5,198,74],[122.882,-201.064,0,0,0,0,1,1,1,0]],[5,"szk",2,[[2,-43,[2],3]],[0,"d0bGP4j5xIDbQSHSC7Qiuu",1,0],[5,498,559]],[8,"t1",false,5,[[15,"音乐",24,24,false,1,1,-44,[8]]],[0,"2csuIByX9Gt417hRmBszLb",1,0],[4,4280181982],[5,48,30.24],[-93.859,76.706,0,0,0,0,1,1,1,1]],[8,"t2",false,5,[[15,"音效",24,24,false,1,1,-45,[9]]],[0,"0291qVp8pJVbo2U3KIxqNm",1,0],[4,4280181982],[5,48,30.24],[-91.351,-7.319,0,0,0,0,1,1,1,1]],[1,"icon_yy",3,[[2,-46,[10],11]],[0,"b8EmnQCAZDibpqou0rkZXM",1,0],[5,52,56],[-212.805,1.4050000000000002,0,0,0,0,1,1,1,1]],[5,"Background",3,[[3,1,0,-47,[12],13]],[0,"cfe0KrIGhD2ZcwzEaFNWaI",1,0],[5,289,34]],[1,"progress",3,[[13,3,0.3,-48,[14],15]],[0,"e1+KDLA9tIKIt/ykLJSUZ7",1,0],[5,286,30],[0,1,0,0,0,0,1,1,1,1]],[14,1.1,true,3,6,[4,4294967295],[4,4294967295],6],[1,"icon_yy",4,[[2,-49,[18],19]],[0,"68zeZB9Z5EJZVHZDwwnxB2",1,0],[5,60,59],[-212.805,5.405,0,0,0,0,1,1,1,1]],[5,"Background",4,[[3,1,0,-50,[20],21]],[0,"f2jwurwDxHNqZBFrYt+j+j",1,0],[5,289,34]],[1,"progress",4,[[13,3,0.3,-51,[22],23]],[0,"94KLGgkKhDbYOgGijCuwmu",1,0],[5,286,30],[0,1,0,0,0,0,1,1,1,1]],[14,1.1,true,3,7,[4,4294967295],[4,4294967295],7]],0,[0,10,1,0,0,1,0,-1,8,0,-2,2,0,-1,15,0,-2,9,0,-3,10,0,-4,5,0,-5,13,0,-6,14,0,3,21,0,0,3,0,-1,18,0,-2,19,0,-3,20,0,-4,6,0,3,25,0,0,4,0,-1,22,0,-2,23,0,-3,24,0,-4,7,0,-1,16,0,-2,17,0,0,6,0,-2,21,0,0,7,0,-2,25,0,0,8,0,0,8,0,0,9,0,0,9,0,-1,11,0,-2,12,0,0,11,0,0,11,0,0,12,0,0,12,0,0,13,0,0,13,0,0,14,0,0,14,0,0,15,0,0,16,0,0,17,0,0,18,0,0,19,0,0,20,0,0,22,0,0,23,0,0,24,0,11,1,3,4,5,4,4,5,51],[0,0,0,0,0,0,0,0,0,0,0,0,0,0,0,0,0,0,0,0,0,0,0,0,0,0,0,0,0,0,21,21,21,21,21,25,25,25,25,25],[-1,1,-1,1,-1,1,-1,-1,-1,-1,-1,1,-1,1,-1,1,-1,1,-1,1,-1,1,-1,1,-1,1,-1,1,-1,1,5,6,7,8,9,5,6,7,8,9],[0,6,0,7,0,8,0,0,0,0,0,9,0,2,0,3,0,4,0,10,0,2,0,3,0,4,0,11,0,12,0,1,1,1,5,0,1,1,1,5]],[[{"name":"icon_shngyin","rect":[0,0,60,59],"offset":[0,0],"originalSize":[60,59],"capInsets":[0,0,0,0]}],[0],0,[0],[2],[13]],[[{"name":"gb","rect":[0,0,52,55],"offset":[0,0],"originalSize":[52,55],"capInsets":[0,0,0,0]}],[0],0,[0],[2],[14]],[[{"name":"button_cxtz","rect":[0,0,198,74],"offset":[0,0],"originalSize":[198,74],"capInsets":[0,0,0,0]}],[0],0,[0],[2],[15]],[[{"name":"icon_yinyue","rect":[0,0,52,56],"offset":[0,0],"originalSize":[52,56],"capInsets":[0,0,0,0]}],[0],0,[0],[2],[16]],[[{"name":"sztiao2","rect":[0,0,286,30],"offset":[0,0],"originalSize":[286,30],"capInsets":[0,0,0,0]}],[0],0,[0],[2],[17]],[[{"name":"quan","rect":[0,0,56,56],"offset":[0,0],"originalSize":[56,56],"capInsets":[0,0,0,0]}],[0],0,[0],[2],[18]],[[{"name":"sztiao1","rect":[0,0,289,34],"offset":[0,0],"originalSize":[289,34],"capInsets":[0,0,0,0]}],[0],0,[0],[2],[19]],[[{"name":"button_fhzy","rect":[0,0,198,74],"offset":[0,0],"originalSize":[198,74],"capInsets":[0,0,0,0]}],[0],0,[0],[2],[20]],[[{"name":"szk","rect":[0,0,498,559],"offset":[0,0],"originalSize":[498,559],"capInsets":[0,0,0,0]}],[0],0,[0],[2],[21]]]]