[1,["89tmDMD1lBNZ5+KP9fcNqi"],0,[["sp.SkeletonData",["_name","_atlasText","textureNames","_skeletonJson","textures"],-1,3]],[[0,0,1,2,3,4,5]],[[0,"zombie_martboss","\nzombie_martboss.png\nsize: 1021,278\nformat: RGBA8888\nfilter: Linear,Linear\nrepeat: none\neffect/fx_zombie_shadow\n  rotate: true\n  xy: 777, 134\n  size: 142, 78\n  orig: 144, 81\n  offset: 1, 1\n  index: -1\nzombie_captainboss/back_weal\n  rotate: false\n  xy: 915, 90\n  size: 51, 51\n  orig: 55, 55\n  offset: 2, 2\n  index: -1\nzombie_captainboss/body\n  rotate: false\n  xy: 144, 106\n  size: 170, 170\n  orig: 170, 170\n  offset: 0, 0\n  index: -1\nzombie_captainboss/cart\n  rotate: false\n  xy: 358, 2\n  size: 288, 106\n  orig: 288, 106\n  offset: 0, 0\n  index: -1\nzombie_captainboss/cart_head\n  rotate: true\n  xy: 970, 130\n  size: 50, 46\n  orig: 50, 46\n  offset: 0, 0\n  index: -1\nzombie_captainboss/front_arm\n  rotate: false\n  xy: 144, 2\n  size: 165, 102\n  orig: 165, 102\n  offset: 0, 0\n  index: -1\nzombie_captainboss/front_eye\n  rotate: false\n  xy: 968, 93\n  size: 35, 35\n  orig: 39, 39\n  offset: 2, 2\n  index: -1\nzombie_captainboss/front_weal\n  rotate: true\n  xy: 311, 2\n  size: 102, 45\n  orig: 103, 45\n  offset: 0, 0\n  index: -1\nzombie_captainboss/head\n  rotate: false\n  xy: 857, 143\n  size: 111, 133\n  orig: 111, 133\n  offset: 0, 0\n  index: -1\nzombie_captainboss/helmet\n  rotate: true\n  xy: 581, 123\n  size: 153, 80\n  orig: 153, 80\n  offset: 0, 0\n  index: -1\nzombie_captainboss/rear_arm\n  rotate: false\n  xy: 648, 6\n  size: 150, 115\n  orig: 150, 115\n  offset: 0, 0\n  index: -1\nzombie_captainboss/rear_eye\n  rotate: false\n  xy: 2, 2\n  size: 28, 28\n  orig: 32, 32\n  offset: 2, 2\n  index: -1\nzombie_martboss/back_wheal\n  rotate: false\n  xy: 970, 182\n  size: 48, 48\n  orig: 52, 52\n  offset: 2, 2\n  index: -1\nzombie_martboss/front_weal\n  rotate: false\n  xy: 970, 182\n  size: 48, 48\n  orig: 52, 52\n  offset: 2, 2\n  index: -1\nzombie_martboss/body\n  rotate: false\n  xy: 316, 110\n  size: 165, 166\n  orig: 169, 170\n  offset: 2, 2\n  index: -1\nzombie_martboss/cart\n  rotate: true\n  xy: 2, 32\n  size: 244, 140\n  orig: 248, 153\n  offset: 2, 2\n  index: -1\nzombie_martboss/cart_head\n  rotate: false\n  xy: 970, 232\n  size: 49, 44\n  orig: 53, 48\n  offset: 2, 2\n  index: -1\nzombie_martboss/front_arm\n  rotate: true\n  xy: 483, 115\n  size: 161, 96\n  orig: 165, 100\n  offset: 2, 2\n  index: -1\nzombie_martboss/front_eye\n  rotate: false\n  xy: 968, 57\n  size: 34, 34\n  orig: 38, 38\n  offset: 2, 2\n  index: -1\nzombie_martboss/head\n  rotate: true\n  xy: 800, 4\n  size: 128, 113\n  orig: 132, 117\n  offset: 2, 2\n  index: -1\nzombie_martboss/rear_arm\n  rotate: true\n  xy: 663, 129\n  size: 147, 112\n  orig: 151, 116\n  offset: 2, 2\n  index: -1\nzombie_martboss/rear_eye\n  rotate: false\n  xy: 32, 3\n  size: 27, 27\n  orig: 31, 31\n  offset: 2, 2\n  index: -1\n",["zombie_martboss.png"],{"skeleton":{"hash":"FnKhmBwkyBQF8JN7j3HyxBWNZGQ","spine":"3.8.75","x":-153.69,"y":-37.96,"width":275.89,"height":263.21,"images":"","audio":"C:/Users/Administrator/Desktop/zombie_martboss肥僵尸"},"bones":[{"name":"root","scaleX":0.9,"scaleY":0.9},{"name":"attack","parent":"root","length":54.05,"rotation":-179.41,"x":-94.56,"y":36.69},{"name":"heap","parent":"root","y":86.63},{"name":"back_wheal","parent":"heap","rotation":-180,"x":55.67,"y":-80.36},{"name":"body","parent":"heap","length":74.78,"rotation":71.03,"x":40.64,"y":2.29},{"name":"cart","parent":"heap","length":55.69,"rotation":180,"x":7.5,"y":-52.96},{"name":"cart_head","parent":"cart","length":26.08,"rotation":0.97,"x":105.64,"y":-60.55},{"name":"front_arm","parent":"body","length":52.12,"rotation":159.48,"x":41.2,"y":18.84},{"name":"head","parent":"body","length":46.85,"rotation":109.51,"x":46.54,"y":75.36},{"name":"front_eye","parent":"head","x":25.17,"y":-2.45},{"name":"front_weal","parent":"heap","rotation":-180,"x":-85.77,"y":-75.5},{"name":"helmet","parent":"head","rotation":179.46,"x":30.44,"y":-53.13},{"name":"rear_arm","parent":"body","length":47.57,"rotation":165.72,"x":48.11,"y":87.11},{"name":"rear_eye","parent":"head","x":71.93,"y":-13.06},{"name":"shadow","parent":"root","x":0.42,"y":-1.68}],"slots":[{"name":"shadow","bone":"shadow","attachment":"effect/fx_zombie_shadow"},{"name":"rear_arm","bone":"rear_arm","attachment":"rear_arm"},{"name":"body","bone":"body","attachment":"body"},{"name":"rear_eye","bone":"rear_eye","attachment":"rear_eye"},{"name":"front_eye","bone":"front_eye","attachment":"front_eye"},{"name":"head","bone":"head","attachment":"head"},{"name":"front_weal","bone":"front_weal","attachment":"front_wheal"},{"name":"back_wheal","bone":"back_wheal","attachment":"back_wheal"},{"name":"cart","bone":"cart","attachment":"cart"},{"name":"cart_head","bone":"cart_head","attachment":"cart_head"},{"name":"front_arm","bone":"front_arm","attachment":"front_arm"},{"name":"helmet","bone":"helmet","attachment":"helmet"},{"name":"attack box","bone":"attack"},{"name":"cart box","bone":"cart","attachment":"cart box"},{"name":"body box","bone":"body","attachment":"body box"},{"name":"head box","bone":"head","attachment":"head box"}],"skins":[{"name":"default","attachments":{"cart box":{"cart box":{"type":"boundingbox","vertexCount":4,"color":"60ef00ff","vertices":[139.2,-53.65,-104.22,-61.13,-107.15,30.85,133.68,32.15]}},"body box":{"body box":{"type":"boundingbox","vertexCount":7,"color":"60ef00ff","vertices":[-3.94,101.51,-75.34,54.29,-44.05,-38.74,50.85,-63.86,104.12,-44.86,133.34,28.07,117.98,76.75]}},"head box":{"head box":{"type":"boundingbox","vertexCount":6,"color":"60ef00ff","vertices":[47.88,-79.12,92.29,-56.54,79.5,34.91,-6.3,35.39,-35.74,-19.26,-17.28,-60.71]}},"shadow":{"effect/fx_zombie_shadow":{"scaleX":1.88,"width":144,"height":81}},"attack box":{"attack box":{"type":"boundingbox","vertexCount":4,"color":"60ef00ff","vertices":[16.58,-39.6,49.42,4.66,13.7,47.02,-170.6,-2.23]}}}},{"name":"zombie_captain","attachments":{"rear_arm":{"rear_arm":{"name":"zombie_captainboss/rear_arm","x":45.84,"y":-30.85,"rotation":123.25,"width":150,"height":115}},"front_arm":{"front_arm":{"name":"zombie_captainboss/front_arm","x":56.16,"y":-27.73,"rotation":129.49,"width":165,"height":102}},"back_wheal":{"back_wheal":{"name":"zombie_captainboss/back_weal","rotation":180,"width":55,"height":55}},"front_weal":{"front_wheal":{"name":"zombie_captainboss/front_weal","x":3.33,"y":11.42,"rotation":180,"width":103,"height":45}},"cart":{"cart":{"name":"zombie_captainboss/cart","x":34.27,"y":-15.23,"rotation":180,"width":288,"height":106}},"rear_eye":{"rear_eye":{"name":"zombie_captainboss/rear_eye","rotation":179.46,"width":32,"height":32}},"front_eye":{"front_eye":{"name":"zombie_captainboss/front_eye","rotation":179.46,"width":39,"height":39}},"cart_head":{"cart_head":{"name":"zombie_captainboss/cart_head","x":7.07,"y":-3.93,"rotation":179.03,"width":50,"height":46}},"head":{"head":{"name":"zombie_captainboss/head","x":30.8,"y":-14.57,"rotation":179.46,"width":111,"height":133}},"body":{"body":{"name":"zombie_captainboss/body","x":43.99,"y":28.71,"rotation":-71.03,"width":170,"height":170}},"helmet":{"helmet":{"name":"zombie_captainboss/helmet","width":153,"height":80}}}},{"name":"zombie_martboss","attachments":{"rear_arm":{"rear_arm":{"name":"zombie_martboss/rear_arm","x":44.39,"y":-26.47,"rotation":123.25,"width":151,"height":116}},"front_arm":{"front_arm":{"name":"zombie_martboss/front_arm","x":52.87,"y":-31.32,"rotation":129.49,"width":165,"height":100}},"back_wheal":{"back_wheal":{"name":"zombie_martboss/back_wheal","x":-0.44,"y":-0.44,"rotation":180,"width":52,"height":52}},"front_weal":{"front_wheal":{"name":"zombie_martboss/front_weal","x":-0.44,"y":-2.21,"rotation":180,"width":52,"height":52}},"cart":{"cart":{"name":"zombie_martboss/cart","x":25.56,"y":-36.97,"rotation":180,"width":248,"height":153}},"rear_eye":{"rear_eye":{"name":"zombie_martboss/rear_eye","x":-0.96,"y":0.19,"rotation":179.46,"width":31,"height":31}},"front_eye":{"front_eye":{"name":"zombie_martboss/front_eye","x":-1.62,"y":-0.47,"rotation":179.46,"width":38,"height":38}},"cart_head":{"cart_head":{"name":"zombie_martboss/cart_head","x":4.31,"y":-6.98,"rotation":179.03,"width":53,"height":48}},"head":{"head":{"name":"zombie_martboss/head","x":29.45,"y":-14.48,"rotation":179.46,"width":132,"height":117}},"body":{"body":{"name":"zombie_martboss/body","x":49.48,"y":32.04,"rotation":-71.03,"width":169,"height":170}}}}],"events":{"fx2":{},"kung":{},"no hit frame":{},"sound":{}},"animations":{"attack car":{"slots":{"attack box":{"attachment":[{"name":"attack box"}]}},"bones":{"cart":{"rotate":[{"angle":4.13},{"time":0.1,"angle":8.64},{"time":0.2333,"angle":4.13}]},"body":{"rotate":[{"angle":21.36},{"time":0.1,"angle":24.97},{"time":0.2333,"angle":21.36}],"translate":[{},{"time":0.1,"x":-8.22},{"time":0.2333}]},"front_arm":{"rotate":[{"angle":-17.79},{"time":0.1333,"angle":-17.5},{"time":0.2333,"angle":-17.79}],"translate":[{"x":3.44,"y":-9.81}]},"rear_arm":{"rotate":[{"angle":-29.88},{"time":0.1333,"angle":-31.83},{"time":0.2333,"angle":-29.88}],"translate":[{"x":1.3,"y":-30.4}]},"head":{"rotate":[{"angle":-13.7},{"time":0.1333,"angle":-19.11},{"time":0.2333,"angle":-13.7}]}},"deform":{"default":{"attack box":{"attack box":[{"offset":2,"vertices":[19.37724,-0.19994]}]}}},"events":[{"name":"no hit frame","int":24}]},"dead":{"slots":{"body":{"color":[{"time":0.8,"color":"ffffffff"},{"time":2.0667,"color":"ffffff00"}]},"back_wheal":{"color":[{"time":0.8,"color":"ffffffff"},{"time":2.0667,"color":"ffffff00"}]},"rear_eye":{"color":[{"time":0.8,"color":"ffffffff"},{"time":2.0667,"color":"ffffff00"}]},"rear_arm":{"color":[{"time":0.8,"color":"ffffffff"},{"time":2.0667,"color":"ffffff00"}]},"shadow":{"color":[{"time":0.8,"color":"ffffffff"},{"time":2.0667,"color":"ffffff00"}]},"front_eye":{"color":[{"time":0.8,"color":"ffffffff"},{"time":2.0667,"color":"ffffff00"}]},"cart":{"color":[{"time":0.8,"color":"ffffffff"},{"time":2.0667,"color":"ffffff00"}]},"front_weal":{"color":[{"time":0.8,"color":"ffffffff"},{"time":2.0667,"color":"ffffff00"}]},"head":{"color":[{"time":0.8,"color":"ffffffff"},{"time":2.0667,"color":"ffffff00"}]},"front_arm":{"color":[{"time":0.8,"color":"ffffffff"},{"time":2.0667,"color":"ffffff00"}]},"cart_head":{"color":[{"time":0.8,"color":"ffffffff"},{"time":2.0667,"color":"ffffff00"}]}},"bones":{"body":{"rotate":[{},{"time":0.0333,"angle":-27.41},{"time":0.1333,"angle":-40.28},{"time":0.4,"angle":-44.97},{"time":0.5333,"angle":-117.46},{"time":0.7,"angle":-128.12}],"translate":[{},{"time":0.0333,"x":7.92,"y":16.98},{"time":0.1333,"x":20.94,"y":19.81,"curve":"stepped"},{"time":0.4,"x":20.94,"y":19.81},{"time":0.5333,"x":84.33,"y":-28.3},{"time":0.7,"x":100.75,"y":-16.41}]},"cart":{"rotate":[{},{"time":0.1,"angle":-16.03},{"time":0.2,"angle":8.03},{"time":0.5,"angle":1.96}],"translate":[{},{"time":0.1,"x":10.75,"y":12.45},{"time":0.2,"x":-1.13,"y":-2.26},{"time":0.5,"x":8.49,"y":-13.02}]},"cart_head":{"rotate":[{},{"time":0.0667,"angle":-63.7},{"time":0.2,"angle":-117.24}],"translate":[{},{"time":0.0667,"x":-50.37,"y":-20.94},{"time":0.2,"x":-80.94,"y":48.11}]},"front_arm":{"rotate":[{},{"time":0.0333,"angle":75.26},{"time":0.1,"angle":82.46},{"time":0.4,"angle":90.06},{"time":0.7,"angle":127.46},{"time":0.8,"angle":109.97}],"translate":[{},{"time":0.1,"x":15.8,"y":-15.92}]},"head":{"rotate":[{},{"time":0.1333,"angle":-34.35},{"time":0.4,"angle":-40.45},{"time":0.4333,"angle":27.03},{"time":0.6,"angle":-30.41},{"time":0.6667,"angle":-70.44},{"time":0.8,"angle":-102.17}],"translate":[{},{"time":0.1333,"x":16.7,"y":-0.71,"curve":"stepped"},{"time":0.4,"x":16.7,"y":-0.71},{"time":0.4333,"x":2.75,"y":7.03},{"time":0.5667,"x":37.05,"y":1.79},{"time":0.6667,"x":81.94,"y":16.12},{"time":0.8,"x":93.05,"y":68.05}]},"rear_arm":{"rotate":[{},{"time":0.0333,"angle":36.73},{"time":0.4,"angle":39.89},{"time":0.7,"angle":117.27},{"time":0.8,"angle":93.73}],"translate":[{},{"time":0.1,"x":-10.49,"y":-18.91}]}}},"fall long":{"bones":{"cart":{"rotate":[{"time":0.3333},{"time":0.4667,"angle":6.16},{"time":0.5333,"angle":-1.4},{"time":1}],"translate":[{"time":0.3333},{"time":0.4667,"y":-7.49},{"time":1},{"time":1.1667,"y":-3.54},{"time":1.3333,"y":0.44},{"time":1.5}],"scale":[{"time":0.3333},{"time":0.4667,"y":0.943},{"time":1}]},"body":{"translate":[{"time":0.3333},{"time":0.4667,"y":-11.98},{"time":1},{"time":1.2333,"y":-3.98},{"time":1.4,"y":5.3},{"time":1.5}],"scale":[{"time":0.3333},{"time":0.4667,"x":0.884},{"time":1}]},"front_arm":{"rotate":[{"time":0.3333},{"time":0.4667,"angle":-8.29},{"time":1,"curve":"stepped"},{"time":1.1667},{"time":1.2333,"angle":-1.36},{"time":1.4,"angle":2.45},{"time":1.5}],"translate":[{"time":0.3333},{"time":0.4667,"x":-21.24,"y":-7.3},{"time":1}]},"rear_arm":{"rotate":[{"time":0.3333},{"time":0.4667,"angle":-5.55},{"time":1,"curve":"stepped"},{"time":1.1667},{"time":1.2333,"angle":-1.33},{"time":1.4,"angle":4.09},{"time":1.5}],"translate":[{"time":0.3333},{"time":0.4667,"x":-11.97,"y":-11.24},{"time":1}]},"head":{"rotate":[{"time":0.3333,"angle":-51.44},{"time":0.4667,"angle":61.76},{"time":0.6,"angle":-22.01},{"time":0.7,"angle":36.24},{"time":1},{"time":1.1333,"angle":3.26},{"time":1.3333,"angle":-1.37},{"time":1.5}],"translate":[{"time":0.3333,"x":34.29,"y":-1.65},{"time":0.4667,"x":-26.99,"y":0.22},{"time":1}]},"heap":{"rotate":[{"angle":-40.24},{"time":0.3333,"angle":-62.84},{"time":0.4667,"angle":14.7},{"time":0.5667,"angle":-14.22},{"time":0.6333,"angle":5.72},{"time":0.7}],"translate":[{"x":500,"y":599.08},{"time":0.3333,"y":4.96}]},"shadow":{"translate":[{"x":513.86,"y":1.68},{"time":0.3333,"x":-0.42,"y":1.68}]}},"events":[{"time":0.3333,"name":"fx2","string":"fx/fx_fall_smoke.ccbi"},{"time":0.3667,"name":"kung","int":15},{"time":0.3667,"name":"sound","string":"snd_falldown"}]},"hit":{"slots":{"body":{"color":[{"color":"ff1e1eff"},{"time":0.1667,"color":"ffffffff"}]},"rear_arm":{"color":[{"color":"ff1e1eff"},{"time":0.1667,"color":"ffffffff"}]},"cart":{"color":[{"color":"ff1e1eff"},{"time":0.1667,"color":"ffffffff"}]},"head":{"color":[{"color":"ff1e1eff"},{"time":0.1667,"color":"ffffffff"}]},"front_arm":{"color":[{"color":"ff1e1eff"},{"time":0.1667,"color":"ffffffff"}]},"helmet":{"color":[{"color":"ff1e1eff"},{"time":0.1667,"color":"ffffffff"}]},"cart_head":{"color":[{"color":"ff1e1eff"},{"time":0.1667,"color":"ffffffff"}]}},"bones":{"body":{"rotate":[{},{"time":0.0333,"angle":-19.67},{"time":0.7333}],"translate":[{},{"time":0.0333,"x":3.98,"y":11.49},{"time":0.7333}]},"cart":{"translate":[{},{"time":0.0333,"y":-3.98},{"time":0.7333}]},"cart_head":{"translate":[{},{"time":0.0333,"x":-13.26,"y":-4.42},{"time":0.7333}]},"front_arm":{"rotate":[{},{"time":0.0333,"angle":23.05},{"time":0.7333}],"translate":[{},{"time":0.0333,"x":-3.73,"y":6.08},{"time":0.7333}]},"head":{"rotate":[{},{"time":0.0333,"angle":-45.26},{"time":0.7333}],"translate":[{},{"time":0.0333,"x":7.52,"y":-0.21},{"time":0.7333}]},"rear_arm":{"rotate":[{},{"time":0.0333,"angle":15.68},{"time":0.7333}],"translate":[{},{"time":0.0333,"x":-36.86,"y":-9.1},{"time":0.7333}]},"heap":{"translate":[{},{"time":0.0333,"x":11.93},{"time":0.7333}]}}},"hit2":{"slots":{"body":{"color":[{"color":"ff1e1eff"},{"time":0.1667,"color":"ffffffff"}]},"rear_arm":{"color":[{"color":"ff1e1eff"},{"time":0.1667,"color":"ffffffff"}]},"cart":{"color":[{"color":"ff1e1eff"},{"time":0.1667,"color":"ffffffff"}]},"head":{"color":[{"color":"ff1e1eff"},{"time":0.1667,"color":"ffffffff"}]},"front_arm":{"color":[{"color":"ff1e1eff"},{"time":0.1667,"color":"ffffffff"}]},"helmet":{"color":[{"color":"ff1e1eff"},{"time":0.1667,"color":"ffffffff"}]},"cart_head":{"color":[{"color":"ff1e1eff"},{"time":0.1667,"color":"ffffffff"}]}},"bones":{"body":{"rotate":[{},{"time":0.0333,"angle":7.73},{"time":0.7333}],"translate":[{},{"time":0.0333,"x":-3.55,"y":-15.8},{"time":0.7333}]},"cart":{"translate":[{},{"time":0.0333,"x":9.41,"y":-3.04},{"time":0.7333}]},"cart_head":{"translate":[{},{"time":0.0333,"x":-13.26,"y":-4.42},{"time":0.7333}]},"front_arm":{"rotate":[{},{"time":0.0333,"angle":-17.69},{"time":0.7333}],"translate":[{},{"time":0.0333,"x":3.25,"y":-24.2},{"time":0.7333}]},"head":{"rotate":[{},{"time":0.0333,"angle":63.72},{"time":0.7333}],"translate":[{},{"time":0.0333,"x":7.52,"y":-0.21},{"time":0.7333}]},"rear_arm":{"rotate":[{},{"time":0.0333,"angle":-23.51},{"time":0.7333}],"translate":[{},{"time":0.0333,"x":2.22,"y":-46.42},{"time":0.7333}]},"heap":{"translate":[{},{"time":0.1,"x":11.93},{"time":0.8}]}}},"hit3":{"slots":{"body":{"color":[{"color":"ff1e1eff"},{"time":0.1667,"color":"ffffffff"}]},"rear_arm":{"color":[{"color":"ff1e1eff"},{"time":0.1667,"color":"ffffffff"}]},"cart":{"color":[{"color":"ff1e1eff"},{"time":0.1667,"color":"ffffffff"}]},"head":{"color":[{"color":"ff1e1eff"},{"time":0.1667,"color":"ffffffff"}]},"front_arm":{"color":[{"color":"ff1e1eff"},{"time":0.1667,"color":"ffffffff"}]},"helmet":{"color":[{"color":"ff1e1eff"},{"time":0.1667,"color":"ffffffff"}]},"cart_head":{"color":[{"color":"ff1e1eff"},{"time":0.1667,"color":"ffffffff"}]}},"bones":{"body":{"rotate":[{},{"time":0.0333,"angle":-19.67},{"time":0.7333}],"translate":[{},{"time":0.0333,"x":3.98,"y":11.49},{"time":0.7333}]},"cart":{"translate":[{},{"time":0.0333,"y":-3.98},{"time":0.7333}]},"cart_head":{"translate":[{},{"time":0.0333,"x":-13.26,"y":-4.42},{"time":0.7333}]},"front_arm":{"rotate":[{},{"time":0.0333,"angle":23.05},{"time":0.7333}],"translate":[{},{"time":0.0333,"x":-3.73,"y":6.08},{"time":0.7333}]},"head":{"rotate":[{},{"time":0.0333,"angle":-45.26},{"time":0.7333}],"translate":[{},{"time":0.0333,"x":7.52,"y":-0.21},{"time":0.7333}]},"rear_arm":{"rotate":[{},{"time":0.0333,"angle":15.68},{"time":0.7333}],"translate":[{},{"time":0.0333,"x":-36.86,"y":-9.1},{"time":0.7333}]},"heap":{"translate":[{},{"time":0.0333,"x":11.93},{"time":0.7333}]}}},"hit black":{"slots":{"body":{"color":[{"color":"000000ff"},{"time":1.9,"color":"ffffffff"}]},"rear_arm":{"color":[{"color":"000000ff"},{"time":1.9,"color":"ffffffff"}]},"cart":{"color":[{"color":"000000ff"},{"time":1.9,"color":"ffffffff"}]},"head":{"color":[{"color":"000000ff"},{"time":1.9,"color":"ffffffff"}]},"front_arm":{"color":[{"color":"000000ff"},{"time":1.9,"color":"ffffffff"}]},"cart_head":{"color":[{"color":"000000ff"},{"time":1.9,"color":"ffffffff"}]}},"bones":{"body":{"rotate":[{},{"time":0.0667,"angle":5.08},{"time":1.9}]},"cart":{"rotate":[{},{"time":0.0667,"angle":5.08},{"time":1.9}]},"cart_head":{"rotate":[{"time":0.0667,"angle":5.08}]},"front_arm":{"rotate":[{},{"time":0.0667,"angle":-2.06},{"time":1.9}],"translate":[{},{"time":0.0667,"x":-1.81,"y":7.31},{"time":1.9}]},"head":{"rotate":[{},{"time":0.0667,"angle":-22.12},{"time":1.9}],"translate":[{},{"time":0.0667,"x":19.19,"y":8.62},{"time":1.9}]},"rear_arm":{"rotate":[{},{"time":0.0667,"angle":-5.04},{"time":1.9}]},"heap":{"translate":[{},{"time":0.1,"x":11.93},{"time":0.7}]}}},"idle":{"bones":{"cart":{"translate":[{},{"time":0.1667,"y":-3.54},{"time":0.3333,"y":0.44},{"time":0.5}]},"body":{"translate":[{},{"time":0.2333,"y":-3.98},{"time":0.4,"y":5.3},{"time":0.5}]},"front_arm":{"rotate":[{"time":0.1667},{"time":0.2333,"angle":-1.36},{"time":0.4,"angle":2.45},{"time":0.5}]},"rear_arm":{"rotate":[{"time":0.1667},{"time":0.2333,"angle":-1.33},{"time":0.4,"angle":4.09},{"time":0.5}]},"head":{"rotate":[{},{"time":0.1333,"angle":3.26},{"time":0.3333,"angle":-1.37},{"time":0.5}]}}},"walk":{"bones":{"cart":{"translate":[{},{"time":0.1,"y":-3.54},{"time":0.2333,"y":0.44},{"time":0.3333}]},"body":{"translate":[{},{"time":0.1667,"y":-3.98},{"time":0.2667,"y":5.3},{"time":0.3333}]},"front_arm":{"rotate":[{"time":0.1},{"time":0.1667,"angle":-1.36},{"time":0.2667,"angle":2.45},{"time":0.3333}]},"rear_arm":{"rotate":[{"time":0.1},{"time":0.1667,"angle":-1.33},{"time":0.2667,"angle":4.09},{"time":0.3333}]},"head":{"rotate":[{},{"time":0.1,"angle":3.26},{"time":0.2333,"angle":-1.37},{"time":0.3333}]},"cart_head":{"translate":[{"time":0.1},{"time":0.2,"x":2.21,"y":-1.33},{"time":0.2667,"x":-1.55,"y":-0.66},{"time":0.3333}]}}}}},[0]]],0,0,[0],[-1],[0]]