[1,["ecpdLyjvZBwrvm+cedCcQy","04Nc6tHIpND64KkP8br3mU","13TAwgnBZET6Oe8dDiSUdf","fdpw+6qnZAuoC5CG+KgAXn","4aL/a60YZEzrKXkqd52XtD","a2MjXRFdtLlYQ5ouAFv/+R","74ug/ysftA/ILEizkvv1Mb","50j5SkiXdGsKXtO5/z9Xn7","c7OKqSFYhP7qtAEp41BwE6","d6VZeCB6tJaKeehWleRgVp","0ar2DydJ5B5p0ByuZ4v3bP","c28e6RdGJNMoVH5UbPicrs","adge3reZFIxoQov18fqkjr","17qdxdlDVBNo1Ewfgzkn2J","45L/b2GdtOYopM9ey8cjeC","ff9fR5kQ9ChpZBnnFF6aZW","a6NyF3sI5GjbTXTC9ShBK+","e6BFKXRmhG/Lmb0Kz9OITO","49Whyj3xVF7YeArTqnVwKp","5d+P+MHsRAqKFr8VlJ+Yyq","10QKxue59Fq7MNPh4qeRkn","a8I9nbBANEsIMpvytvVIKb","389yAKTlhD8JHr4ndnImKv","38FhihaP5GkY10DO5405yB","b8zl7qZUVHzb67Jzs33Jrq","e1c3oPZa9NsLASbBTxOk41","50pPF89UVFRbDbJi1+ZWE8","05oGcOvBRHaZo7LmyHTEvB","99IbOtcwRKq4kt0lUVpuyB","7cMia6YBhFV428xNi0EBeg","f9Lc6Gh71HlYUX+a0ary7b","6agNYohWBEmKX4W8ynEFTG","abpelgtFROX65Faeg3VC15","4a+kcNAOtH3JjhGnRymijJ","02FcXAa0dD8ZUIYaBdUOeL","0dNAeb1gtKCqlcaRg2FMUW","00b0TjMxhBuq3jnWvf8S5S","a2T4nUMoVN6bi0E2OdVVaR","81bS/rN4xObpT8uOiYc8FO","7aZmORbi5Cx5fIWktxWVx5","6eUAnmz2pGhLLAmDsomzef","acjRBagP5MPrBkDajlPSf5","a0WpfLWblCI5nUsNMi+CO1","f6KOhCNXBD5YAXaLgctTbm","50ykREYyVJGp/YWBfj9doH","58XlzoC2lFjL8MQKw0WzX+","f4AhvOpjRByqG2GFfnkbyf","f2zce4sKVFEod1iMDVkWT3","4cbGbiN3VOp4lK5SafAFZB","71dp/qPSdEQb1+9MmXBwni","baISWNpUROmJAjjSRFbmPX","1ajvSni+JDlbkhnOlsQa4d","8f0Zwzgo9FH7voZ3YkOV5B","eehYmpmJBMw4q5eYsfY4n5","15zZtjw1pLmoMid/e1WayJ","eaWm2QPhJH/7cSP82Fa7Vb","38dZHHmENMcr1M/kKt3ya4","ae9y53FotLdpswJn/ku1XG","98EYSK5K1DCaDW2AH4MJCR","d1B6G6/DJK+LTm40RDPTMr","f6fwaKLPtBRKmMzCuiAeGt","389Iufji9KPoAvjn8p9mSr","86c5tbrBJA76toZqsNPeQ7","30E9prkOFD5Joqus6lylMI","f0vNJppIBGkaegfMrwBNdP","f2ZzJ+8cJDyaMb6E3nuYYD","aenT4W7R9FzamzmOzdYz55","c5W/NFBXlNH7b7FDUlqOKs","83aeAodP5O0b8YLVTw8BQJ","17acw4rstO+Z9auObA73/S","f6hP+Z+w5N2YQLLl1Rukbq","5aFwstOcxBKp5cIuUlvN8x","b1PE5X+S1BMpWatBC+zfhO","c79aVjT4FFCLrdsV2QkmmY","491BObS7NJ6aulGyyuZmIU","2cly1OJGdG9r+vPPZBD8oU","35oqRda15Gv6OdV689PwTt","fbWiV4j75FZI6M9UT0dz7K","f4ZTf0plZDOrjAcH+o/rT0","45In5tNYNJNrBCx/bWuJuT","b6qlIRBhtKm5fAqgYUfQ2C","14CRlEv55BOZQWHOYMoP/n","7aWjLadNJEX4mbNQdG6b26","c1/hPhTiJA3Zs5rqgenge5","e9fEFCGs1KZoMPiCNSH7va","3dTLqRDj9F4IyNMAg4HbLn","7bBo0rE5FIB5MizrKZW7rg","82NM93H25HBY86ec1m9aDe","97MwVRzvhNlKhcJ2P08e3O","b9kPIOA95JcqzUR+s7tkjJ"],["node","_spriteFrame","_textureSetter","_parent","root","data","zuanshi","scene","hecheng_suo_pos","paixu_luosi_zhuang","hecheng_luosi","pausedlg","game_end_animate","chuangong_success_dlg","luosi_hecheng_shuzi_dlg","delaytimeDlg","yingdao_shou_dianji","shouzhi_sp","xingxing_animate1","contine_prev_luosihecheng_dlg","gamesuccess_new","_N$target"],[["cc.Node",["_name","_active","_opacity","_id","_components","_contentSize","_parent","_prefab","_children","_trs","_color","_anchorPoint","_eulerAngles"],-1,9,5,1,4,2,7,5,5,5],"cc.SpriteFrame",["cc.Label",["_string","_N$verticalAlign","_fontSize","_styleFlags","_N$horizontalAlign","_lineHeight","node","_materials"],-3,1,3],["cc.Sprite",["_sizeMode","node","_materials","_spriteFrame"],2,1,3,6],["cc.Button",["_N$transition","zoomScale","node","_N$target"],1,1,1],["cc.LabelOutline",["_width","_enabled","node","_color"],1,1,5],["cc.PrefabInfo",["fileId","root","asset"],2,1,1],["cc.Widget",["_alignFlags","_left","_right","_top","_bottom","node"],-2,1],["cc.Prefab",["_name"],2],["cc.Node",["_name","_parent","_children"],2,1,9],["23de1TeyQZK/6szRkewPOwY",["node"],3,1],["cc.BlockInputEvents",["node"],3,1],["d551fPcWHFK86YXTVmreA9G",["node","zuanshi"],3,1,1],["cc.SceneAsset",["_name","asyncLoadAssets"],1],["cc.Canvas",["_fitWidth","node","_designResolution"],2,1,5],["684640AWFNPq4NtwnlcO00J",["node","hecheng_suo_pos","paixu_luosi_zhuang","hecheng_luosi","pausedlg","game_end_animate","chuangong_success_dlg","luosi_hecheng_shuzi_dlg","delaytimeDlg","yingdao_shou_dianji","shouzhi_sp","xingxing_animate1","contine_prev_luosihecheng_dlg","gamesuccess_new"],3,1,6,6,6,6,6,6,6,6,6,6,6,6,6],["cc.Scene",["_name","_active","_children","_anchorPoint","_trs"],1,2,5,7],["cc.Camera",["_clearFlags","_depth","node"],1,1],["a9603jfUyRANKYEyp3MW2hg",["node"],3,1]],[[6,0,1,2,2],[3,0,1,2,3,2],[3,1,2,3,1],[0,0,6,4,5,2],[4,1,0,2,3],[0,0,1,6,4,7,5,3],[0,0,6,4,7,5,2],[2,0,2,5,3,4,1,6,7,7],[0,0,6,4,5,9,2],[0,0,6,4,7,5,9,2],[0,0,6,4,7,10,5,9,2],[2,0,2,3,4,1,6,7,6],[8,0,2],[0,0,6,8,9,2],[6,1,2,1],[5,0,2,3,2],[0,0,8,4,7,5,9,2],[0,0,6,8,7,9,2],[0,0,6,4,7,10,5,2],[0,0,1,6,4,7,5,9,3],[0,0,6,8,7,2],[0,0,6,8,4,7,5,9,2],[0,0,2,6,4,7,10,5,3],[0,0,1,6,4,5,3],[3,0,1,2,2],[4,2,1],[4,0,2,2],[2,0,3,4,1,6,7,5],[5,2,3,1],[0,0,8,4,7,5,2],[0,0,8,7,9,2],[0,0,1,6,8,7,3],[0,0,8,7,2],[0,0,6,8,2],[0,0,6,8,4,5,9,2],[0,0,1,6,8,4,5,9,3],[0,0,1,6,4,5,9,3],[0,0,6,2],[0,0,6,4,10,5,2],[3,1,2,1],[7,0,1,2,3,4,5,6],[11,0,1],[0,0,1,8,4,7,5,9,3],[0,0,6,4,7,5,11,9,2],[0,0,3,8,4,5,9,3],[0,0,8,2],[0,0,1,8,4,5,9,3],[0,0,1,6,8,4,5,3],[0,0,1,6,4,5,9,12,3],[0,0,8,7,5,2],[0,0,8,4,7,2],[0,0,1,6,4,7,10,5,9,3],[9,0,1,2,2],[10,0,1],[7,0,5,2],[4,2,3,1],[2,0,2,3,1,6,7,5],[2,0,2,5,4,1,6,7,6],[5,1,0,2,3,3],[12,0,1,1],[13,0,1,3],[14,0,1,2,2],[15,0,1,2,3,4,5,6,7,8,9,10,11,12,13,1],[16,0,1,2,3,4,3],[17,0,1,2,3],[18,0,1]],[[[{"name":"quan1","rect":[0,0,68,68],"offset":[0,0],"originalSize":[68,68],"capInsets":[0,0,0,0]}],[1],0,[0],[2],[11]],[[{"name":"hechengbtn_invalid","rect":[0,0,304,128],"offset":[0,0],"originalSize":[304,128],"capInsets":[0,0,0,0]}],[1],0,[0],[2],[12]],[[{"name":"quan2","rect":[0,0,66,68],"offset":[0,0],"originalSize":[66,68],"capInsets":[0,0,0,0]}],[1],0,[0],[2],[13]],[[{"name":"btk","rect":[0,0,425,91],"offset":[0,0],"originalSize":[425,91],"capInsets":[0,0,0,0]}],[1],0,[0],[2],[14]],[[{"name":"hecheng_btn","rect":[0,0,304,128],"offset":[0,0],"originalSize":[304,128],"capInsets":[0,0,0,0]}],[1],0,[0],[2],[15]],[[{"name":"hecheg_top_tiao","rect":[0,0,306,19],"offset":[0,0],"originalSize":[306,19],"capInsets":[0,0,0,0]}],[1],0,[0],[2],[16]],[[{"name":"quan4","rect":[0,0,66,70],"offset":[0,0],"originalSize":[66,70],"capInsets":[0,0,0,0]}],[1],0,[0],[2],[17]],[[{"name":"linshiluoshuang1","rect":[0,0,114,261],"offset":[0,0],"originalSize":[114,261],"capInsets":[0,0,0,0]}],[1],0,[0],[2],[18]],[[[12,"chuangong_success_dlg"],[29,"chuangong_success_dlg",[-3,-4],[[53,-2]],[14,-1,0],[5,720,1280]],[20,"panel",1,[-5,-6,-7,-8,-9,-10,-11],[0,"1fQEW8quJFBKaUG1w4D7/2",1,0]],[22,"bk",200,1,[[1,0,-12,[0],1],[40,45,-280,-280,-360,-360,-13],[41,-14],[25,-15]],[0,"d0a+RuepRJDaxv2XFlyJFH",1,0],[4,4278190080],[5,1280,2000]],[16,"addchuizi",[-17,-18],[[4,1.1,3,-16]],[0,"c2xFRuQJdDcpzrp2yX1q/X",1,0],[5,224,51],[-185.963,397.459,0,0,0,0,1,1,1,0]],[16,"addzuanshi",[-20,-21],[[4,1.1,3,-19]],[0,"545PUeb8lFrKjPbk+lbPN0",1,0],[5,224,51],[91.263,397.459,0,0,0,0,1,1,1,0]],[9,"quedingbtn",2,[[1,0,-22,[4],5],[4,1.1,3,-23]],[0,"3c93UyHFhL8La3su2+AoI0",1,0],[5,260,100],[6.132,-314.365,0,0,0,0,1,1,1,0]],[17,"top",2,[4,5],[0,"a728TwPFBNFKp+q+gTQUY5",1,0],[0,72,0,0,0,0,1,1,1,1]],[30,"1",[-24,-25],[0,"48PniqN0NDpauifj7GQC+1",1,0],[0,170,0,0,0,0,1,1,1,1]],[10,"c",8,[[7,"+6",60,60,1,1,1,-26,[14]],[15,4,-27,[4,4280051897]]],[0,"82HuCUbrxCRrMP/EFREu3w",1,0],[4,4278635254],[5,76.41,83.6],[0,-101.753,0,0,0,0,1,1,1,1]],[31,"item",false,2,[-28,-29],[0,"e8bNoekMVDs69gDfGwHvFf",1,0]],[9,"cgkk",2,[[2,-30,[2],3]],[0,"a2Ckc6XNRFD6vDN8QcJbO9",1,0],[5,557,526],[0,72,0,0,0,0,1,1,1,1]],[6,"1tiao",4,[[2,-31,[6],7]],[0,"184/FN6Y9B4aQeD2le5cOS",1,0],[5,208,57]],[18,"c",4,[[7,"100",30,30,1,1,1,-32,[8]]],[0,"d0EgChKhhNK63RsJ/tzOZ7",1,0],[4,4288887728],[5,50.05,37.8]],[6,"1tiao",5,[[2,-33,[9],10]],[0,"d2Y4xVEBRNGYydPlt053MB",1,0],[5,208,57]],[18,"c",5,[[7,"100",30,30,1,1,1,-34,[11]]],[0,"c9bHRuMXhPyY7Jdoa2/sUw",1,0],[4,4288887728],[5,50.05,37.8]],[17,"wuping",2,[8],[0,"019ERybXBO4rA+9LsFu3Zo",1,0],[0,-169.863,0,0,0,0,1,1,1,1]],[6,"icon",8,[[1,0,-35,[12],13]],[0,"e76ncUlMZDZ7jXj7MKBHpb",1,0],[5,100,116]],[10,"tip",2,[[7,"通关挑战获得奖励",30,60,1,1,1,-36,[15]]],[0,"9e/WRW8VtJ7pRY19sC0Shc",1,0],[4,4278190335],[5,240,75.6],[0,106.897,0,0,0,0,1,1,1,1]],[10,"gamename",2,[[27,"三消消挑战成功",1,1,1,-37,[16]]],[0,"7fKn3BhS9FH6lJ+baI8Bia",1,0],[4,4282280358],[5,280,50.4],[0,169.559,0,0,0,0,1,1,1,1]],[6,"chuizi",10,[[24,0,-38,[17]]],[0,"c85S9TXSlPT6JdGS3C8/jl",1,0],[5,100,116]],[6,"zuanshi",10,[[1,0,-39,[18],19]],[0,"3cYUyYse5KjaodOUxQks/a",1,0],[5,110,100]]],0,[0,4,1,0,0,1,0,-1,3,0,-2,2,0,-1,11,0,-2,6,0,-3,7,0,-4,16,0,-5,18,0,-6,19,0,-7,10,0,0,3,0,0,3,0,0,3,0,0,3,0,0,4,0,-1,12,0,-2,13,0,0,5,0,-1,14,0,-2,15,0,0,6,0,0,6,0,-1,17,0,-2,9,0,0,9,0,0,9,0,-1,20,0,-2,21,0,0,11,0,0,12,0,0,13,0,0,14,0,0,15,0,0,17,0,0,18,0,0,19,0,0,20,0,0,21,0,5,1,4,3,7,5,3,7,8,3,16,39],[0,0,0,0,0,0,0,0,0,0,0,0,0,0,0,0,0,0,0,0],[-1,1,-1,1,-1,1,-1,1,-1,-1,1,-1,-1,1,-1,-1,-1,-1,-1,1],[0,5,0,19,0,20,0,6,0,0,6,0,0,7,0,0,0,0,0,7]],[[{"name":"cgkk","rect":[0,0,557,526],"offset":[0,0],"originalSize":[557,526],"capInsets":[0,0,0,0]}],[1],0,[0],[2],[21]],[[{"name":"lingshiluoshuang2","rect":[0,0,112,257],"offset":[0,0],"originalSize":[112,257],"capInsets":[0,0,0,0]}],[1],0,[0],[2],[22]],[[[12,"hecheng_luosi"],[32,"hecheng_luosi",[-2,-3,-4],[14,-1,0]],[20,"quan",1,[-5,-6,-7,-8,-9,-10,-11,-12,-13,-14],[0,"1fHfCbEq9GRKYdr1ANCOSh",1,0]],[20,"que",1,[-15,-16,-17,-18,-19,-20,-21,-22,-23,-24],[0,"94vmFnN7JNqa4GrHwbcq7v",1,0]],[5,"1",false,2,[[1,0,-25,[0],1]],[0,"d77J4qqghAeIb9OsK1bFnZ",1,0],[5,97,82]],[5,"2",false,2,[[1,0,-26,[2],3]],[0,"3fVp8jn9FN4YC+Rvhq5ZOU",1,0],[5,97,82]],[5,"3",false,2,[[1,0,-27,[4],5]],[0,"43rTPZe59EApQT2lyPahdz",1,0],[5,97,82]],[6,"4",2,[[1,0,-28,[6],7]],[0,"3aDRKA3PVD5bEGNtCBCyCx",1,0],[5,97,82]],[5,"5",false,2,[[1,0,-29,[8],9]],[0,"b25u6dFB5Ec5bRAWddj9Pc",1,0],[5,97,82]],[5,"6",false,2,[[1,0,-30,[10],11]],[0,"49XiNCxatIXIcGSEeB3NqX",1,0],[5,97,82]],[5,"7",false,2,[[1,0,-31,[12],13]],[0,"9eyzE0G7pG1qvR6CLthdfZ",1,0],[5,97,82]],[5,"8",false,2,[[1,0,-32,[14],15]],[0,"cfZckAzhZFS56xtQ60aRMa",1,0],[5,97,82]],[5,"9",false,2,[[1,0,-33,[16],17]],[0,"5efTGwyNVG5YsMVbBjDMwK",1,0],[5,97,82]],[5,"10",false,2,[[1,0,-34,[18],19]],[0,"73cs3PAWlKF6KRsPtgk4l3",1,0],[5,97,82]],[19,"1",false,3,[[1,0,-35,[20],21]],[0,"fbjAnraK5J9YAoVoZBpccd",1,0],[5,98,78],[0,-1,0,0,0,0,1,1,1,1]],[5,"2",false,3,[[1,0,-36,[22],23]],[0,"83OndfdjlKFKkDQkBXX1RW",1,0],[5,98,78]],[5,"3",false,3,[[1,0,-37,[24],25]],[0,"77ysk9wI5NsImbJCIalZBO",1,0],[5,98,78]],[6,"4",3,[[1,0,-38,[26],27]],[0,"5aMhBinE5Ppb44gOsql7E2",1,0],[5,98,78]],[5,"5",false,3,[[1,0,-39,[28],29]],[0,"4cQlBPGWNNj6UaE67mnTeo",1,0],[5,98,78]],[5,"6",false,3,[[1,0,-40,[30],31]],[0,"daQ/ftsPxCsZc43vcIFsjT",1,0],[5,98,78]],[5,"7",false,3,[[1,0,-41,[32],33]],[0,"56ftyBil9JQJtVm9JsuTKD",1,0],[5,98,78]],[5,"8",false,3,[[1,0,-42,[34],35]],[0,"4eJbdsv/FARqWKvBUj5pMa",1,0],[5,98,78]],[5,"9",false,3,[[1,0,-43,[36],37]],[0,"c31taczYxIyJTNHkgVscIt",1,0],[5,98,78]],[5,"10",false,3,[[1,0,-44,[38],39]],[0,"dbsNxjn/BDq5VmNTh7dwvg",1,0],[5,98,78]],[9,"index",1,[[7,"1000",20,22,1,1,1,-45,[40]]],[0,"fce6ULt+9DYawcu0ABuLzR",1,0],[5,44.49,27.72],[1.871,-23.193,0,0,0,0,1,1,1,1]]],0,[0,4,1,0,-1,2,0,-2,3,0,-3,24,0,-1,4,0,-2,5,0,-3,6,0,-4,7,0,-5,8,0,-6,9,0,-7,10,0,-8,11,0,-9,12,0,-10,13,0,-1,14,0,-2,15,0,-3,16,0,-4,17,0,-5,18,0,-6,19,0,-7,20,0,-8,21,0,-9,22,0,-10,23,0,0,4,0,0,5,0,0,6,0,0,7,0,0,8,0,0,9,0,0,10,0,0,11,0,0,12,0,0,13,0,0,14,0,0,15,0,0,16,0,0,17,0,0,18,0,0,19,0,0,20,0,0,21,0,0,22,0,0,23,0,0,24,0,5,1,45],[0,0,0,0,0,0,0,0,0,0,0,0,0,0,0,0,0,0,0,0,0,0,0,0,0,0,0,0,0,0,0,0,0,0,0,0,0,0,0,0,0],[-1,1,-1,1,-1,1,-1,1,-1,1,-1,1,-1,1,-1,1,-1,1,-1,1,-1,1,-1,1,-1,1,-1,1,-1,1,-1,1,-1,1,-1,1,-1,1,-1,1,-1],[0,23,0,24,0,25,0,26,0,27,0,28,0,29,0,30,0,31,0,32,0,33,0,34,0,35,0,36,0,37,0,38,0,39,0,40,0,41,0,42,0]],[[{"name":"paifabtn","rect":[0,0,304,128],"offset":[0,0],"originalSize":[304,128],"capInsets":[0,0,0,0]}],[1],0,[0],[2],[43]],[[{"name":"button_green01","rect":[0,0,280,110],"offset":[0,0],"originalSize":[280,110],"capInsets":[0,0,0,0]}],[1],0,[0],[2],[44]],[[{"name":"haunguang","rect":[0,0,36,32],"offset":[0,0],"originalSize":[36,32],"capInsets":[0,0,0,0]}],[1],0,[0],[2],[45]],[[[12,"hecheng_suo_pos"],[32,"hecheng_suo_pos",[-2,-3,-4,-5],[14,-1,0]],[9,"1",1,[[2,-6,[0],1],[4,1.1,3,-7]],[0,"245JB5TyJJAbDv1+X+7z9/",1,0],[5,112,257],[0,0,0,0,0,0,1,1,1,0]],[19,"2",false,1,[[2,-8,[2],3],[4,1.1,3,-9]],[0,"37n+o/tqhEMpBp3bCLVBGX",1,0],[5,112,257],[0,0,0,0,0,0,1,1,1,0]],[19,"3",false,1,[[2,-10,[4],5],[4,1.1,3,-11]],[0,"b37k0mI9ZECZqczdGQvzwa",1,0],[5,114,261],[0,0,0,0,0,0,1,1,1,0]],[19,"4",false,1,[[2,-12,[6],7],[4,1.1,3,-13]],[0,"d40oUj74tH9ZKB4dCNzdFT",1,0],[5,112,257],[0,0,0,0,0,0,1,1,1,0]]],0,[0,4,1,0,-1,2,0,-2,3,0,-3,4,0,-4,5,0,0,2,0,0,2,0,0,3,0,0,3,0,0,4,0,0,4,0,0,5,0,0,5,0,5,1,13],[0,0,0,0,0,0,0,0],[-1,1,-1,1,-1,1,-1,1],[0,46,0,47,0,48,0,49]],[[{"name":"jiangtou","rect":[0,0,30,23],"offset":[0,0],"originalSize":[30,23],"capInsets":[0,0,0,0]}],[1],0,[0],[2],[50]],[[[12,"luosi_hecheng_shuzi_dlg"],[29,"luosi_hecheng_shuzi_dlg",[-4,-5],[[59,-3,-2]],[14,-1,0],[5,720,1280]],[20,"panel",1,[-6,-7,-8,-9,-10,-11,-12,-13,-14],[0,"1fQEW8quJFBKaUG1w4D7/2",1,0]],[22,"bk",200,1,[[1,0,-15,[0],1],[40,45,-280,-280,-360,-360,-16],[41,-17],[25,-18]],[0,"d0a+RuepRJDaxv2XFlyJFH",1,0],[4,4278190080],[5,1280,2000]],[16,"addzuanshi",[-20,-21,-22],[[4,1.1,3,-19]],[0,"545PUeb8lFrKjPbk+lbPN0",1,0],[5,224,51],[-134.393,407.186,0,0,0,0,1,1,1,0]],[16,"shuangbeibtn",[-25,-26],[[1,0,-23,[31],32],[4,1.1,3,-24]],[0,"3aP7/4XIZL8oFGNrhB0fNU",1,0],[5,224,88],[134.1,-244.123,0,0,0,0,1,1,1,0]],[42,"addchuizi",false,[-28,-29],[[4,1.1,3,-27]],[0,"c2xFRuQJdDcpzrp2yX1q/X",1,0],[5,224,51],[-185.963,397.459,0,0,0,0,1,1,1,0]],[16,"putonglingqubtn",[-32],[[1,0,-30,[26],27],[4,1.1,3,-31]],[0,"fdXBZeN4xC4YRumsj+G4mY",1,0],[5,200,78],[-133.9,-244.123,0,0,0,0,1,1,1,0]],[17,"top",2,[6,4],[0,"a728TwPFBNFKp+q+gTQUY5",1,0],[0,72,0,0,0,0,1,1,1,1]],[30,"2",[-33,-34],[0,"bbJ+A/AbJCNbEzBTBdl1mc",1,0],[0,170,0,0,0,0,1,1,1,1]],[10,"c",9,[[7,"+5",60,60,1,1,1,-35,[12]],[58,false,4,-36,[4,4280051897]]],[0,"a8Q5cUG9NEbKY0rIXNl4Gm",1,0],[4,4278635254],[5,68.41,75.6],[0,-102.753,0,0,0,0,1,1,1,1]],[10,"t1",2,[[27,"第",1,1,1,-37,[16]],[15,4,-38,[4,4280648959]]],[0,"45LrfhGBhL5Yk1jjdXaqjQ",1,0],[4,4284150271],[5,48,58.4],[-64.725,241.35,0,0,0,0,1,1,1,1]],[10,"t2",2,[[27,"关",1,1,1,-39,[17]],[15,4,-40,[4,4280648959]]],[0,"d8plUVrxhIBL87Y9CwuAnf",1,0],[4,4284150271],[5,48,58.4],[69,241.35,0,0,0,0,1,1,1,1]],[21,"quan1",2,[-42],[[1,0,-41,[19],20]],[0,"8dBZjkT4tGdI43nqr6sBgE",1,0],[5,60,60],[0,240.319,0,0,0,0,1,1,1,1]],[31,"item",false,2,[-43,-44],[0,"e8bNoekMVDs69gDfGwHvFf",1,0]],[6,"zuanshi",14,[[1,0,-45,[23],24]],[0,"3cYUyYse5KjaodOUxQks/a",1,0],[5,110,100]],[17,"menu",2,[7,5],[0,"715Izn0vpL/YCCZIro/3bh",1,0],[0,-40,0,0,0,0,1,1,1,1]],[9,"t",7,[[7,"普通领取",30,30,1,1,1,-46,[25]],[15,2,-47,[4,4290066853]]],[0,"86h0wcxMNOwaEbepTVfstw",1,0],[5,124,41.8],[0,2,0,0,0,0,1,1,1,1]],[43,"c",5,[[56,"双倍领取",28,1,1,-48,[30]],[15,2,-49,[4,4289407136]]],[0,"f41k2fbcRKbpPGCGdSyQP1",1,0],[5,116,54.4],[0,0,0.5],[-19.934,2.2279999999999998,0,0,0,0,1,1,1,1]],[6,"1tiao",6,[[2,-50,[2],3]],[0,"184/FN6Y9B4aQeD2le5cOS",1,0],[5,208,57]],[18,"c",6,[[7,"100",30,30,1,1,1,-51,[4]]],[0,"d0EgChKhhNK63RsJ/tzOZ7",1,0],[4,4288887728],[5,50.05,37.8]],[6,"1tiao",4,[[2,-52,[5],6]],[0,"d2Y4xVEBRNGYydPlt053MB",1,0],[5,208,57]],[9,"2",4,[[1,0,-53,[7],8]],[0,"5cD2DmmKFL8Z5kpS5xFNCK",1,0],[5,60,52],[-89.62,-1.71,0,0,0,0,1,1,1,1]],[18,"c",4,[[7,"100",30,30,1,1,1,-54,[9]]],[0,"c9bHRuMXhPyY7Jdoa2/sUw",1,0],[4,4288887728],[5,50.05,37.8]],[17,"wuping",2,[9],[0,"019ERybXBO4rA+9LsFu3Zo",1,0],[0,-169.863,0,0,0,0,1,1,1,1]],[6,"icon",9,[[1,0,-55,[10],11]],[0,"89z80Dol1Gj6TQcFYpc3Ug",1,0],[5,110,100]],[9,"btk",2,[[2,-56,[13],14]],[0,"da5K9dvzdLk6nOiLEsf6RH",1,0],[5,425,91],[-12.878,230.901,0,0,0,0,1,1,1,1]],[9,"gamename",2,[[11,"恭喜解锁新螺栓数字",28,1,1,1,-57,[15]]],[0,"7fKn3BhS9FH6lJ+baI8Bia",1,0],[5,252,50.4],[0,142.198,0,0,0,0,1,1,1,1]],[6,"gk",13,[[11,"11",28,1,1,1,-58,[18]]],[0,"3euADpvyBAA41NRwBJpzvj",1,0],[5,29.6,50.4]],[6,"chuizi",14,[[1,0,-59,[21],22]],[0,"c85S9TXSlPT6JdGS3C8/jl",1,0],[5,100,116]],[9,"play",5,[[2,-60,[28],29]],[0,"b7UldLtyFD9Lr4kR2NuBjE",1,0],[5,38,30],[-58.118,1.455,0,0,0,0,1,1,1,1]]],0,[0,4,1,0,6,15,0,0,1,0,-1,3,0,-2,2,0,-1,8,0,-2,24,0,-3,26,0,-4,27,0,-5,11,0,-6,12,0,-7,13,0,-8,14,0,-9,16,0,0,3,0,0,3,0,0,3,0,0,3,0,0,4,0,-1,21,0,-2,22,0,-3,23,0,0,5,0,0,5,0,-1,30,0,-2,18,0,0,6,0,-1,19,0,-2,20,0,0,7,0,0,7,0,-1,17,0,-1,25,0,-2,10,0,0,10,0,0,10,0,0,11,0,0,11,0,0,12,0,0,12,0,0,13,0,-1,28,0,-1,29,0,-2,15,0,0,15,0,0,17,0,0,17,0,0,18,0,0,18,0,0,19,0,0,20,0,0,21,0,0,22,0,0,23,0,0,25,0,0,26,0,0,27,0,0,28,0,0,29,0,0,30,0,5,1,4,3,8,5,3,16,6,3,8,7,3,16,9,3,24,60],[0,0,0,0,0,0,0,0,0,0,0,0,0,0,0,0,0,0,0,0,0,0,0,0,0,0,0,0,0,0,0,0,0],[-1,1,-1,1,-1,-1,1,-1,1,-1,-1,1,-1,-1,1,-1,-1,-1,-1,-1,1,-1,1,-1,1,-1,-1,1,-1,1,-1,-1,1],[0,5,0,6,0,0,6,0,7,0,0,8,0,0,51,0,0,0,0,0,1,0,8,0,7,0,0,52,0,53,0,0,9]],[[[60,"luosi_hecheng",null],[44,"Canvas","a5esZu+45LA5mBpvttspPD",[-4,-5,-6,-7,-8],[[61,true,-1,[5,720,1280]],[54,45,-2],[62,-3,84,85,86,87,88,89,90,91,92,93,94,95,96]],[5,720,1280],[360,640,0,0,0,0,1,1,1,1]],[45,"gkinfo",[-9,-10,-11,-12,-13,-14,-15,-16]],[46,"xipai_feiqi",false,[-19,-20,-21,-22,-23],[[1,0,-17,[81],82],[26,3,-18]],[5,190,85],[240.037,-551.455,0,0,0,0,1,1,1,0]],[13,"1",2,[-24,-25,-26,-27,-28],[-240,448.711,0,0,0,0,1,1,1,1]],[13,"2",2,[-29,-30,-31,-32,-33],[-120,448.711,0,0,0,0,1,1,1,1]],[13,"3",2,[-34,-35,-36,-37,-38],[0,448.711,0,0,0,0,1,1,1,1]],[13,"4",2,[-39,-40,-41,-42,-43],[120,448.711,0,0,0,0,1,1,1,1]],[13,"5",2,[-44,-45,-46,-47,-48],[240,448.711,0,0,0,0,1,1,1,1]],[33,"menu",1,[-49,-50,-51,3,-52]],[33,"top",1,[-53,2,-54,-55]],[34,"pauesebtn",10,[-58],[[1,0,-56,[3],4],[26,3,-57]],[5,80,80],[-279,544,0,0,0,0,1,1,1,0]],[35,"zhuangxiubtn",false,10,[-61],[[1,0,-59,[60],61],[4,1.1,3,-60]],[5,80,82],[-158.474,544,0,0,0,0,1,1,1,0]],[34,"hechengbtn",9,[-64],[[1,0,-62,[66],67],[4,1.1,3,-63]],[5,273,115],[160,-568,0,0,0,0,1,1,1,0]],[47,"invalid",false,3,[-66,-67],[[1,0,-65,[75],76]],[5,210,95]],[8,"bj",1,[[1,0,-68,[0],1],[4,1.1,3,-69]],[5,1000,1600],[0,0,0,0,0,0,1,1,1,0]],[8,"t",11,[[7,"设置",22,22,1,1,1,-70,[2]],[15,2,-71,[4,4288414869]]],[5,48,31.72],[-0.73,-25.725,0,0,0,0,1,1,1,1]],[36,"btn_paihangbang",false,10,[[1,0,-72,[56],57],[4,1.1,3,-73]],[5,70,73],[-176,544,0,0,0,0,1,1,1,0]],[8,"paifabtn",9,[[1,0,-74,[62],63],[4,1.1,3,-75]],[5,273,115],[-160,-568,0,0,0,0,1,1,1,0]],[8,"xipaibtn",9,[[1,0,-76,[68],69],[26,3,-77]],[5,172,64],[160,-500.515,0,0,0,0,1,1,1,0]],[8,"t",3,[[11,"洗牌",32,1,1,1,-78,[71]],[28,-79,[4,4294902015]]],[5,66,52.4],[20.552,4.517,0,0,0,0,1,1,1,1]],[8,"t",14,[[11,"洗牌",32,1,1,1,-80,[74]],[28,-81,[4,4294902015]]],[5,66,52.4],[0,4.517,0,0,0,0,1,1,1,1]],[35,"count",false,3,[-83],[[2,-82,[78],79]],[5,42,42],[77.797,30.878999999999998,0,0,0,0,1,1,1,1]],[52,"center",1,[[37,"zhuang",-84],[37,"anim",-85]]],[63,"New Node",false,[1],[0,0,0],[0,0,0,0,0,0,1,1,1,1]],[3,"Main Camera",1,[[64,7,-1,-86]],[5,720,1280]],[8,"hecheg_top_tiao",2,[[1,0,-87,[5],6]],[5,508,32],[0,443.59,0,0,0,0,1,1,1,1]],[23,"quan1",false,4,[[2,-88,[7],8]],[5,68,68]],[23,"quan2",false,4,[[2,-89,[9],10]],[5,66,68]],[3,"quan3",4,[[2,-90,[11],12]],[5,68,70]],[23,"quan4",false,4,[[2,-91,[13],14]],[5,66,70]],[8,"gkinfo",4,[[11,"1",30,1,1,1,-92,[15]]],[5,16.68,50.4],[-2,2,0,0,0,0,1,1,1,1]],[3,"quan1",5,[[2,-93,[16],17]],[5,68,68]],[3,"quan2",5,[[2,-94,[18],19]],[5,66,68]],[3,"quan3",5,[[2,-95,[20],21]],[5,68,70]],[3,"quan4",5,[[2,-96,[22],23]],[5,66,70]],[8,"gkinfo",5,[[11,"1",30,1,1,1,-97,[24]]],[5,16.68,50.4],[-2,2,0,0,0,0,1,1,1,1]],[3,"quan1",6,[[2,-98,[25],26]],[5,68,68]],[3,"quan2",6,[[2,-99,[27],28]],[5,66,68]],[3,"quan3",6,[[2,-100,[29],30]],[5,68,70]],[3,"quan4",6,[[2,-101,[31],32]],[5,66,70]],[8,"gkinfo",6,[[11,"1",30,1,1,1,-102,[33]]],[5,16.68,50.4],[-2,2,0,0,0,0,1,1,1,1]],[3,"quan1",7,[[2,-103,[34],35]],[5,68,68]],[3,"quan2",7,[[2,-104,[36],37]],[5,66,68]],[3,"quan3",7,[[2,-105,[38],39]],[5,68,70]],[3,"quan4",7,[[2,-106,[40],41]],[5,66,70]],[8,"gkinfo",7,[[11,"1",30,1,1,1,-107,[42]]],[5,16.68,50.4],[-2,2,0,0,0,0,1,1,1,1]],[3,"quan1",8,[[2,-108,[43],44]],[5,68,68]],[3,"quan2",8,[[2,-109,[45],46]],[5,66,68]],[3,"quan3",8,[[2,-110,[47],48]],[5,68,70]],[3,"quan4",8,[[2,-111,[49],50]],[5,66,70]],[8,"gkinfo",8,[[11,"1",30,1,1,1,-112,[51]]],[5,16.68,50.4],[-2,2,0,0,0,0,1,1,1,1]],[13,"jiangtou",2,[-113],[-180.947,441.626,0,0,0,0,1,1,1,1]],[3,"w",52,[[2,-114,[52],53]],[5,30,23]],[8,"haunguang",2,[[2,-115,[54],55]],[5,36,32],[240.642,515.496,0,0,0,0,1,1.6,1.6,1]],[8,"hongdian",12,[[1,0,-116,[58],59]],[5,30,30],[24.037,27.93,0,0,0,0,1,1,1,1]],[3,"invalid",13,[[1,0,-117,[64],65]],[5,273,115]],[8,"sp",3,[[39,-118,[70]]],[5,38,30],[-46.151,2.1950000000000003,0,0,0,0,1,1,1,1]],[38,"New Sprite(Splash)",14,[[1,0,-119,[72],73]],[4,4291940817],[5,100,60]],[38,"c",22,[[57,"2",30,32,1,1,-120,[77]]],[4,4282992973],[5,16.68,40.32]],[36,"add",false,3,[[24,0,-121,[80]]],[5,40,40],[76.696,31.479,0,0,0,0,1,1,1,1]],[48,"shoushi1",false,9,[[24,0,-122,[83]]],[5,80,80],[31.501,62.996,0,0,0,0.9238795325112867,0.38268343236508984,1,1,1],[1,0,0,135]]],0,[0,0,1,0,0,1,0,0,1,0,-1,25,0,-2,15,0,-3,10,0,-4,9,0,-5,23,0,-1,26,0,-2,4,0,-3,5,0,-4,6,0,-5,7,0,-6,8,0,-7,52,0,-8,54,0,0,3,0,0,3,0,-1,57,0,-2,20,0,-3,14,0,-4,22,0,-5,60,0,-1,27,0,-2,28,0,-3,29,0,-4,30,0,-5,31,0,-1,32,0,-2,33,0,-3,34,0,-4,35,0,-5,36,0,-1,37,0,-2,38,0,-3,39,0,-4,40,0,-5,41,0,-1,42,0,-2,43,0,-3,44,0,-4,45,0,-5,46,0,-1,47,0,-2,48,0,-3,49,0,-4,50,0,-5,51,0,-1,18,0,-2,13,0,-3,19,0,-5,61,0,-1,11,0,-3,17,0,-4,12,0,0,11,0,0,11,0,-1,16,0,0,12,0,0,12,0,-1,55,0,0,13,0,0,13,0,-1,56,0,0,14,0,-1,58,0,-2,21,0,0,15,0,0,15,0,0,16,0,0,16,0,0,17,0,0,17,0,0,18,0,0,18,0,0,19,0,0,19,0,0,20,0,0,20,0,0,21,0,0,21,0,0,22,0,-1,59,0,3,23,0,3,23,0,0,25,0,0,26,0,0,27,0,0,28,0,0,29,0,0,30,0,0,31,0,0,32,0,0,33,0,0,34,0,0,35,0,0,36,0,0,37,0,0,38,0,0,39,0,0,40,0,0,41,0,0,42,0,0,43,0,0,44,0,0,45,0,0,46,0,0,47,0,0,48,0,0,49,0,0,50,0,0,51,0,-1,53,0,0,53,0,0,54,0,0,55,0,0,56,0,0,57,0,0,58,0,0,59,0,0,60,0,0,61,0,7,24,1,3,24,2,3,10,3,3,9,122],[0,0,0,0,0,0,0,0,0,0,0,0,0,0,0,0,0,0,0,0,0,0,0,0,0,0,0,0,0,0,0,0,0,0,0,0,0,0,0,0,0,0,0,0,0,0,0,0,0,0,0,0,0,0,0,0,0,0,0,0,0,0,0,0,0,0,0,0,0,0,0,0,0,0,0,0,0,0,0,0,0,0,0,0,0,0,0,0,0,0,0,0,0,0,0,0,0],[-1,1,-1,-1,1,-1,1,-1,1,-1,1,-1,1,-1,1,-1,-1,1,-1,1,-1,1,-1,1,-1,-1,1,-1,1,-1,1,-1,1,-1,-1,1,-1,1,-1,1,-1,1,-1,-1,1,-1,1,-1,1,-1,1,-1,-1,1,-1,1,-1,1,-1,1,-1,1,-1,1,-1,1,-1,1,-1,1,-1,-1,-1,1,-1,-1,1,-1,-1,1,-1,-1,1,-1,8,9,10,11,12,13,14,15,16,17,18,19,20],[0,54,0,0,55,0,56,0,1,0,2,0,3,0,4,0,0,1,0,2,0,3,0,4,0,0,1,0,2,0,3,0,4,0,0,1,0,2,0,3,0,4,0,0,1,0,2,0,3,0,4,0,0,57,0,58,0,59,0,60,0,61,0,62,0,10,0,63,0,64,0,0,0,5,0,0,10,0,0,65,0,0,9,0,66,67,68,69,70,71,72,73,74,75,76,77,78]],[[[12,"hecheng_luosi_zhuang"],[49,"hecheng_luosi_zhuang",[-2,-3],[14,-1,0],[5,120,280]],[6,"luosi_zhuang",1,[[1,0,-4,[0],1]],[0,"1bjTRxe6ZLwLNKYO6VUxyP",1,0],[5,115,250]],[6,"btn",1,[[25,-5]],[0,"f6GkMuAepEKo7sz5In7R5W",1,0],[5,120,264]]],0,[0,4,1,0,-1,2,0,-2,3,0,0,2,0,0,3,0,5,1,5],[0,0],[-1,1],[0,79]],[[{"name":"5","rect":[0,0,59,54],"offset":[0,0],"originalSize":[59,54],"capInsets":[0,0,0,0]}],[1],0,[0],[2],[80]],[[{"name":"button_red_01","rect":[0,0,280,110],"offset":[0,0],"originalSize":[280,110],"capInsets":[0,0,0,0]}],[1],0,[0],[2],[81]],[[{"name":"xipaibtn","rect":[0,0,192,72],"offset":[0,0],"originalSize":[192,72],"capInsets":[0,0,0,0]}],[1],0,[0],[2],[82]],[[{"name":"kejiesuo","rect":[0,0,112,257],"offset":[0,0],"originalSize":[112,257],"capInsets":[0,0,0,0]}],[1],0,[0],[2],[83]],[[{"name":"suo_luoshuang","rect":[0,0,112,257],"offset":[0,0],"originalSize":[112,257],"capInsets":[0,0,0,0]}],[1],0,[0],[2],[84]],[[[12,"contine_prev_luosihecheng_dlg"],[50,"contine_prev_luosihecheng_dlg",[-3,-4,-5,-6,-7,-8,-9],[[65,-2]],[14,-1,0]],[21,"jixuyouxi",1,[-12,-13,-14],[[1,0,-10,[15],16],[4,1.1,3,-11]],[0,"40KdJ6qrNOPJNAPjdm873I",1,0],[5,310,130],[-1.38,-158.534,0,0,0,0,1,1,1,0]],[22,"menghui",200,1,[[1,0,-15,[0],1],[55,-17,-16]],[0,"38hje6GrlFtLNPCwBs2kLr",1,0],[4,4278190080],[5,1000,2000]],[21,"startnewgame",1,[-20],[[1,0,-18,[10],11],[4,1.1,3,-19]],[0,"cf+LuDIlFLMZ1MRMMwbnCQ",1,0],[5,160,70],[-4.139,-25.793,0,0,0,0,1,1,1,0]],[21,"title",1,[-22],[[1,0,-21,[5],6]],[0,"b5lTdMibZE5omJ/BZKMd0e",1,0],[5,226,83],[0,234.227,0,0,0,0,1,1,1,1]],[9,"t",2,[[7,"继续上次存档",32,32,1,1,1,-23,[12]],[28,-24,[4,4284744036]]],[0,"2ejf6e+DRBdL2V0KdUfZYx",1,0],[5,194,42.32],[0,4.36,0,0,0,0,1,1,1,1]],[6,"t15",1,[[1,0,-25,[2],3]],[0,"1eU/ozoBBFL5dKWJ3bPHeY",1,0],[5,559,500]],[18,"content",5,[[7,"继续上次游戏",26,50,1,1,1,-26,[4]]],[0,"d5XyqiqzRPB7RQGW0tKOFb",1,0],[4,4279057241],[5,156,63]],[10,"content",1,[[7,"发现上次退出游戏有未完成的游戏存档",28,34,1,1,1,-27,[7]]],[0,"ebT3nnQClGhoES2kNXxgyZ",1,0],[4,4279057241],[5,476,42.84],[0,130.262,0,0,0,0,1,1,1,1]],[10,"content2",1,[[7,"您是否要延续上次游戏的进度继续游戏?",28,34,1,1,1,-28,[8]]],[0,"31Tr3A6b1OSqqAt3UQw5wg",1,0],[4,4279057241],[5,493.1,42.84],[0,62.317,0,0,0,0,1,1,1,1]],[10,"t",4,[[7,"重新开始新局",22,34,1,1,1,-29,[9]]],[0,"b42wzzG5FMZaentZsB/IB4",1,0],[4,4279057241],[5,132,42.84],[0,4.36,0,0,0,0,1,1,1,1]],[19,"sp",false,2,[[39,-30,[13]]],[0,"ceFNtO1ghCvbm+PbIBZPUq",1,0],[5,38,30],[88.031,34.522,0,0,0,0,1,1,1,1]],[51,"tip",false,2,[[7,"剩余5次",26,26,1,1,1,-31,[14]]],[0,"67pzJPp1RDh7qMu31S3fPt",1,0],[4,4278190080],[5,92.46,32.76],[3.452,-65.592,0,0,0,0,1,1,1,1]]],0,[0,4,1,0,0,1,0,-1,3,0,-2,7,0,-3,5,0,-4,9,0,-5,10,0,-6,4,0,-7,2,0,0,2,0,0,2,0,-1,6,0,-2,12,0,-3,13,0,0,3,0,21,3,0,0,3,0,0,4,0,0,4,0,-1,11,0,0,5,0,-1,8,0,0,6,0,0,6,0,0,7,0,0,8,0,0,9,0,0,10,0,0,11,0,0,12,0,0,13,0,5,1,31],[0,0,0,0,0,0,0,0,0,0,0,0,0,0,0,0,0],[-1,1,-1,1,-1,-1,1,-1,-1,-1,-1,1,-1,-1,-1,-1,1],[0,5,0,85,0,0,86,0,0,0,0,87,0,0,0,0,88]],[[{"name":"quan3","rect":[0,0,68,70],"offset":[0,0],"originalSize":[68,70],"capInsets":[0,0,0,0]}],[1],0,[0],[2],[89]]]]