[1,["ecpdLyjvZBwrvm+cedCcQy","3aAswSZNFH0Ij3ECdULZl/","29zexdw7xPRqp03wI3CwdD","61ozx114NO4Y8eAWwQCvnQ","f7u8Oww7JCz7tTZyhRF6k0","fci+ISsedBpacl4mRu/wcI","56MVawZxZKtpB1Q/8PVav5","a2MjXRFdtLlYQ5ouAFv/+R","9a2sOMbAhM6LPJIrrERZ7A","b2Y75/r0lPMoYTwNwmRTPq","d0/bK2OiZOhoGArJWmJfTW","67Dp/e4qJDWoTAkI0ljfcH","26t8dcIORN0YfQ0+3y8e0L","35ewd8J+5LKr0qCqBESlXg","134C9jgExKqrCgRrprrPlr","e6Y5V6YmZEjKYwu98+Zci0","f659qWdPxInL8rXUhRIMZ+","09B+SPQ0ROTYe+RLAm5GWt","ecvfOg1LBInrI6Y7j+4Vue","b5K/A0fsNHxorT3eJPllXm","82NM93H25HBY86ec1m9aDe","70lkGaV7NCZL+nrYKftIUI","86v65vZStMrZRPstrby5w2","eehYmpmJBMw4q5eYsfY4n5","bd+/YLqRtE+LiZAd5l4ieQ"],["node","_spriteFrame","_parent","_textureSetter","root","data"],[["cc.Node",["_name","_active","_objFlags","_opacity","_prefab","_parent","_components","_contentSize","_trs","_children","_color","_anchorPoint"],-1,4,1,9,5,7,2,5,5],["cc.Label",["_string","_fontSize","_N$verticalAlign","_N$horizontalAlign","_lineHeight","_styleFlags","node","_materials"],-3,1,3],["cc.Sprite",["_sizeMode","_enabled","_type","node","_materials","_spriteFrame"],0,1,3,6],"cc.SpriteFrame",["cc.LabelOutline",["_width","_enabled","node","_color"],1,1,5],["cc.PrefabInfo",["fileId","root","asset"],2,1,1],["cc.Button",["_N$transition","zoomScale","node"],1,1],["cc.Prefab",["_name"],2],["932b0x/ifhFTbX1Ma7Kx/VQ",["node"],3,1],["7633c/ow0xHYZwa4BLlsdtU",["node"],3,1],["cc.Widget",["_alignFlags","_left","_right","_top","_bottom","node"],-2,1],["cc.BlockInputEvents",["node"],3,1]],[[5,0,1,2,2],[0,0,5,6,4,7,8,2],[2,3,4,5,1],[6,0,2,2],[2,0,3,4,5,2],[2,2,0,3,4,5,3],[0,0,9,6,4,7,8,2],[0,0,5,6,4,10,7,8,2],[0,0,1,5,6,4,7,8,3],[1,0,1,4,5,3,2,6,7,7],[0,0,5,9,4,2],[6,1,0,2,3],[1,0,1,3,2,6,7,5],[0,0,5,9,4,8,2],[0,0,2,5,6,4,10,7,11,8,3],[0,0,5,6,4,7,11,8,2],[0,0,5,6,4,7,2],[1,0,1,4,5,2,6,7,6],[4,1,0,2,3,3],[7,0,2],[0,0,9,6,4,7,2],[0,0,9,6,4,2],[0,0,9,4,2],[0,0,3,5,6,4,10,7,3],[0,0,5,9,4,7,2],[0,0,1,5,9,4,8,3],[0,0,1,5,6,4,10,7,8,3],[0,0,1,5,9,4,3],[0,0,2,5,6,4,7,8,3],[0,0,2,1,5,6,4,7,8,4],[0,0,1,5,6,4,7,3],[8,0,1],[5,1,2,1],[9,0,1],[2,1,0,3,4,3],[2,3,4,1],[10,0,1,2,3,4,5,6],[11,0,1],[1,0,1,4,3,2,6,7,6],[1,0,1,5,3,2,6,7,6],[1,0,1,2,6,7,4],[4,2,3,1],[4,0,2,3,2]],[[[{"name":"sblq","rect":[0,0,242,100],"offset":[0,0],"originalSize":[242,100],"capInsets":[0,0,0,0]}],[3],0,[0],[3],[5]],[[{"name":"cw","rect":[0,0,74,78],"offset":[0,0],"originalSize":[74,78],"capInsets":[0,0,0,0]}],[3],0,[0],[3],[6]],[[[19,"gamesuccess_new - 副本"],[20,"gamesuccess_new",[-3,-4],[[31,-2]],[32,-1,0],[5,720,1280]],[21,"top",[-6,-7,-8,-9,-10,-11,-12,-13],[[33,-5]],[0,"c8TejSehlOIb/Ej5g/Ok5/",1,0]],[6,"game2",[-16,-17,-18,-19,-20,-21],[[34,false,0,-14,[47]],[11,1.1,3,-15]],[0,"e5Y0MEL9FC5J3SAK+BTVCB",1,0],[5,92,115],[290,-326,0,0,0,0,1,1,1,0]],[22,"bottom",[-22,-23,-24,-25,-26,-27],[0,"7f/4zEKoFKlprTzP2JDM+y",1,0]],[6,"game1",[-29,-30,-31,-32],[[11,1.1,3,-28]],[0,"fcLtyJHRpB1KdNjRwMdPPQ",1,0],[5,92,115],[-261,-326,0,0,0,0,1,1,1,0]],[13,"tili",4,[-33,-34,-35,-36],[0,"07ynuKjWVNQLBf0CxFWf6q",1,0],[222,-168.555,0,0,0,0,1,1,1,1]],[6,"shungbeilq",[-39,-40],[[4,0,-37,[54],55],[3,3,-38]],[0,"dc1YMjCOlEn70TIcUu8ucT",1,0],[5,35,35],[-120,-253.422,0,0,0,0,1,1,1,0]],[6,"shuangbeilqu",[-43,-44],[[5,1,0,-41,[62],63],[3,3,-42]],[0,"13fLpEEzBAeKme0F5YfWOy",1,0],[5,200,80],[3.2169999999999996,-340.862,0,0,0,0,1,1,1,0]],[23,"bk",200,1,[[4,0,-45,[0],1],[36,45,-140,-140,-360,-360,-46],[37,-47]],[0,"d2sjuDLihB5KpqXIikgn+1",1,0],[4,4278190080],[5,1000,2000]],[6,"btn_next",[-50],[[5,1,0,-48,[49],50],[3,3,-49]],[0,"7fYag/0E9BG769VsoRQ6RR",1,0],[5,280,120],[-3.162,-348.615,0,0,0,0,1,0.85,0.85,0]],[6,"putonglingqu",[-53],[[5,1,0,-51,[57],58],[3,3,-52]],[0,"12nWQizaZJBpY/wct+nV6S",1,0],[5,170,75],[-1,-252.947,0,0,0,0,1,1,1,0]],[24,"node_ui",1,[2,4],[0,"08ge1ION5Pv6nnEQcvgAHo",1,0],[5,720,1280]],[1,"btn_restart",2,[[5,1,0,-54,[6],7],[3,3,-55]],[0,"67bRO5N9FDFZ1BYrPoIndY",1,0],[5,79,78],[-300,300,0,0,0,0,1,1,1,0]],[1,"btn_share",2,[[5,1,0,-56,[8],9],[3,3,-57]],[0,"b4XR879TRCqakbmpAx516K",1,0],[5,79,78],[302,300,0,0,0,0,1,1,1,0]],[1,"btn_chongwan",2,[[5,1,0,-58,[10],11],[3,3,-59]],[0,"7cl43J9RtHw6/Ieome77rL",1,0],[5,74,78],[302,435,0,0,0,0,1,1,1,0]],[8,"btn_paihang",false,2,[[5,1,0,-60,[12],13],[3,3,-61]],[0,"d9+3/EqttG37jP9c2QmVkr",1,0],[5,79,78],[312,300,0,0,0,0,1,1,1,0]],[8,"shuangbeilqu",false,4,[[5,1,0,-62,[16],17],[3,3,-63]],[0,"39mbxcQxRGYK3iT2kxJ7RW",1,0],[5,216,90],[0,-367,0,0,0,0,1,1,1,0]],[10,"jiangli",4,[-64,-65],[0,"14DUgtgOhCYIZPnw8Jgk3i",1,0]],[13,"jinbi",18,[-66,-67],[0,"edR8tbSPlJYLLmXAk5+zSZ",1,0],[-20,-178,0,0,0,0,1,1,1,1]],[25,"xunzhang",false,18,[-68,-69],[0,"b9pLwcspdAJ7d59P3SjxJt",1,0],[90,-178,0,0,0,0,1,1,1,1]],[1,"jia",6,[[4,0,-70,[29],30],[11,1.1,3,-71]],[0,"251ktwl9lB7ZgQaKoLrw6V",1,0],[5,50,50],[93.831,-11.297,0,0,0,0,1,1,1,0]],[10,"othergame",4,[5,3],[0,"035QBopuhAH7BjkLsbOHzf",1,0]],[26,"title",false,3,[[38,"推荐游戏",20,20,1,1,-72,[45]],[41,-73,[4,4278190080]]],[0,"d90azQ8LlG+5TwIVUT8yBV",1,0],[4,4278245375],[5,82,27.2],[0,65.055,0,0,0,0,1,1,1,1]],[10,"default_menu",4,[10,7],[0,"3eYh/2HWxBfbC7yAAFespG",1,0]],[1,"t",10,[[39,"领取继续下一关",32,1,1,1,-74,[48]],[42,2,-75,[4,4278190080]]],[0,"5e34ak5etIP7nT6drWpytb",1,0],[5,228,54.4],[0,2,0,0,0,0,1,1,1,1]],[27,"shuangbei_menu",false,4,[11,8],[0,"23Go8KWe5DeorljbHUA/z3",1,0]],[7,"t",11,[[12,"普通领取",30,1,1,-76,[56]],[18,false,2,-77,[4,4278190080]]],[0,"95soBlsj5PpZdEf46kdIyc",1,0],[4,4278190080],[5,120,50.4],[0,2,0,0,0,0,1,1,1,1]],[7,"t",8,[[12,"3倍领取",30,1,1,-78,[61]],[18,false,2,-79,[4,4278190080]]],[0,"d1dCgawapI7pJUcR4gBqXz",1,0],[4,4278190080],[5,106.68,50.4],[18.026,3.4050000000000002,0,0,0,0,1,1,1,1]],[1,"guangquan",2,[[2,-80,[2],3]],[0,"942GAqF6RGzJwbSZzJkf9a",1,0],[5,334,332],[8.147,488,0,0,0,0,1,1,1,1]],[1,"btk",2,[[2,-81,[4],5]],[0,"b0uQIfYkFATbRC15xZqmAq",1,0],[5,506,214],[0,514,0,0,0,0,1,1,1,1]],[7,"levelinfo",2,[[9,"ppl",36,50,1,1,1,-82,[14]]],[0,"3bQuuHeBtDbrbSx6vgIHDu",1,0],[4,4282946044],[5,53.98,63],[0,288.298,0,0,0,0,1,1,1,1]],[7,"gamename",2,[[9,"泡泡龙",32,50,1,1,1,-83,[15]]],[0,"ddk2dZh2VOdqY156Mcqd1/",1,0],[4,4282946044],[5,96,63],[0,355.938,0,0,0,0,1,1,1,1]],[28,"jb",512,19,[[2,-84,[18],19]],[0,"c1TW4nO6hCqKu364cUgVYP",1,0],[5,38,39],[-25,0,0,0,0,0,1,1,1,1]],[14,"c",512,19,[[17,"+10",30,50,1,1,-85,[20]]],[0,"bfvNjiNt9JBrVewYrbFQFo",1,0],[4,4278241535],[5,50.89,63],[0,0,0.5],[1.8450000000000006,1.9689999999999999,0,0,0,0,1,1,1,1]],[1,"jb",20,[[2,-86,[21],22]],[0,"ebZXfY+idMup5yOp9LkeUg",1,0],[5,40,41],[-25,0,0,0,0,0,1,0.8,0.8,1]],[14,"c",512,20,[[17,"+10",30,50,1,1,-87,[23]]],[0,"65w103ocNFz7RieEKuMIfA",1,0],[4,4278241535],[5,50.89,63],[0,0,0.5],[1.8450000000000006,1.9689999999999999,0,0,0,0,1,1,1,1]],[1,"jinbibk",6,[[2,-88,[24],25]],[0,"38QvTK4P9NuIi/F5NKJoIQ",1,0],[5,156,40],[11.343,-11.343,0,0,0,0,1,1,1,1]],[1,"jb",6,[[2,-89,[26],27]],[0,"d8ZVq08tlAzYND0wzd2n7w",1,0],[5,32,41],[-54.91,-12.343,0,0,0,0,1,1,1,1]],[15,"c",6,[[40,"1000",26,1,-90,[28]]],[0,"edHcKE6R9E6I1QO3FSmTD7",1,0],[5,57.84,50.4],[0,0,0.5],[-33.193,-11.343,0,0,0,0,1,1,1,1]],[16,"tuijian_bs",5,[[4,0,-91,[31],32]],[0,"cc9ALfQWZDI5N/0j87pLlU",1,0],[5,113,130]],[1,"icon",5,[[4,0,-92,[33],34]],[0,"37FwVEmoBFV6Nzt0cnfDsN",1,0],[5,90,90],[0,11.707,0,0,0,0,1,1,1,1]],[7,"name",5,[[9,"怪兽防卫战",20,22,1,1,1,-93,[35]]],[0,"78f67IIK1AOJlBNz14mHXr",1,0],[4,4278190080],[5,100,27.72],[0.32399999999999984,-49.703,0,0,0,0,1,1,1,1]],[8,"n",false,5,[[2,-94,[36],37]],[0,"8dGFO1gv5NmJvPh/Hk6OSa",1,0],[5,61,32],[-47.125,63.815,0,0,0,0,1,1,1,1]],[16,"tuijian_bs",3,[[4,0,-95,[38],39]],[0,"1ctq4wT51N66ALFafEGTho",1,0],[5,113,130]],[1,"icon",3,[[4,0,-96,[40],41]],[0,"11cc9AtaFHubqoJLpZJ4VR",1,0],[5,90,90],[0,11.707,0,0,0,0,1,1,1,1]],[7,"name",3,[[9,"怪兽防卫战",20,22,1,1,1,-97,[42]]],[0,"97M8Usu81AO4QCVUN4r3Pb",1,0],[4,4278190080],[5,100,27.72],[0.32399999999999984,-49.703,0,0,0,0,1,1,1,1]],[8,"n",false,3,[[2,-98,[43],44]],[0,"c1C84rz7FLHoiIB0RkR1lx",1,0],[5,61,32],[-47.125,63.815,0,0,0,0,1,1,1,1]],[29,"hytj",512,false,3,[[35,-99,[46]]],[0,"dcVHDN+25CTabfcqq12g7C",1,0],[5,23,87],[-56.065,3.242,0,0,0,0,1,1,1,1]],[30,"gou",false,7,[[4,0,-100,[51],52]],[0,"1cKmNnEjxIBZ5mRNzgena6",1,0],[5,30,30]],[15,"t",7,[[12,"观看视频领取三倍",22,1,1,-101,[53]]],[0,"1dYaylHohKXKVbyy1Vfxdy",1,0],[5,176,50.4],[0,0,0.5],[43.916,2.905,0,0,0,0,1,1,1,1]],[1,"sp",8,[[2,-102,[59],60]],[0,"321zlCnypALq+sIQE1B88K",1,0],[5,38,30],[-66.08,1.468,0,0,0,0,1,1,1,1]]],0,[0,4,1,0,0,1,0,-1,9,0,-2,12,0,0,2,0,-1,29,0,-2,30,0,-3,13,0,-4,14,0,-5,15,0,-6,16,0,-7,31,0,-8,32,0,0,3,0,0,3,0,-1,44,0,-2,45,0,-3,46,0,-4,47,0,-5,23,0,-6,48,0,-1,17,0,-2,18,0,-3,6,0,-4,22,0,-5,24,0,-6,26,0,0,5,0,-1,40,0,-2,41,0,-3,42,0,-4,43,0,-1,37,0,-2,38,0,-3,39,0,-4,21,0,0,7,0,0,7,0,-1,49,0,-2,50,0,0,8,0,0,8,0,-1,51,0,-2,28,0,0,9,0,0,9,0,0,9,0,0,10,0,0,10,0,-1,25,0,0,11,0,0,11,0,-1,27,0,0,13,0,0,13,0,0,14,0,0,14,0,0,15,0,0,15,0,0,16,0,0,16,0,0,17,0,0,17,0,-1,19,0,-2,20,0,-1,33,0,-2,34,0,-1,35,0,-2,36,0,0,21,0,0,21,0,0,23,0,0,23,0,0,25,0,0,25,0,0,27,0,0,27,0,0,28,0,0,28,0,0,29,0,0,30,0,0,31,0,0,32,0,0,33,0,0,34,0,0,35,0,0,36,0,0,37,0,0,38,0,0,39,0,0,40,0,0,41,0,0,42,0,0,43,0,0,44,0,0,45,0,0,46,0,0,47,0,0,48,0,0,49,0,0,50,0,0,51,0,5,1,2,2,12,3,2,22,4,2,12,5,2,22,7,2,24,8,2,26,10,2,24,11,2,26,102],[0,0,0,0,0,0,0,0,0,0,0,0,0,0,0,0,0,0,0,0,0,0,0,0,0,0,0,0,0,0,0,0,0,0,0,0,0,0,0,0,0,0,0,0,0,0,0,0,0,0,0,0,0,0,0,0,0,0,0,0,0,0,0,0],[-1,1,-1,1,-1,1,-1,1,-1,1,-1,1,-1,1,-1,-1,-1,1,-1,1,-1,-1,1,-1,-1,1,-1,1,-1,-1,1,-1,1,-1,1,-1,-1,1,-1,1,-1,1,-1,-1,1,-1,-1,-1,-1,-1,1,-1,1,-1,-1,1,-1,-1,1,-1,1,-1,-1,1],[0,7,0,8,0,9,0,10,0,11,0,12,0,13,0,0,0,14,0,15,0,0,16,0,0,17,0,18,0,0,19,0,1,0,2,0,0,3,0,1,0,2,0,0,3,0,0,0,0,0,20,0,21,0,0,22,0,0,4,0,23,0,0,4]],[[{"name":"xz","rect":[0,0,40,41],"offset":[0,0],"originalSize":[40,41],"capInsets":[0,0,0,0]}],[3],0,[0],[3],[24]]]]