[1,["0crRuHQu5Ly67ZF6B+Yk/m","7dwcKgPNVMeLT2FQHlwGGD","73nmDboEtLhahN56QqbqeP","83i5D448tOD47CEr8fublO","7aA+tc49JMnLyz76CJvJhi","0e+R2GazxBGLhB0hQbuqMa","33D7WpKYFI3oxYGBSx4Ce/","c8LiGgaGpA5rnX93DcoS80","bcQS2GCtVEAb9DhT5ARDLv","03S6fOS0BBSpRiVwNUTr1o","34L3jnimVNCJyTh9Ucyycf","d9/9TKCLZA8r0cw/ZebjSA","2akEhecWtJY4oD1McKTbuH","ccfaBLa/RJTKEhMLSTkCLr","ecpdLyjvZBwrvm+cedCcQy","51wEu4GrFJ/pdwoKtHvKrH","6fTU+xENlKc491QffeP1Eo","4csFK+CutImI5b3TqfeX7q","b8mVfU+YlIT7Pn4k1S/c8p","86LydgdwhN6riUYOOxJCE4","88M7bZSodKYIERkyy/pd/9","85vt1GgSFPYql1tig8jTK/","05iE/FTMdLM6ZvVThkIdR9","0fUn7+Wy9JmLM2M3OXw0JW","c5hepRyApEuYkvJFwXG/5h","c0ZToNwQlK0ZaMdXTdfCOy","44NkbI7mBILoMduFzJCPtH","07EqOt465BwbD5tdINO8DU","cdNL2/zzxFao6Hsp3px4+T","8ePzNYTotF87gsQUOLdAmP","7df2tBaE5GAouRZp65JSAz","fa31ygQipDrpg6rjCqm+7I","4dL5PlU5lK/J5ZyPt2lv8O","88VfbFI6xCQp5Tc/iJiaNG","6e1iJ/kz1N5IgdwQf/wRcr","49loKMhzpAe7qb6vEhLP2A","6dg5icjOFOrKCx96lx9lHI","cbctfFhPlADZdxIrWGRGfZ"],["value","_textureSetter","node","root","data","_spriteFrame","_defaultClip"],["cc.SpriteFrame",["cc.AnimationClip",["_name","_duration","wrapMode","speed","curveData"],-1,11],["cc.Prefab",["_name"],2],["cc.Node",["_name","_components","_prefab","_contentSize"],2,9,4,5],["cc.Sprite",["_sizeMode","node","_materials","_spriteFrame"],2,1,3,6],["cc.Animation",["playOnLoad","node","_clips","_defaultClip"],2,1,3,6],["cc.PrefabInfo",["root","asset"],3,1,1]],[[1,0,1,2,4,4],[1,0,1,3,2,4,5],[1,0,1,4,3],[2,0,2],[3,0,1,2,3,2],[4,0,1,2,3,2],[5,0,1,2,3,2],[6,0,1,1]],[[[[1,"fly",2.0166666666666666,0.9,54,[{"props":{"x":[{"frame":0,"value":-200},{"frame":2,"value":200}],"y":[{"frame":0,"value":400}]}},"comps",11,[{},"cc.Sprite",11,[{},"spriteFrame",12,[[[{"frame":0},"value",6,0],[{"frame":0.3333333333333333},"value",6,1],[{"frame":0.6666666666666666},"value",6,2],[{"frame":1},"value",6,3],[{"frame":1.3333333333333333},"value",6,4],[{"frame":1.6666666666666667},"value",6,5],[{"frame":2},"value",6,6]],11,11,11,11,11,11,11]]]]]],0,0,[0,0,0,0,0,0,0],[0,0,0,0,0,0,0],[0,1,0,1,0,1,0]],[[{"name":"20","rect":[1,0,29,41],"offset":[0,0],"originalSize":[31,41],"capInsets":[0,0,0,0]}],[0],0,[0],[1],[8]],[[{"name":"9","rect":[0,0,27,35],"offset":[0,0],"originalSize":[27,35],"capInsets":[0,0,0,0]}],[0],0,[0],[1],[9]],[[[0,"player_stand",0.2833333333333333,2,[{},"comps",11,[{},"cc.Sprite",11,[{},"spriteFrame",12,[[[{"frame":0},"value",6,0],[{"frame":0.03333333333333333},"value",6,1],[{"frame":0.06666666666666667},"value",6,2],[{"frame":0.1},"value",6,3],[{"frame":0.13333333333333333},"value",6,4],[{"frame":0.16666666666666666},"value",6,5],[{"frame":0.2},"value",6,6],[{"frame":0.23333333333333334},"value",6,7],[{"frame":0.26666666666666666},"value",6,8]],11,11,11,11,11,11,11,11,11]]]]]],0,0,[0,0,0,0,0,0,0,0,0],[0,0,0,0,0,0,0,0,0],[2,10,11,3,2,4,4,3,2]],[[{"name":"2","rect":[0,0,22,33],"offset":[0,0],"originalSize":[22,33],"capInsets":[0,0,0,0]}],[0],0,[0],[1],[12]],[[[0,"live_1",0.016666666666666666,2,[{"props":{"height":[{"frame":0,"value":40}],"anchorY":[{"frame":0,"value":1}]}},"comps",11,[{},"cc.Sprite",11,[{},"spriteFrame",12,[[[{"frame":0},"value",6,0]],11]]]]]],0,0,[0],[0],[13]],[[[0,"left_move_1",0.1,0,[{},"comps",11,[{},"cc.Sprite",11,[{},"spriteFrame",12,[[[{"frame":0},"value",6,0],[{"frame":0.08333333333333333},"value",6,1]],11,11]]]]]],0,0,[0,0],[0,0],[5,5]],[[[3,"player "],[4,"player",[[5,0,-2,[0],1],[6,true,-3,[3,4,5,6,7,8,9,10,11],2]],[7,-1,0],[5,90,80]]],0,[0,3,1,0,2,1,0,2,1,0,4,1,3],[0,0,0,0,0,0,0,0,0,0,0,0],[-1,5,6,-1,-2,-3,-4,-5,-6,-7,-8,-9],[14,3,6,6,15,16,17,18,19,20,21,22]],[[[0,"right_move_1",0.1,0,[{},"comps",11,[{},"cc.Sprite",11,[{},"spriteFrame",12,[[[{"frame":0},"value",6,0],[{"frame":0.08333333333333333},"value",6,1]],11,11]]]]]],0,0,[0,0],[0,0],[7,7]],[[{"name":"1","rect":[0,0,23,38],"offset":[0,0],"originalSize":[23,38],"capInsets":[0,0,0,0]}],[0],0,[0],[1],[23]],[[{"name":"6","rect":[0,0,26,30],"offset":[0,0],"originalSize":[26,30],"capInsets":[0,0,0,0]}],[0],0,[0],[1],[24]],[[{"name":"14","rect":[0,7,30,31],"offset":[-0.5,-2],"originalSize":[31,41],"capInsets":[0,0,0,0]}],[0],0,[0],[1],[25]],[[{"name":"16","rect":[1,0,29,41],"offset":[0,0],"originalSize":[31,41],"capInsets":[0,0,0,0]}],[0],0,[0],[1],[26]],[[{"name":"5","rect":[0,0,25,30],"offset":[0,0],"originalSize":[25,30],"capInsets":[0,0,0,0]}],[0],0,[0],[1],[27]],[[[0,"live_4",0.016666666666666666,2,[{},"comps",11,[{},"cc.Sprite",11,[{},"spriteFrame",12,[[[{"frame":0},"value",6,0]],11]]]]]],0,0,[0],[0],[28]],[[[2,"die",0.16666666666666666,[{"props":{"anchorY":[{"frame":0,"value":0.5},{"frame":0.16666666666666666,"value":0.5}],"scaleY":[{"frame":0,"value":0.1},{"frame":0.16666666666666666,"value":0.1}]}},"comps",11,[{},"cc.Sprite",11,[{},"spriteFrame",12,[[[{"frame":0},"value",6,0]],11]]]]]],0,0,[0],[0],[29]],[[[0,"live_3",0.016666666666666666,2,[{},"comps",11,[{},"cc.Sprite",11,[{},"spriteFrame",12,[[[{"frame":0},"value",6,0]],11]]]]]],0,0,[0],[0],[30]],[[{"name":"13","rect":[0,14,30,16],"offset":[-0.5,-1.5],"originalSize":[31,41],"capInsets":[0,0,0,0]}],[0],0,[0],[1],[31]],[[{"name":"8","rect":[0,0,29,3],"offset":[0,0],"originalSize":[29,3],"capInsets":[0,0,0,0]}],[0],0,[0],[1],[32]],[[[0,"live_2",0.016666666666666666,2,[{"props":{"height":[{"frame":0,"value":40}],"anchorY":[{"frame":0,"value":1}]}},"comps",11,[{},"cc.Sprite",11,[{},"spriteFrame",12,[[[{"frame":0},"value",6,0]],11]]]]]],0,0,[0],[0],[33]],[[{"name":"8","rect":[0,0,27,35],"offset":[0,0],"originalSize":[27,35],"capInsets":[0,0,0,0]}],[0],0,[0],[1],[34]],[[{"name":"7","rect":[0,0,28,25],"offset":[0,0],"originalSize":[28,25],"capInsets":[0,0,0,0]}],[0],0,[0],[1],[35]],[[{"name":"15","rect":[1,7,30,31],"offset":[0.5,-2],"originalSize":[31,41],"capInsets":[0,0,0,0]}],[0],0,[0],[1],[36]],[[{"name":"4","rect":[0,0,26,30],"offset":[0,0],"originalSize":[26,30],"capInsets":[0,0,0,0]}],[0],0,[0],[1],[37]]]]