[1,["c7heKpsWFFqYQ/ryC0Jsvi","2acD8IfyZE8anR/PEU93HA","13FECJ1mhOO4YFcXtt44Eb","afhppI9T5EuKneUoghBhCm","b286QfRSVJ55aMxrGcoKEg","d53xg6mapGmpU6gi0EPEpH","f94IJeYaJOVYS4eRyHeaVO","cczYBqysVNO6WaMVO1LRBI","5dP2pS5oFF7aiD+0/LSl/D","26Z9rrKpVF0JODLK4RlciU","1dOMdLcLROY5vfSpzW8eOw","45DZ1g+xZA+aFl4hFsWQjG","8esFngR/RAFJ/BweeBiDsa","8cHkCUqfRNQ6UBJf9RSxqE","54bKPzowJGWKckALK0aZ9P","69WdgemtpEvZqQ2SK6E2+T"],["_textureSetter","value"],["cc.SpriteFrame",["cc.AnimationClip",["_name","_duration","speed","curveData"],0,11]],[[1,0,1,2,3,4]],[[[{"name":"3","rect":[0,0,146,250],"offset":[0,0],"originalSize":[146,250],"capInsets":[0,0,0,0]}],[0],0,[0],[0],[0]],[[{"name":"2","rect":[0,0,146,250],"offset":[0,0],"originalSize":[146,250],"capInsets":[0,0,0,0]}],[0],0,[0],[0],[1]],[[{"name":"4","rect":[0,0,146,250],"offset":[0,0],"originalSize":[146,250],"capInsets":[0,0,0,0]}],[0],0,[0],[0],[2]],[[{"name":"7","rect":[0,0,146,250],"offset":[0,0],"originalSize":[146,250],"capInsets":[0,0,0,0]}],[0],0,[0],[0],[3]],[[{"name":"1","rect":[0,0,146,250],"offset":[0,0],"originalSize":[146,250],"capInsets":[0,0,0,0]}],[0],0,[0],[0],[4]],[[{"name":"8","rect":[0,0,146,250],"offset":[0,0],"originalSize":[146,250],"capInsets":[0,0,0,0]}],[0],0,[0],[0],[5]],[[{"name":"6","rect":[0,0,146,250],"offset":[0,0],"originalSize":[146,250],"capInsets":[0,0,0,0]}],[0],0,[0],[0],[6]],[[{"name":"5","rect":[0,0,146,250],"offset":[0,0],"originalSize":[146,250],"capInsets":[0,0,0,0]}],[0],0,[0],[0],[7]],[[[0,"levelUp",0.13333333333333333,0.3,[{},"comps",11,[{},"cc.Sprite",11,[{},"spriteFrame",12,[[[{"frame":0},"value",6,0],[{"frame":0.016666666666666666},"value",6,1],[{"frame":0.03333333333333333},"value",6,2],[{"frame":0.05},"value",6,3],[{"frame":0.06666666666666667},"value",6,4],[{"frame":0.08333333333333333},"value",6,5],[{"frame":0.1},"value",6,6],[{"frame":0.11666666666666667},"value",6,7]],11,11,11,11,11,11,11,11]]]]]],0,0,[0,0,0,0,0,0,0,0],[1,1,1,1,1,1,1,1],[8,9,10,11,12,13,14,15]]]]