[1,["ecpdLyjvZBwrvm+cedCcQy","5cwE1Y775NM6WOF9S9l6gy","e4GVAXjfdMlqT557J44j1p","82NM93H25HBY86ec1m9aDe","f7u8Oww7JCz7tTZyhRF6k0","deE+iZ6ClNaKKzHN0/xyej","4eAaPq/5BHRpSXc0p8BaAM","051XdnjzRHR4W33DbWwF6f","c7bzNwLBxDC5YrmwPUCVmu","eem15XEDJJnZY8olyBnLxw","5f2dW/1SVHgJaiR0dDrOZX","a2MjXRFdtLlYQ5ouAFv/+R","3dTLqRDj9F4IyNMAg4HbLn","7cytJVG+1ArbmX3cExBfhb","51pOYjHoRPKJW2OHsMl3TI","1ehyBjSAdG+oi9vaPygqcC","a3CHllNa9OC5lrBL8+Rj6p","aeTfyownZKCrAXu/EQ1+UR","18un8TyR9N/7Re2hhm3qB3","70lkGaV7NCZL+nrYKftIUI","86v65vZStMrZRPstrby5w2","eehYmpmJBMw4q5eYsfY4n5","79rULrcCdCqKblylOqLN3O","8aecDBEp1Mxa6rTdLGcvt8","d1QARc7pdDLZuqiB+hFfp8","f0MdNXMKFCGrlIxweF0COi"],["node","_spriteFrame","_parent","_textureSetter","root","data","_N$normalSprite","_N$pressedSprite","_N$hoverSprite","_N$disabledSprite"],[["cc.Node",["_name","_active","_opacity","_prefab","_components","_contentSize","_parent","_trs","_children","_color","_anchorPoint"],0,4,9,5,1,7,2,5,5],"cc.SpriteFrame",["cc.Label",["_string","_N$horizontalAlign","_N$verticalAlign","_fontSize","_styleFlags","_lineHeight","node","_materials"],-3,1,3],["cc.Button",["_N$transition","zoomScale","node","_N$normalSprite","_N$pressedSprite","_N$hoverSprite","_N$disabledSprite"],1,1,6,6,6,6],["cc.Sprite",["_sizeMode","_type","node","_materials","_spriteFrame"],1,1,3,6],["cc.PrefabInfo",["fileId","root","asset"],2,1,1],["cc.LabelOutline",["_width","_enabled","node","_color"],1,1,5],["cc.Prefab",["_name"],2],["48732mcpZxNn7GPjRojdUfp",["node"],3,1]],[[5,0,1,2,2],[0,0,6,4,3,5,7,2],[4,0,2,3,4,2],[6,0,2,3,2],[4,2,3,4,1],[0,0,6,8,3,2],[2,0,3,5,4,1,2,6,7,7],[0,0,6,8,4,3,5,7,2],[3,2,1],[0,0,6,4,3,5,2],[2,0,3,5,1,2,6,7,6],[0,0,8,3,2],[0,0,1,6,4,3,5,7,3],[0,0,8,4,3,5,7,2],[0,0,6,8,3,7,2],[0,0,6,4,3,9,5,7,2],[4,1,0,2,3,4,3],[3,1,0,2,3],[2,0,3,1,2,6,7,5],[6,1,0,2,3,3],[3,0,2,2],[7,0,2],[0,0,8,4,3,5,2],[0,0,8,3,7,2],[0,0,1,6,8,4,3,5,7,3],[0,0,2,6,4,3,9,5,3],[0,0,6,4,3,5,10,7,2],[8,0,1],[5,1,2,1],[3,0,2,3,4,5,6,2],[2,0,4,1,2,6,7,5],[2,0,3,4,1,2,6,7,6]],[[[{"name":"03","rect":[0,0,115,138],"offset":[0,0],"originalSize":[115,138],"capInsets":[0,0,0,0]}],[1],0,[0],[3],[9]],[[{"name":"07","rect":[0,0,372,165],"offset":[0,0],"originalSize":[372,165],"capInsets":[0,0,0,0]}],[1],0,[0],[3],[10]],[[[21,"qiandaoSign"],[22,"qiandaoSign",[-3,-4],[[27,-2]],[28,-1,0],[5,720,1280]],[23,"days",[-5,-6,-7,-8,-9,-10,-11],[0,"68Rv1xoQZFtJDwM6gxOdnr",1,0],[0,192,0,0,0,0,1,1,1,1]],[5,"panel",1,[-12,-13,-14,2,-15,-16],[0,"e1OK/Tw4FBb4Jv0NSFI6AH",1,0]],[7,"7",2,[-19,-20,-21,-22],[[2,0,-17,[70],71],[8,-18]],[0,"6f1rmrKxBO1IIg0+yTwMyc",1,0],[5,450,200],[-8.577,-202.32,0,0,0,0,1,1,1,1]],[7,"1",2,[-25,-26,-27],[[2,0,-23,[14],15],[8,-24]],[0,"e5R5Tl/nNE5IbvzunyS9cV",1,0],[5,120,150],[-179,183,0,0,0,0,1,1,1,1]],[7,"2",2,[-30,-31,-32],[[2,0,-28,[22],23],[8,-29]],[0,"27roqdqsBK5r0UqA1b0Gj/",1,0],[5,120,150],[0,183,0,0,0,0,1,1,1,1]],[7,"3",2,[-35,-36,-37],[[2,0,-33,[30],31],[8,-34]],[0,"19VX4h3gZN7rSmOTCkZuJH",1,0],[5,120,150],[164,183,0,0,0,0,1,1,1,1]],[7,"4",2,[-40,-41,-42],[[2,0,-38,[38],39],[8,-39]],[0,"db/Ps2v0ZDAZPAoBph7hDx",1,0],[5,120,150],[-178.356,9.448,0,0,0,0,1,1,1,1]],[7,"5",2,[-45,-46,-47],[[2,0,-43,[46],47],[8,-44]],[0,"80qBB3VN9CC4Gs0kW695q2",1,0],[5,120,150],[0,4.529,0,0,0,0,1,1,1,1]],[7,"6",2,[-50,-51,-52],[[2,0,-48,[54],55],[8,-49]],[0,"38zrv5Mx5DE5Tnok18Tr+v",1,0],[5,120,150],[166.46,6.988,0,0,0,0,1,1,1,1]],[13,"shungbeilq",[-55,-56],[[2,0,-53,[82],83],[20,3,-54]],[0,"79tG9LSYND/bbhrrz4nDah",1,0],[5,40,40],[-133.234,-172.204,0,0,0,0,1,1,1,0]],[13,"shuangbeilqu",[-59,-60],[[16,1,0,-57,[90],91],[17,1.1,3,-58]],[0,"06JwyO0tBHuosNKxG04rRh",1,0],[5,240,90],[93.114,-212.009,0,0,0,0,1,1,1,0]],[5,"awardlist",4,[-61,-62,-63],[0,"84uCM5neBGp4k/Ug9v9K2d",1,0]],[13,"lingqu",[-66],[[4,-64,[73],74],[29,2,-65,75,76,77,78]],[0,"08kMYXjLJP97Di1tbthhaH",1,0],[5,208,87],[-1.457,-250,0,0,0,0,1,1,1,1]],[5,"menu2",3,[-67,12,-68],[0,"b5zs+fjRhFWbNCojSdb5LP",1,0]],[7,"putonglingqu",15,[-71],[[16,1,0,-69,[85],86],[17,1.1,3,-70]],[0,"48YIrDxLRNSZv9n6zQZPsd",1,0],[5,170,75],[-141.06,-210.665,0,0,0,0,1,1,1,0]],[24,"yijinglqu",false,15,[-74],[[16,1,0,-72,[93],94],[17,1.1,3,-73]],[0,"99ThF78IFOLJoExZHBrqka",1,0],[5,170,75],[-16.702,-207.668,0,0,0,0,1,1,1,0]],[25,"bk",200,1,[[2,0,-75,[0],1],[8,-76]],[0,"f2YaArhsVAOo7mVKQyYO1t",1,0],[4,4278190080],[5,1000,2000]],[1,"exit",3,[[4,-77,[6],7],[20,3,-78]],[0,"f2deJh7sFAnaiWm5dGeHc0",1,0],[5,64,67],[-288.514,497.066,0,0,0,0,1,1,1,0]],[1,"u",5,[[10,"第1天",28,28,1,1,-79,[8]],[3,2,-80,[4,4278190080]]],[0,"f14565JtNJmbgz8z4mX8Bp",1,0],[5,75.57,39.28],[0,52,0,0,0,0,1,1,1,1]],[11,"1",[-81,-82],[0,"00a6mAS0NPfKdY0hZ3JWLc",1,0]],[1,"c",21,[[6,"x50",28,28,1,1,1,-83,[11]],[3,3,-84,[4,4278190080]]],[0,"e7TqVquNVECI1gR+F6hfyo",1,0],[5,52.72,41.28],[0.933,-49.535,0,0,0,0,1,1,1,1]],[1,"u",6,[[10,"第2天",28,28,1,1,-85,[16]],[3,2,-86,[4,4278190080]]],[0,"56fc4vqcFLhLqahJ5YVRef",1,0],[5,75.57,39.28],[0,54.861,0,0,0,0,1,1,1,1]],[11,"1",[-87,-88],[0,"0cb80Vn7pB3ID80d/Gl9O3",1,0]],[1,"c",24,[[6,"x1",28,28,1,1,1,-89,[19]],[3,3,-90,[4,4278190080]]],[0,"76zi8W/+1O8Jnp/vohotAR",1,0],[5,37.14,41.28],[0.933,-49.535,0,0,0,0,1,1,1,1]],[1,"u",7,[[10,"第3天",28,28,1,1,-91,[24]],[3,2,-92,[4,4278190080]]],[0,"64AGyKW3xMRZkKrE/VjDCB",1,0],[5,75.57,39.28],[0,52,0,0,0,0,1,1,1,1]],[11,"1",[-93,-94],[0,"0eqDVIENpClKkRuli6/gJc",1,0]],[1,"c",27,[[6,"x100",28,28,1,1,1,-95,[27]],[3,3,-96,[4,4278190080]]],[0,"82IplM3zZIBJ/wkaL7wQYf",1,0],[5,68.28999999999999,41.28],[0.933,-49.535,0,0,0,0,1,1,1,1]],[1,"u",8,[[10,"第4天",28,28,1,1,-97,[32]],[3,2,-98,[4,4278190080]]],[0,"3cjpawQddKj57onmuHCvqk",1,0],[5,75.57,39.28],[0,52,0,0,0,0,1,1,1,1]],[11,"1",[-99,-100],[0,"dajMEKsnlHw5Ji6GplOENU",1,0]],[1,"c",30,[[6,"x1",28,28,1,1,1,-101,[35]],[3,3,-102,[4,4278190080]]],[0,"12y/+N+jxKHJeQf1D3ctja",1,0],[5,37.14,41.28],[0.933,-49.535,0,0,0,0,1,1,1,1]],[1,"u",9,[[10,"第5天",28,28,1,1,-103,[40]],[3,2,-104,[4,4278190080]]],[0,"4cnCkMEEtK7Y6L16NNS592",1,0],[5,75.57,39.28],[0,53,0,0,0,0,1,1,1,1]],[11,"1",[-105,-106],[0,"23p+mhEENHVZ5iN/lpWq+L",1,0]],[1,"c",33,[[6,"x200",28,28,1,1,1,-107,[43]],[3,3,-108,[4,4278190080]]],[0,"f6xO6IBiFHP4HWIanjGVqO",1,0],[5,68.28999999999999,41.28],[0.933,-49.535,0,0,0,0,1,1,1,1]],[1,"u",10,[[10,"第6天",28,28,1,1,-109,[48]],[3,2,-110,[4,4278190080]]],[0,"faHzFWwRdEP75sTKWXyS6F",1,0],[5,75.57,39.28],[0,52,0,0,0,0,1,1,1,1]],[11,"1",[-111,-112],[0,"bdKD8n3vRDY6BrmjMk27ig",1,0]],[1,"c",36,[[6,"x300",28,28,1,1,1,-113,[51]],[3,3,-114,[4,4278190080]]],[0,"6aM+OvjzJCrYTix8mbdqb0",1,0],[5,68.28999999999999,41.28],[0.933,-49.535,0,0,0,0,1,1,1,1]],[1,"u",4,[[10,"第7天",30,30,1,1,-115,[56]],[3,2,-116,[4,4278190080]]],[0,"9aMsL2nlhNiaA3XDP8tvVF",1,0],[5,80.68,41.8],[78.246,77.327,0,0,0,0,1,1,1,1]],[14,"1",13,[-117,-118],[0,"67us/xP5VESaL7PbEQkc6e",1,0],[13.530999999999999,4.306,0,0,0,0,1,1,1,1]],[1,"c",39,[[6,"x500",28,24,1,1,1,-119,[61]],[3,3,-120,[4,4278190080]]],[0,"a9SVQwGJ5F5pAjiYmQjKIB",1,0],[5,68.28999999999999,36.239999999999995],[3.527,-57.001,0,0,0,0,1,1,1,1]],[14,"2",13,[-121,-122],[0,"80xYKy/D5MLYCVrVj6yWSA",1,0],[85.143,5.121,0,0,0,0,1,1,1,1]],[1,"c",41,[[6,"x2",28,24,1,1,1,-123,[64]],[3,3,-124,[4,4278190080]]],[0,"8aqYUXxTpDoaJOlCmBzv9O",1,0],[5,37.14,36.239999999999995],[15,-57,0,0,0,0,1,1,1,1]],[14,"3",13,[-125,-126],[0,"c8NxbA2PxK0qahVYAuWMYX",1,0],[145.918,3.819,0,0,0,0,1,1,1,1]],[1,"c",43,[[6,"x2",28,24,1,1,1,-127,[67]],[3,3,-128,[4,4278190080]]],[0,"50YI3JgbBD4ZUv2wc3T4XF",1,0],[5,37.14,36.239999999999995],[32,-56,0,0,0,0,1,1,1,1]],[5,"menu1",3,[14,11],[0,"a7bzV4ac5LToeKl6MC84Hr",1,0]],[1,"t",14,[[30,"领取",1,1,1,-129,[72]],[3,2,-130,[4,4278190080]]],[0,"4aYqK3OixPOah9VzUTvS3u",1,0],[5,84,54.4],[0,4,0,0,0,0,1,1,1,1]],[15,"t",16,[[18,"普通领取",30,1,1,-131,[84]],[19,false,2,-132,[4,4278190080]]],[0,"7cfjgf5ZNG16S2F0vUQ04E",1,0],[4,4278190080],[5,120,50.4],[0,2,0,0,0,0,1,1,1,1]],[15,"t",12,[[18,"3倍领取",34,1,1,-133,[89]],[19,false,2,-134,[4,4278190080]]],[0,"6aO1ZA88lMMaIC3jMCrSCN",1,0],[4,4278190080],[5,120.91,50.4],[17.528,5.402,0,0,0,0,1,1,1,1]],[15,"t",17,[[31,"已领取",30,1,1,1,-135,[92]],[19,false,2,-136,[4,4278190080]]],[0,"9e04Avx+NLE7riyUikl0qi",1,0],[4,4285493103],[5,90,50.4],[0,2,0,0,0,0,1,1,1,1]],[1,"tk",3,[[2,0,-137,[2],3]],[0,"2eDjrQhOJPNJY/xpZk0zNa",1,0],[5,600,640],[0,179,0,0,0,0,1,1,1,1]],[1,"bt",3,[[4,-138,[4],5]],[0,"d7QGgETmVE373IBJdo/O0s",1,0],[5,136,64],[7.859,511.773,0,0,0,0,1,1,1,1]],[5,"awardlist",5,[21],[0,"1eUVr8cSVFnZv6wYJoJT0X",1,0]],[9,"icon",21,[[2,0,-139,[9],10]],[0,"b3qcw3dVFHarsu8n60Cnvh",1,0],[5,60,60]],[12,"lingqu",false,5,[[4,-140,[12],13]],[0,"e67fiBay1KZb+IQWlMaEp9",1,0],[5,102,61],[-1.448,-10.716,0,0,0,0,1,1,1,1]],[5,"awardlist",6,[24],[0,"aeJ1trj8JAzLql256FoZol",1,0]],[9,"icon",24,[[2,0,-141,[17],18]],[0,"aeTJ7IyYNJkr1neHfk8XaP",1,0],[5,60,60]],[12,"lingqu",false,6,[[4,-142,[20],21]],[0,"d8aNCuqNRCFo6a55qGxLlQ",1,0],[5,102,61],[-1.448,-10.716,0,0,0,0,1,1,1,1]],[5,"awardlist",7,[27],[0,"51IWDbCMBFP6annnp6f3bU",1,0]],[9,"icon",27,[[4,-143,[25],26]],[0,"47wcxbf4BGTL5GrX9bKHMI",1,0],[5,72,75]],[12,"lingqu",false,7,[[4,-144,[28],29]],[0,"56G2cCeDBHFaAXj1h1aK3W",1,0],[5,102,61],[-1.448,-10.716,0,0,0,0,1,1,1,1]],[5,"awardlist",8,[30],[0,"e15WPerchEyY6BEicAYYRy",1,0]],[9,"icon",30,[[2,0,-145,[33],34]],[0,"05dYS3G0pNc5DA6R+/FVkS",1,0],[5,60,60]],[12,"lingqu",false,8,[[4,-146,[36],37]],[0,"a8/ReBSU5C2bsmoBzADagw",1,0],[5,102,61],[-1.448,-10.716,0,0,0,0,1,1,1,1]],[5,"awardlist",9,[33],[0,"30hC04yLdDua/Go7fHu/uP",1,0]],[9,"icon",33,[[4,-147,[41],42]],[0,"f9zDbAepxIuJCsnp0MJ81o",1,0],[5,72,75]],[1,"lingqu",9,[[4,-148,[44],45]],[0,"bdSMZaHbRLvY75eJjWN+PA",1,0],[5,102,61],[-1.448,-10.716,0,0,0,0,1,1,1,1]],[5,"awardlist",10,[36],[0,"61fSgvVnxKSrui+6JYThjo",1,0]],[9,"icon",36,[[4,-149,[49],50]],[0,"4e65UPJBhEf6GBlhhrdUtn",1,0],[5,72,75]],[1,"lingqu",10,[[4,-150,[52],53]],[0,"a4OinBpPJChYruzjHzlUe7",1,0],[5,102,61],[-1.448,-10.716,0,0,0,0,1,1,1,1]],[1,"a",4,[[4,-151,[57],58]],[0,"6dgxHFJglB1K1Pkd0oh0Qh",1,0],[5,91,71],[-84.252,1.163,0,0,0,0,1,1,1,1]],[1,"icon",39,[[2,0,-152,[59],60]],[0,"2eusJhqvJLq7yyxS/X7G8l",1,0],[5,60,60],[1,1,0,0,0,0,1,1,1,1]],[1,"icon",41,[[2,0,-153,[62],63]],[0,"98Da8rpYdNdaMpW2Hp5cWy",1,0],[5,60,60],[16,0,0,0,0,0,1,1,1,1]],[1,"icon",43,[[2,0,-154,[65],66]],[0,"aaFkFPfOhOn5/+riyx2LbN",1,0],[5,60,60],[33,1,0,0,0,0,1,1,1,1]],[1,"lingqu",4,[[4,-155,[68],69]],[0,"b6fKApSaZEVZ6dTWQ9cPPk",1,0],[5,102,61],[-78.43,61.908,0,0,0,0,1,1,1,1]],[9,"gou",11,[[2,0,-156,[79],80]],[0,"7f+a7aGM1N75uVgIHqQr14",1,0],[5,30,30]],[26,"t",11,[[18,"观看视频领取三倍",22,1,1,-157,[81]]],[0,"665tu1m9pP7YF/BCsLYSb1",1,0],[5,176,50.4],[0,0,0.5],[41.916,2.905,0,0,0,0,1,1,1,1]],[1,"sp",12,[[4,-158,[87],88]],[0,"efotVVLYJGL5C23NPh/2ok",1,0],[5,38,30],[-75.565,3.963,0,0,0,0,1,1.3,1.3,1]]],0,[0,4,1,0,0,1,0,-1,18,0,-2,3,0,-1,5,0,-2,6,0,-3,7,0,-4,8,0,-5,9,0,-6,10,0,-7,4,0,-1,50,0,-2,51,0,-3,19,0,-5,45,0,-6,15,0,0,4,0,0,4,0,-1,38,0,-2,70,0,-3,13,0,-4,74,0,0,5,0,0,5,0,-1,20,0,-2,52,0,-3,54,0,0,6,0,0,6,0,-1,23,0,-2,55,0,-3,57,0,0,7,0,0,7,0,-1,26,0,-2,58,0,-3,60,0,0,8,0,0,8,0,-1,29,0,-2,61,0,-3,63,0,0,9,0,0,9,0,-1,32,0,-2,64,0,-3,66,0,0,10,0,0,10,0,-1,35,0,-2,67,0,-3,69,0,0,11,0,0,11,0,-1,75,0,-2,76,0,0,12,0,0,12,0,-1,77,0,-2,48,0,-1,39,0,-2,41,0,-3,43,0,0,14,0,0,14,0,-1,46,0,-1,16,0,-3,17,0,0,16,0,0,16,0,-1,47,0,0,17,0,0,17,0,-1,49,0,0,18,0,0,18,0,0,19,0,0,19,0,0,20,0,0,20,0,-1,53,0,-2,22,0,0,22,0,0,22,0,0,23,0,0,23,0,-1,56,0,-2,25,0,0,25,0,0,25,0,0,26,0,0,26,0,-1,59,0,-2,28,0,0,28,0,0,28,0,0,29,0,0,29,0,-1,62,0,-2,31,0,0,31,0,0,31,0,0,32,0,0,32,0,-1,65,0,-2,34,0,0,34,0,0,34,0,0,35,0,0,35,0,-1,68,0,-2,37,0,0,37,0,0,37,0,0,38,0,0,38,0,-1,71,0,-2,40,0,0,40,0,0,40,0,-1,72,0,-2,42,0,0,42,0,0,42,0,-1,73,0,-2,44,0,0,44,0,0,44,0,0,46,0,0,46,0,0,47,0,0,47,0,0,48,0,0,48,0,0,49,0,0,49,0,0,50,0,0,51,0,0,53,0,0,54,0,0,56,0,0,57,0,0,59,0,0,60,0,0,62,0,0,63,0,0,65,0,0,66,0,0,68,0,0,69,0,0,70,0,0,71,0,0,72,0,0,73,0,0,74,0,0,75,0,0,76,0,0,77,0,5,1,2,2,3,11,2,45,12,2,15,14,2,45,21,2,52,24,2,55,27,2,58,30,2,61,33,2,64,36,2,67,158],[0,0,0,0,0,0,0,0,0,0,0,0,0,0,0,0,0,0,0,0,0,0,0,0,0,0,0,0,0,0,0,0,0,0,0,0,0,0,0,0,0,0,0,0,0,0,0,0,0,0,0,0,0,0,0,0,0,0,0,0,0,0,0,0,0,0,0,0,0,0,0,0,0,0,0,0,0,0,0,0,0,0,0,0,0,0,0,0,0,0,0,0,0,0,0],[-1,1,-1,1,-1,1,-1,1,-1,-1,1,-1,-1,1,-1,1,-1,-1,1,-1,-1,1,-1,1,-1,-1,1,-1,-1,1,-1,1,-1,-1,1,-1,-1,1,-1,1,-1,-1,1,-1,-1,1,-1,1,-1,-1,1,-1,-1,1,-1,1,-1,-1,1,-1,1,-1,-1,1,-1,-1,1,-1,-1,1,-1,1,-1,-1,1,6,7,8,9,-1,1,-1,-1,1,-1,-1,1,-1,1,-1,-1,1,-1,-1,1],[0,11,0,12,0,13,0,14,0,0,2,0,0,1,0,5,0,0,15,0,0,1,0,6,0,0,2,0,0,1,0,7,0,0,8,0,0,1,0,5,0,0,2,0,0,1,0,6,0,0,2,0,0,1,0,7,0,0,16,0,2,0,0,8,0,0,17,0,0,1,0,18,0,0,3,3,3,3,3,0,19,0,0,20,0,0,4,0,21,0,0,4,0,0,4]],[[{"name":"02","rect":[0,0,115,138],"offset":[0,0],"originalSize":[115,138],"capInsets":[0,0,0,0]}],[1],0,[0],[3],[22]],[[{"name":"bt","rect":[0,0,136,64],"offset":[0,0],"originalSize":[136,64],"capInsets":[0,0,0,0]}],[1],0,[0],[3],[23]],[[{"name":"a","rect":[0,0,91,71],"offset":[0,0],"originalSize":[91,71],"capInsets":[0,0,0,0]}],[1],0,[0],[3],[24]],[[{"name":"01","rect":[0,0,115,138],"offset":[0,0],"originalSize":[115,138],"capInsets":[0,0,0,0]}],[1],0,[0],[3],[25]]]]