[1,["ecpdLyjvZBwrvm+cedCcQy","edjA4NG7pGVJpgrO3pQsEJ","c7IVmHqslGdq//y3+Iz3uX","36PJEMGfhB25yi6M9Ibylt","41EXptiLJLEYjzAd1Mgjjq","91HWH+MShFbr0dKHXIIhnA","966yBpZl9JAI9LxYUN6hQz"],["node","_spriteFrame","_textureSetter","root","data"],[["cc.Node",["_name","_prefab","_children","_components","_parent","_contentSize","_trs"],2,4,2,9,1,5,7],"cc.SpriteFrame",["cc.PrefabInfo",["fileId","root","asset"],2,1,1],["cc.Sprite",["_sizeMode","node","_materials","_spriteFrame"],2,1,3,6],["cc.Prefab",["_name"],2],["9ce5aTLpkBJl7xjCjZoIDKA",["node"],3,1]],[[2,0,1,2,2],[0,0,4,3,1,5,6,2],[0,0,4,2,1,2],[3,1,2,3,1],[3,0,1,2,3,2],[4,0,2],[0,0,2,3,1,2],[5,0,1],[2,1,2,1]],[[[{"name":"dianji_tishi_1","rect":[0,0,400,145],"offset":[0,0],"originalSize":[400,145],"capInsets":[0,0,0,0]}],[1],0,[0],[2],[1]],[[{"name":"Ring_006","rect":[3,3,253,249],"offset":[1.5,0.5],"originalSize":[256,256],"capInsets":[0,0,0,0]}],[1],0,[0],[2],[2]],[[[5,"dianji_shou_tishi"],[6,"dianji_shou_tishi",[-3],[[7,-2]],[8,-1,0]],[2,"panel",1,[-4,-5],[0,"c4lPuEUstBYonAE6bUG5jz",1,0]],[2,"tip1",2,[-6,-7],[0,"fdLAqFw/lIn44GpA/i9Cq4",1,0]],[2,"quan",2,[-8,-9],[0,"6dtU0T4kNFQYS6QDWGcmdj",1,0]],[1,"bk",3,[[3,-10,[0],1]],[0,"70apoSYw5KpJc2tLqWXwRy",1,0],[5,400,145],[76.128,-200,0,0,0,0,1,1,1,1]],[1,"0",3,[[3,-11,[2],3]],[0,"2ezyi1BT5CdKkJkveucA0X",1,0],[5,107,161],[202.626,-144.341,0,0,0,0,1,-0.8,0.8,1]],[1,"Ring_006",4,[[4,0,-12,[4],5]],[0,"c0G5IWYqhD+rl4yaZBbRg3",1,0],[5,150,150],[0,30,0,0,0,0,1,1,1,1]],[1,"shouzhi",4,[[4,0,-13,[6],7]],[0,"7fv2TqRqtNfZqZ1MMlnBon",1,0],[5,80,80],[28.029,-9.411,0,0,0,0,1,1,1,1]]],0,[0,3,1,0,0,1,0,-1,2,0,-1,3,0,-2,4,0,-1,5,0,-2,6,0,-1,7,0,-2,8,0,0,5,0,0,6,0,0,7,0,0,8,0,4,1,13],[0,0,0,0,0,0,0,0],[-1,1,-1,1,-1,1,-1,1],[0,3,0,4,0,5,0,6]]]]