[1,["ecpdLyjvZBwrvm+cedCcQy","8eQ1jV2+BKz7BVo3lYgl/0","15LlzxSfdGF7Bqjf/Yu8Rq","c3xv24eaBHSay7nEAcSEWg","0bGUMJmphBgotqcRuTaIMG","a2MjXRFdtLlYQ5ouAFv/+R","608riplMlD+oZaEBGSBUG9","0cDo/a9CJKTqE51COIbeDJ","4f2KVii55IVLmjVrIh6k/v","153b+vIu1H86en7P5tbbLX","5b7dW9PQxItKo7tQY034X8","faZuEkeaNA1ZXEzB+3Va+X","71uqAvZSBEWpM+R6oiXEjB","72eybbHXBIqZyPIeLDpgTp","66JfdEbgtD8J5aw12WRK6B","79AmNSZfZOmoH6SFnmU/1g","1dSw4HaaBA35yKtBzLWens","d0j+PSurFD8oN3Geebyq18","64RmEvkcxIhYUMyq+HrhaR","eaHt/DpaxAkLcMpEDkqR+0","63/vumWNZNq6/Pt8UUs3jU","51GiOh/gpLcpN2oa7LoLnq"],["node","_textureSetter","_spriteFrame","root","data"],["cc.SpriteFrame",["cc.Node",["_name","_active","_opacity","_components","_prefab","_contentSize","_parent","_children","_trs","_color"],0,9,4,5,1,2,7,5],["cc.Sprite",["_sizeMode","_type","node","_materials","_spriteFrame"],1,1,3,6],["cc.PrefabInfo",["fileId","root","asset"],2,1,1],["cc.Label",["_string","_N$horizontalAlign","_N$verticalAlign","_fontSize","node","_materials"],-1,1,3],["cc.Button",["zoomScale","_N$transition","node"],1,1],["cc.Prefab",["_name"],2],["c875ehe/rtLTbphgQ2qciIk",["node"],3,1]],[[3,0,1,2,2],[1,0,6,3,4,9,5,8,2],[4,0,1,2,4,5,4],[4,0,3,1,2,4,5,5],[1,0,1,6,7,3,4,5,3],[1,0,6,3,4,5,8,2],[6,0,2],[1,0,7,3,4,5,2],[1,0,6,7,3,4,5,2],[1,0,2,6,3,4,9,5,8,3],[1,0,6,3,4,5,2],[7,0,1],[3,1,2,1],[2,0,2,3,4,2],[2,2,3,4,1],[2,1,0,2,3,4,3],[5,2,1],[5,0,1,2,3]],[[[{"name":"tishi","rect":[0,0,114,92],"offset":[0,0],"originalSize":[114,92],"capInsets":[0,0,0,0]}],[0],0,[0],[1],[1]],[[{"name":"guanbi","rect":[11,8,60,63],"offset":[0,0],"originalSize":[82,79],"capInsets":[0,0,0,0]}],[0],0,[0],[1],[2]],[[{"name":"cundang","rect":[0,0,84,96],"offset":[0,0],"originalSize":[84,96],"capInsets":[0,0,0,0]}],[0],0,[0],[1],[3]],[[{"name":"button1","rect":[0,0,85,85],"offset":[0,0],"originalSize":[85,85],"capInsets":[0,0,0,0]}],[0],0,[0],[1],[4]],[[[6,"help_gametype"],[7,"help_gametype",[-3,-4,-5,-6,-7,-8,-9,-10,-11],[[11,-2]],[12,-1,0],[5,700,1280]],[4,"gametip4",false,1,[-13,-14,-15,-16],[[2,"Label",1,1,-12,[23]]],[0,"fcgDHxYGhG6ZVmA/G+UTjT",1,0],[5,97.87,50.4]],[4,"gametip1",false,1,[-18,-19,-20],[[2,"Label",1,1,-17,[10]]],[0,"b8wv3f4TBGOpEHKKs6Klww",1,0],[5,97.87,50.4]],[4,"gametip2",false,1,[-22,-23,-24],[[2,"Label",1,1,-21,[14]]],[0,"8f0+EMuJBG6onyW3elJ/mu",1,0],[5,97.87,50.4]],[4,"gametip3",false,1,[-26,-27,-28],[[2,"Label",1,1,-25,[18]]],[0,"f6aTQZHrxBO4XJ/9zhHFId",1,0],[5,97.87,50.4]],[8,"gametip5",1,[-30,-31],[[2,"Label",1,1,-29,[26]]],[0,"9fZITuRZtG3pBxhm2352Qn",1,0],[5,97.87,50.4]],[9,"mh",200,1,[[13,0,-32,[0],1],[16,-33]],[0,"21GnAqQdlMLYyP++SUkSYp",1,0],[4,4278190080],[5,720,1280],[0,0,0,0,0,0,1,1.3,1.3,1]],[5,"guanbi",1,[[14,-34,[4],5],[17,1.03,3,-35]],[0,"3ekfYXK2BC5bqsDy1lNnCO",1,0],[5,60,63],[263.211,260.096,0,0,0,0,1,1,1,0]],[10,"bk",1,[[15,1,0,-36,[2],3]],[0,"49jlwCzodO3p1M4MvRrre0",1,0],[5,620,600]],[5,"title",1,[[2,"玩法说明",1,1,-37,[6]]],[0,"2axSpQAJlCX7sv+rXGjX+q",1,0],[5,160,50.4],[-5.912,269.007,0,0,0,0,1,1,1,1]],[1,"1",3,[[2,"1.点击按下要拖动的木块，\n移动拖动木块到对应位置",1,1,-38,[7]]],[0,"408XPLMkNDRI9QqPptOuOB",1,0],[4,4278190080],[5,473.36,90.4],[4,128.849,0,0,0,0,1,1,1,1]],[1,"2",3,[[2,"2.横向的木块只能横向移动,\n竖向的木块只能竖向移动",1,1,-39,[8]]],[0,"09OrHCoBBLipTS8Ga5z1xI",1,0],[4,4278190080],[5,484.47,90.4],[10,-2.386,0,0,0,0,1,1,1,1]],[1,"3",3,[[2,"3.黄色木块移动到最右边\n箭头处，即为闯关成功",1,1,-40,[9]]],[0,"59neiP+LZNF5K3pzhC75Q8",1,0],[4,4278190080],[5,433.36,90.4],[-2,-141.008,0,0,0,0,1,1,1,1]],[1,"1",4,[[2,"1.点击没有阻隔的空位,，\n将人物移动到对应位置",1,1,-41,[11]]],[0,"d16ar5ViRIupbwTGZ9jMSz",1,0],[4,4278190080],[5,444.47,90.4],[4,128.849,0,0,0,0,1,1,1,1]],[1,"2",4,[[2,"2.人物在木箱附近点击木箱，\n推动木箱移动到人物反方向位置",1,1,-42,[12]]],[0,"17aP6w6BtMV7gSPr2zgUS4",1,0],[4,4278190080],[5,560,90.4],[10,-2.386,0,0,0,0,1,1,1,1]],[1,"3",4,[[2,"3.各个木箱都在对应有星星的\n位置时，即为闯关成功",1,1,-43,[13]]],[0,"cdzAEjf21PJJGCpyhvVTvV",1,0],[4,4278190080],[5,513.36,90.4],[-2,-141.008,0,0,0,0,1,1,1,1]],[1,"1",5,[[2,"1.点击要移动的木块,，木块如\n只有一个地方可移动，直接移\n动到对应位置",1,1,-44,[15]]],[0,"0ccmJzXO5LkIMDLTJHVklp",1,0],[4,4278190080],[5,524.47,130.4],[4,128.849,0,0,0,0,1,1,1,1]],[1,"2",5,[[2,"2.点击要移动的木块,，木块如有\n多个移动方向可移动,出现\n选择箭头，点击箭头移动木块",1,1,-45,[16]]],[0,"a6imweqK9AP7MDImAypoIp",1,0],[4,4278190080],[5,564.47,130.4],[10,-30.385999999999996,0,0,0,0,1,1,1,1]],[1,"3",5,[[2,"3.黄色的2x2的木块移动到下方\n箭头缺口处，即为闯关成功",1,1,-46,[17]]],[0,"e3gVwzoSlDcrOrCIz9X/28",1,0],[4,4278190080],[5,537.85,90.4],[-2,-182.008,0,0,0,0,1,1,1,1]],[1,"1",2,[[3,"1.点击按下要移动的木块移动\n拖动木箱移动位置",30,1,1,-47,[19]]],[0,"c58c7QfIFPAZbMo+ZbHTqt",1,0],[4,4278190080],[5,385.02,90.4],[-10.544,162.254,0,0,0,0,1,1,1,1]],[1,"2",2,[[3,"2.木箱一次只能移动上下左右一个空位，\n对应位置有其他木箱将与其交换位置",30,1,1,-48,[20]]],[0,"5fNOvWRDBCaqrr01ZCTFRM",1,0],[4,4278190080],[5,535.02,90.4],[12.386,47.632999999999996,0,0,0,0,1,1,1,1]],[1,"4",2,[[3,"4.在规定的步数内将全部木块消除掉\n即为闯关成功,否则失败",30,1,1,-49,[21]]],[0,"24cdppHl9Ds5tWOTMdXfoh",1,0],[4,4278190080],[5,475.02,90.4],[14.773,-232.838,0,0,0,0,1,1,1,1]],[1,"3",2,[[3,"3.木箱下方有空位将会下落,下落结束后，\n连续三个或以上横向或竖向存在同\n一个类型的木箱将被消除",30,1,1,-50,[22]]],[0,"44Z43N4+VGSqc8ysh7dS/1",1,0],[4,4278190080],[5,543.35,130.4],[7.545,-99.444,0,0,0,0,1,1,1,1]],[1,"1",6,[[3,"1.点击空位附近的数字木块，\n将数字木块移动到空位里面\n",30,1,1,-51,[24]]],[0,"dcMDDcRe5OiI9ApnKpDLrt",1,0],[4,4278190080],[5,385.02,130.4],[-34.71,117.951,0,0,0,0,1,1,1,1]],[1,"3",6,[[3,"2.所有数字木块最终排列成目标图案,\n也就是数字按数字1-n排列后胜利",30,1,1,-52,[25]]],[0,"70TC5U45dBRpRdgD0sjxIk",1,0],[4,4278190080],[5,483.35,90.4],[5.531,-24.933,0,0,0,0,1,1,1,1]]],0,[0,3,1,0,0,1,0,-1,7,0,-2,9,0,-3,8,0,-4,10,0,-5,3,0,-6,4,0,-7,5,0,-8,2,0,-9,6,0,0,2,0,-1,20,0,-2,21,0,-3,22,0,-4,23,0,0,3,0,-1,11,0,-2,12,0,-3,13,0,0,4,0,-1,14,0,-2,15,0,-3,16,0,0,5,0,-1,17,0,-2,18,0,-3,19,0,0,6,0,-1,24,0,-2,25,0,0,7,0,0,7,0,0,8,0,0,8,0,0,9,0,0,10,0,0,11,0,0,12,0,0,13,0,0,14,0,0,15,0,0,16,0,0,17,0,0,18,0,0,19,0,0,20,0,0,21,0,0,22,0,0,23,0,0,24,0,0,25,0,4,1,52],[0,0,0,0,0,0,0,0,0,0,0,0,0,0,0,0,0,0,0,0,0,0,0,0,0,0,0],[-1,2,-1,2,-1,2,-1,-1,-1,-1,-1,-1,-1,-1,-1,-1,-1,-1,-1,-1,-1,-1,-1,-1,-1,-1,-1],[0,5,0,6,0,7,0,0,0,0,0,0,0,0,0,0,0,0,0,0,0,0,0,0,0,0,0]],[[{"name":"shezhi_kuang","rect":[0,0,474,410],"offset":[0,0],"originalSize":[474,410],"capInsets":[10,75,10,10]}],[0],0,[0],[1],[8]],[[{"name":"tishi_2","rect":[0,0,114,92],"offset":[0,0],"originalSize":[114,92],"capInsets":[0,0,0,0]}],[0],0,[0],[1],[9]],[[{"name":"tiaoguo_2","rect":[0,0,108,91],"offset":[0,0],"originalSize":[108,91],"capInsets":[0,0,0,0]}],[0],0,[0],[1],[10]],[[{"name":"shezhi","rect":[0,0,92,92],"offset":[0,0],"originalSize":[92,92],"capInsets":[0,0,0,0]}],[0],0,[0],[1],[11]],[[{"name":"help","rect":[0,0,98,98],"offset":[0,0],"originalSize":[98,98],"capInsets":[0,0,0,0]}],[0],0,[0],[1],[12]],[[{"name":"cundang_2","rect":[0,0,84,96],"offset":[0,0],"originalSize":[84,96],"capInsets":[0,0,0,0]}],[0],0,[0],[1],[13]],[[{"name":"chonglai","rect":[0,0,109,92],"offset":[0,0],"originalSize":[109,92],"capInsets":[0,0,0,0]}],[0],0,[0],[1],[14]],[[{"name":"tiaoguo","rect":[0,0,108,91],"offset":[0,0],"originalSize":[108,91],"capInsets":[0,0,0,0]}],[0],0,[0],[1],[15]],[[{"name":"chonglai_2","rect":[0,0,109,92],"offset":[0,0],"originalSize":[109,92],"capInsets":[0,0,0,0]}],[0],0,[0],[1],[16]],[[{"name":"ck","rect":[0,0,196,196],"offset":[0,0],"originalSize":[196,196],"capInsets":[0,0,0,0]}],[0],0,[0],[1],[17]],[[{"name":"circle","rect":[0,0,42,42],"offset":[0,0],"originalSize":[42,42],"capInsets":[0,0,0,0]}],[0],0,[0],[1],[18]],[[{"name":"icon_menu","rect":[0,0,98,98],"offset":[0,0],"originalSize":[98,98],"capInsets":[0,0,0,0]}],[0],0,[0],[1],[19]],[[{"name":"gd","rect":[0,0,95,109],"offset":[0,0],"originalSize":[95,109],"capInsets":[0,0,0,0]}],[0],0,[0],[1],[20]],[[{"name":"shezhi_2","rect":[0,0,92,92],"offset":[0,0],"originalSize":[92,92],"capInsets":[0,0,0,0]}],[0],0,[0],[1],[21]]]]