[1,["ecpdLyjvZBwrvm+cedCcQy","cdl+77BTdMoIS7OTB1rxKE","fbjjObQ6FEcoArSx1cJvCf","eehYmpmJBMw4q5eYsfY4n5","derYa3wIRPCaPFlUDqPYGz","66If7M2xREqJ5bCcPYREOG","81tBW5EIVI46AkJtqIUp87","acCcaQe35HM4oD5y9htVpM","25bOyQxUlNWbOvDo7P8g+Y","afVDGMWxZOwoHmoxCkyG0X","3aAswSZNFH0Ij3ECdULZl/","29zexdw7xPRqp03wI3CwdD","61ozx114NO4Y8eAWwQCvnQ","ae2LQ5wUNJI5ppVXBY7Cvc","fcB+6CHhlNfrurrniAXHwZ","97muXuGD5JfJaki+BmOnNI","49rF122YlH7ZqsQ7ZKrZ59","6e+ls+yShCcYXdt0NxIqt+","072esyCjVHL7RC1R1iXiE5","8dimwyOmhAh6yBfxqbeQHU","5aIRks1D1GNYNqrxv+lLI2","3bJJaTD5tOMqkqZa5oRpWg","32ez3l/udDaaAyLetda9GD","066E2TBmhPlIji94qKXqkZ","46yA+ADCFEUqRHM+jqp47f","44aDHvibdLdLr3viWWr71+","25qaeyAdRP3KieBra7aE9v","cfOYFUqcJAU7wgu9zeJJZr","302cMNampAlZTPByULyYDw","60OB6uRoFIRpqX+2q7sF6c","eeSXYorC1MaqeIafOMzuVS","c2jUdFcHlDiqmHDtaX9YCc","c9PjN1Ph5C0rGkyDA1Fd8P","d7wBGYv65K44V0pA2J6+a2","49AesENOdHRYSZ9UYmqIP2","ccQLPhQLZIUrE9OrDWROa8","1aZuv7CHlLaJ6HQ9tEfDi6","e9/Z1a0ABN4o3mDTzBhAnp","34ZQQvfFpCTJ3IZhXLYacJ","20aT8yTzZFKaDToQRXYWzy","a1U5RdJRFMFL57BdJC9H1X","8eGRmKdFFHGr7qiSyVMx4M","5163ZTgiJH9IflCzqTPt1f","2eDEkMDihINo9YT8wiKxi9","66tO+ysB1I24/gMdI6SQ/v","41F7Z60sNErYn1ia+8IeM8","172rmVWpFDlaQhKHR36L2t","4fxPEr1NNI2rpAdrqA5U1K","8bB/Q+VrBOJ7JuUyVvVLC9","f4ZTf0plZDOrjAcH+o/rT0","81xK3wH/JBWbprwJyg/wdM","4a/dZ6CU9GyqBB+1xq8SOJ","75oa5VsrVIqaPGgusGHnMq","0aukOE1DlE67ywPJHLKdFy","24rHp0uXdDZ7bzRC4Nuhsn","e2bvpwZedIdp030rWGRs7M","f3Uup8LRtK3LUagYkXdW0p","afDemMdRdInq2Rj/3iSng2","93tD+F0lRNELRp0ndynmc6","0eEYYEUHRAMKuFQE4kcIE2","d1H2W7JDZNE7l6z3+M+3KF","2e4AG9vLlGkLZV0RkZMulw"],["node","_spriteFrame","_parent","_N$normalSprite","_N$pressedSprite","_N$hoverSprite","_N$disabledSprite","_textureSetter","scene","hmk_jiesuan","shezhidlg","help_gametype","shouzhiZhiyingDlg","gamesuccess_new","game_end_animate","jt_s","jt_x","jt_y","jt_z","mode_1_i_0","mode_1_i_1","mode_2_i_0","mode_3_i_0","mode_4_i_0","mode_5_i_0"],[["cc.Node",["_name","_active","_objFlags","_parent","_components","_trs","_contentSize","_color","_children","_anchorPoint"],0,1,9,7,5,5,12,5],["cc.Node",["_name","_active","_id","_children","_components","_trs","_contentSize","_parent"],0,2,9,7,5,1],"cc.SpriteFrame",["cc.Button",["_N$transition","zoomScale","node","_N$normalSprite","_N$pressedSprite","_N$hoverSprite","_N$disabledSprite"],1,1,6,6,6,6],["cc.Sprite",["_sizeMode","_enabled","node","_materials","_spriteFrame"],1,1,3,6],["cc.Label",["_string","_fontSize","_N$horizontalAlign","_N$verticalAlign","_lineHeight","_styleFlags","node","_materials"],-3,1,3],["cc.LabelOutline",["_width","node","_color"],2,1,5],["cc.SceneAsset",["_name","asyncLoadAssets"],1],["7633c/ow0xHYZwa4BLlsdtU",["algintop","heipingalgintop","node"],1,1],["cc.Canvas",["_fitWidth","node","_designResolution"],2,1,5],["cc.Widget",["_alignFlags","node"],2,1],["424c5jYmXZOQp3kIQzUHuwi",["node","mukuaisprits","hmk_jiesuan","shezhidlg","help_gametype","shouzhiZhiyingDlg","gamesuccess_new","game_end_animate","jt_s","jt_x","jt_y","jt_z","mode_1_i_0","mode_1_i_1","mode_2_i_0","mode_3_i_0","mode_4_i_0","mode_5_i_0"],3,1,3,6,6,6,6,6,6,6,6,6,6,6,6,6,6,6,6],["cc.Graphics",["_lineWidth","node","_materials","_strokeColor"],2,1,3,5],["003bf7mKgZA3YrBN/HFHLnO",["node"],3,1],["cc.Scene",["_name","_active","_children","_anchorPoint","_trs"],1,2,5,7],["cc.Camera",["_clearFlags","_depth","node"],1,1]],[[4,0,2,3,4,2],[0,0,3,4,6,5,2],[4,2,3,4,1],[1,0,7,3,4,6,5,2],[1,0,7,3,2],[5,0,1,4,2,3,6,7,6],[0,0,1,3,4,6,5,3],[1,0,3,4,6,5,2],[3,0,2,3,4,5,6,2],[0,0,3,4,7,6,2],[5,0,1,4,5,2,3,6,7,7],[5,0,1,2,3,6,7,5],[0,0,3,4,6,2],[0,0,3,4,7,6,5,2],[3,1,0,2,3],[3,1,0,2,3,4,5,6,3],[4,2,3,1],[0,0,1,3,4,7,6,5,3],[0,0,2,1,3,4,6,5,4],[0,0,3,4,6,9,5,2],[3,1,0,2,3,3],[6,1,2,1],[6,0,1,2,2],[7,0,1,3],[0,0,8,5,2],[0,0,3,5,2],[0,0,3,8,5,2],[0,0,3,2],[0,0,4,6,5,2],[0,0,3,4,2],[0,0,1,3,4,6,3],[0,0,1,3,4,6,9,5,3],[1,0,3,4,5,2],[1,0,2,3,4,6,5,3],[1,0,1,3,4,6,5,3],[1,0,7,3,4,6,2],[1,0,1,7,3,3],[8,0,1,2,3],[9,0,1,2,2],[10,0,1,2],[11,0,1,2,3,4,5,6,7,8,9,10,11,12,13,14,15,16,17,1],[3,2,1],[3,0,2,2],[4,1,2,3,2],[12,0,1,2,3,2],[13,0,1],[14,0,1,2,3,4,3],[15,0,1,2,3]],[[[{"name":"jx4","rect":[0,0,705,704],"offset":[0,0],"originalSize":[705,704],"capInsets":[0,0,0,0]}],[2],0,[0],[7],[21]],[[{"name":"2shu","rect":[0,0,96,205],"offset":[0,0],"originalSize":[96,205],"capInsets":[0,0,0,0]}],[2],0,[0],[7],[22]],[[{"name":"5heng","rect":[0,0,313,98],"offset":[0,0],"originalSize":[313,98],"capInsets":[0,0,0,0]}],[2],0,[0],[7],[23]],[[{"name":"3h","rect":[0,0,205,98],"offset":[0,0],"originalSize":[205,98],"capInsets":[0,0,0,0]}],[2],0,[0],[7],[24]],[[{"name":"1shu","rect":[0,0,96,312],"offset":[0,0],"originalSize":[96,312],"capInsets":[0,0,0,0]}],[2],0,[0],[7],[25]],[[[23,"huamukuai",null],[24,"bottom",[[-1,-2,-3,[25,"innergame",-4,[0,-32,0,0,0,0,1,1,1,1]],-5,-6,-7,-8,-9,-10,-11],1,1,1,4,1,1,1,1,1,1,1],[-6.737,-580,0,0,0,0,1,1,1,1]],[32,"actionnode",[-13,-14,-15,-16,1,-17,-18,-19],[[37,420,480,-12]],[0,220,0,0,0,0,1,1,1,1]],[33,"Canvas","a5esZu+45LA5mBpvttspPD",[-23,-24,-25,2],[[38,true,-20,[5,720,1280]],[39,45,-21],[40,-22,[121,122,123,124,125,126],127,128,129,130,131,132,133,134,135,136,137,138,139,140,141,142]],[5,720,1280],[360,640,0,0,0,0,1,1,1,1]],[7,"game2",[-27,-28,-29,-30,-31,-32],[[14,1.1,3,-26]],[5,92,115],[277.638,310,0,0,0,0,1,1,1,0]],[34,"game1",false,[-34,-35,-36,-37,-38,-39],[[14,1.1,3,-33]],[5,92,115],[511.182,301.018,0,0,0,0,1,1,1,0]],[3,"bushu",2,[-41,-42,-43],[[2,-40,[29],30]],[5,192,51],[-212,269,0,0,0,0,1,1,1,1]],[3,"restart",1,[-46,-47],[[0,0,-44,[70],71],[8,3,-45,72,73,74,75]],[5,84,105],[-109,45,0,0,0,0,1,1,1,0]],[3,"tiaoguo",1,[-50,-51],[[2,-48,[81],82],[15,1.1,3,-49,83,84,85,86]],[5,95,109],[14,45,0,0,0,0,1,1,1,0]],[3,"tishi",1,[-54,-55],[[0,0,-52,[92],93],[15,1.1,3,-53,94,95,96,97]],[5,95,109],[282,45,0,0,0,0,1,1,1,0]],[3,"zidongtishi",1,[-58,-59],[[0,0,-56,[103],104],[15,1.1,3,-57,105,106,107,108]],[5,92,109],[152,45,0,0,0,0,1,1,1,0]],[26,"all_panzi",2,[[-60,-61,-62,[27,"tishi_jt",-63]],1,1,1,4],[0,-120,0,0,0,0,1,1,1,1]],[3,"jdhjm",2,[-66],[[2,-64,[5],6],[41,-65]],[5,186,61],[0,375.208,0,0,0,0,1,1,1,1]],[3,"xingxing",2,[-68,-69],[[2,-67,[34],35]],[5,192,51],[30.857,266,0,0,0,0,1,1,1,1]],[3,"chouka",1,[-72],[[0,0,-70,[63],64],[42,3,-71]],[5,85,85],[-294.53,60.760000000000005,0,0,0,0,1,1,1,0]],[4,"othergame",2,[4,5]],[17,"title",false,4,[[5,"推荐游戏",20,20,1,1,-73,[14]],[21,-74,[4,4278190080]]],[4,4278245375],[5,82,27.2],[0,65.055,0,0,0,0,1,1,1,1]],[17,"title",false,5,[[5,"推荐游戏",20,20,1,1,-75,[23]],[21,-76,[4,4278190080]]],[4,4278245375],[5,82,27.2],[0,65.055,0,0,0,0,1,1,1,1]],[6,"shengyin",false,1,[[0,0,-77,[36],37],[8,2,-78,38,39,40,41]],[5,70,70],[220.12,831.566,0,0,0,0,1,1,1,1]],[6,"gengduiyouxi",false,1,[[0,0,-79,[42],43],[8,3,-80,44,45,46,47]],[5,95,109],[-146,32,0,0,0,0,1,1,1,0]],[6,"cundang",false,1,[[2,-81,[48],49],[8,2,-82,50,51,52,53]],[5,84,96],[252.238,838.537,0,0,0,0,1,1,1,1]],[6,"tuijian_new",false,1,[[2,-83,[54],55],[14,1.1,3,-84]],[5,110,86],[-319.295,42.596999999999994,0,0,0,0,1,1,1,0]],[1,"shangcheng",1,[[0,0,-85,[56],57],[8,3,-86,58,59,60,61]],[5,84,105],[-206.668,54.167,0,0,0,0,1,0.8,0.8,0]],[1,"leftt",14,[[10,"00:00",24,24,1,1,1,-87,[62]],[22,2,-88,[4,4278190335]]],[5,65.38,34.239999999999995],[-2.112,-58.016,0,0,0,0,1,1,1,1]],[7,"circle",[-90],[[0,0,-89,[68],69]],[5,30,30],[38.197,44.746,0,0,0,0,1,1,1,1]],[7,"circle",[-92],[[0,0,-91,[79],80]],[5,30,30],[38.197,44.746,0,0,0,0,1,1,1,1]],[7,"circle",[-94],[[0,0,-93,[90],91]],[5,30,30],[38.197,45.746,0,0,0,0,1,1,1,1]],[7,"circle",[-96],[[0,0,-95,[101],102]],[5,30,30],[38.197,45.746,0,0,0,0,1,1,1,1]],[28,"t",[[11,"请按照提示箭头移动木块",26,1,1,-97,[109]],[22,2,-98,[4,4278190080]]],[5,290,54.4],[0,-534.024,0,0,0,0,1,1,1,1]],[4,"topmenu",2,[-99,-100]],[1,"fanhui",29,[[0,0,-101,[110],111],[20,1.1,3,-102,112]],[5,83,83],[-294.737,363,0,0,0,0,1,1,1,0]],[1,"bangzhu",29,[[0,0,-103,[113],114],[20,1.1,3,-104,115]],[5,80,80],[-195.737,364,0,0,0,0,1,1,1,0]],[35,"panzi",11,[-106],[[43,false,-105,[119]]],[5,663,673]],[29,"tishi_grapgic",11,[[44,6,-107,[120],[4,4294967295]],[45,-108]]],[46,"New Node",false,[3],[0,0,0],[0,0,0,0,0,0,1,1,1,1]],[1,"Main Camera",3,[[47,7,-1,-109]],[5,960,640],[0,0,526.0292429174417,0,0,0,1,1,1,1]],[12,"mbj",3,[[2,-110,[0],1]],[5,1440,1920]],[30,"bj",false,3,[[2,-111,[2],3]],[5,720,1280]],[13,"gamenandu",12,[[10,"简单模式",26,26,1,1,1,-112,[4]]],[4,4279057241],[5,104,32.76],[0,-54.412,0,0,0,0,1,1,1,1]],[12,"tuijian_bs",4,[[0,0,-113,[7],8]],[5,113,130]],[1,"icon",4,[[0,0,-114,[9],10]],[5,90,90],[0,11.707,0,0,0,0,1,1,1,1]],[13,"name",4,[[10,"怪兽防卫战",20,22,1,1,1,-115,[11]]],[4,4278190080],[5,100,27.72],[0.32399999999999984,-49.703,0,0,0,0,1,1,1,1]],[6,"n",false,4,[[2,-116,[12],13]],[5,61,32],[-47.125,63.815,0,0,0,0,1,1,1,1]],[18,"hytj",512,false,4,[[16,-117,[15]]],[5,23,87],[-56.065,3.242,0,0,0,0,1,1,1,1]],[12,"tuijian_bs",5,[[0,0,-118,[16],17]],[5,113,130]],[1,"icon",5,[[0,0,-119,[18],19]],[5,90,90],[0,11.707,0,0,0,0,1,1,1,1]],[13,"name",5,[[10,"怪兽防卫战",20,22,1,1,1,-120,[20]]],[4,4278190080],[5,100,27.72],[0.32399999999999984,-49.703,0,0,0,0,1,1,1,1]],[1,"n",5,[[2,-121,[21],22]],[5,61,32],[-47.125,63.815,0,0,0,0,1,1,1,1]],[18,"hytj",512,false,5,[[16,-122,[24]]],[5,23,87],[-56.065,3.242,0,0,0,0,1,1,1,1]],[31,"jishi",false,6,[[11,"00:00",30,1,1,-123,[25]]],[5,75.07,50.4],[0,0,0.5],[-24.702,0,0,0,0,0,1,1,1,1]],[1,"icon",6,[[0,0,-124,[26],27]],[5,40,39],[-68.79,2,0,0,0,0,1,1,1,1]],[19,"leveltip",6,[[11,"Level:1",30,1,1,-125,[28]]],[5,96.74,50.4],[0,0,0.5],[-40.632,0,0,0,0,0,1,1,1,1]],[1,"icon",13,[[0,0,-126,[31],32]],[5,40,40],[-69.44,2.362,0,0,0,0,1,1,1,1]],[19,"bushu",13,[[11,"步数:1",30,1,1,-127,[33]]],[5,85.02,50.4],[0,0,0.5],[-34.965,0,0,0,0,0,1,1,1,1]],[1,"sp",7,[[2,-128,[65],66]],[5,38,30],[-36.287,45.836,0,0,0,0,1,0.7,0.7,1]],[4,"left",7,[24]],[9,"c",24,[[5,"11",20,20,1,1,-129,[67]]],[4,4278190080],[5,20.76,25.2]],[1,"sp",8,[[2,-130,[76],77]],[5,38,30],[-36.287,45.836,0,0,0,0,1,0.7,0.7,1]],[4,"left",8,[25]],[9,"c",25,[[5,"11",20,20,1,1,-131,[78]]],[4,4278190080],[5,20.76,25.2]],[1,"sp",9,[[2,-132,[87],88]],[5,38,30],[-36.287,45.836,0,0,0,0,1,0.7,0.7,1]],[4,"left",9,[26]],[9,"c",26,[[5,"5",20,20,1,1,-133,[89]]],[4,4278190080],[5,11.12,25.2]],[1,"sp",10,[[2,-134,[98],99]],[5,38,30],[-36.287,45.836,0,0,0,0,1,0.7,0.7,1]],[4,"left",10,[27]],[9,"c",27,[[5,"5",20,20,1,1,-135,[100]]],[4,4278190080],[5,11.12,25.2]],[36,"tishitipnode",false,2,[28]],[1,"panzibksprite",11,[[2,-136,[116],117]],[5,705,704],[6,-4,0,0,0,0,1,1,1,1]],[1,"jiantou",32,[[16,-137,[118]]],[5,72,49],[335.73,59.43,0,0,0,0,1,0.7,0.7,1]]],0,[0,-1,18,0,-2,19,0,-3,20,0,2,1,0,-5,21,0,-6,22,0,-7,14,0,-8,7,0,-9,8,0,-10,9,0,-11,10,0,0,2,0,-1,12,0,-2,15,0,-3,6,0,-4,13,0,-6,66,0,-7,29,0,-8,11,0,0,3,0,0,3,0,0,3,0,-1,35,0,-2,36,0,-3,37,0,0,4,0,-1,39,0,-2,40,0,-3,41,0,-4,42,0,-5,16,0,-6,43,0,0,5,0,-1,44,0,-2,45,0,-3,46,0,-4,47,0,-5,17,0,-6,48,0,0,6,0,-1,49,0,-2,50,0,-3,51,0,0,7,0,0,7,0,-1,54,0,-2,55,0,0,8,0,0,8,0,-1,57,0,-2,58,0,0,9,0,0,9,0,-1,60,0,-2,61,0,0,10,0,0,10,0,-1,63,0,-2,64,0,-1,67,0,-2,32,0,-3,33,0,2,11,0,0,12,0,0,12,0,-1,38,0,0,13,0,-1,52,0,-2,53,0,0,14,0,0,14,0,-1,23,0,0,16,0,0,16,0,0,17,0,0,17,0,0,18,0,0,18,0,0,19,0,0,19,0,0,20,0,0,20,0,0,21,0,0,21,0,0,22,0,0,22,0,0,23,0,0,23,0,0,24,0,-1,56,0,0,25,0,-1,59,0,0,26,0,-1,62,0,0,27,0,-1,65,0,0,28,0,0,28,0,-1,30,0,-2,31,0,0,30,0,0,30,0,0,31,0,0,31,0,0,32,0,-1,68,0,0,33,0,0,33,0,0,35,0,0,36,0,0,37,0,0,38,0,0,39,0,0,40,0,0,41,0,0,42,0,0,43,0,0,44,0,0,45,0,0,46,0,0,47,0,0,48,0,0,49,0,0,50,0,0,51,0,0,52,0,0,53,0,0,54,0,0,56,0,0,57,0,0,59,0,0,60,0,0,62,0,0,63,0,0,65,0,0,67,0,0,68,0,8,34,1,2,2,2,2,3,3,2,34,4,2,15,5,2,15,24,2,55,25,2,58,26,2,61,27,2,64,28,2,66,137],[0,0,0,0,0,0,0,0,0,0,0,0,0,0,0,0,0,0,0,0,0,0,0,0,0,0,0,0,0,0,0,0,0,0,0,0,0,0,0,0,0,0,0,0,0,0,0,0,0,0,0,0,0,0,0,0,0,0,0,0,0,0,0,0,0,0,0,0,0,0,0,0,0,0,0,0,0,0,0,0,0,0,0,0,0,0,0,0,0,0,0,0,0,0,0,0,0,0,0,0,0,0,0,0,0,0,0,0,0,0,0,0,0,0,0,0,0,0,0,0,0,0,0,0,0,0,0,0,0,0,0,0,0,0,0,0,0,0,0,0,0,0,0],[-1,1,-1,1,-1,-1,1,-1,1,-1,1,-1,-1,1,-1,-1,-1,1,-1,1,-1,-1,1,-1,-1,-1,-1,1,-1,-1,1,-1,1,-1,-1,1,-1,1,3,4,5,6,-1,1,3,4,5,6,-1,1,3,4,5,6,-1,1,-1,1,3,4,5,6,-1,-1,1,-1,1,-1,-1,1,-1,1,3,4,5,6,-1,1,-1,-1,1,-1,1,3,4,5,6,-1,1,-1,-1,1,-1,1,3,4,5,6,-1,1,-1,-1,1,-1,1,3,4,5,6,-1,-1,1,3,-1,1,3,-1,1,-1,-1,-1,-1,-2,-3,-4,-5,-6,9,10,11,12,13,14,15,16,17,18,19,20,21,22,23,24],[0,26,0,27,0,0,28,0,10,0,11,0,0,12,0,0,0,10,0,11,0,0,12,0,0,0,0,29,0,0,13,0,30,0,0,13,0,6,6,14,6,14,0,2,2,1,7,1,0,8,8,15,8,15,0,31,0,32,2,1,7,1,0,0,33,0,3,0,0,4,0,34,2,1,7,1,0,3,0,0,4,0,16,16,17,35,17,0,3,0,0,4,0,36,9,5,18,5,0,3,0,0,4,0,9,9,5,18,5,0,0,37,38,0,19,19,0,39,0,0,40,20,41,42,43,44,20,45,46,47,48,49,50,51,52,53,54,55,56,57,58,59,60]],[[{"name":"4heng","rect":[0,0,204,97],"offset":[0,0],"originalSize":[204,97],"capInsets":[0,0,0,0]}],[2],0,[0],[7],[61]]]]