[1,["c0g4/CJ/NIRKGedDDfv3qm","fauy31+zFHmY1cR/aHqwp7","828Sw8O4hMmpJmmwOdKq4/","c981yFn65IZ7rwlm0YtBA/","38IGD0r+JMEKvgIIiGlBoi","0eoBsExZtKMLlJJpRjcoPf"],["_textureSetter","value"],["cc.SpriteFrame",["cc.AnimationClip",["_name","_duration","speed","curveData"],0,11]],[[1,0,1,2,3,4]],[[[{"name":"2","rect":[0,0,167,141],"offset":[0,0],"originalSize":[167,141],"capInsets":[0,0,0,0]}],[0],0,[0],[0],[0]],[[[0,"attack",0.06666666666666667,0.2,[{},"comps",11,[{},"cc.Sprite",11,[{},"spriteFrame",12,[[[{"frame":0},"value",6,0],[{"frame":0.016666666666666666},"value",6,1],[{"frame":0.03333333333333333},"value",6,2],{"frame":0.05,"value":null}],11,11,11,0]]]]]],0,0,[0,0,0],[1,1,1],[1,2,3]],[[{"name":"3","rect":[0,0,167,141],"offset":[0,0],"originalSize":[167,141],"capInsets":[0,0,0,0]}],[0],0,[0],[0],[4]],[[{"name":"1","rect":[0,0,167,141],"offset":[0,0],"originalSize":[167,141],"capInsets":[0,0,0,0]}],[0],0,[0],[0],[5]]]]