[1,0,0,[["cc.JsonAsset",["_name","json"],1]],[[0,0,1,3]],[[[[0,"gameinfo",{"max_valid_yingliao_count":41,"dengjiinfo":[{"lv":"1","d":"白手起家","j":"0","m":0,"gm":0,"ygm":0,"gmq":0,"jl":[]},{"lv":"2","d":"饮品自由","j":"0.1","m":600,"gm":3,"ygm":2,"gmq":20,"jl":[[2,100]]},{"lv":"3","d":"水果自由","j":"0.15","m":2000,"gm":5,"ygm":3,"gmq":30,"jl":[[2,150]]},{"lv":"4","d":"小老板","j":"0.2","m":7000,"gm":7,"ygm":4,"gmq":40,"jl":[[2,200]]},{"lv":"5","d":"小土豪","j":"0.25","m":12000,"gm":9,"ygm":6,"gmq":45,"jl":[[2,250]]},{"lv":"6","d":"大老板","j":"0.3","m":20000,"gm":11,"ygm":8,"gmq":45,"jl":[[2,300]]},{"lv":"7","d":"大土豪","j":"0.35","m":35000,"gm":13,"ygm":10,"gmq":50,"jl":[[2,300]]},{"lv":"8","d":"超级富豪1级","j":"0.4","m":50000,"gm":15,"ygm":12,"gmq":50,"jl":[[2,300]]},{"lv":"9","d":"超级富豪2级","j":"0.45","m":75000,"gm":16,"ygm":14,"gmq":55,"jl":[[2,300]]},{"lv":"10","d":"超级富豪3级","j":"0.5","m":100000,"gm":18,"ygm":16,"gmq":55,"jl":[[2,300]]},{"lv":"11","d":"超级富豪4级","j":"0.55","m":130000,"gm":20,"ygm":18,"gmq":60,"jl":[[2,300]]},{"lv":"12","d":"超级富豪5级","j":"0.6","m":180000,"gm":22,"ygm":20,"gmq":60,"jl":[[2,300]]},{"lv":"13","d":"超级富豪6级","j":"0.65","m":250000,"gm":24,"ygm":22,"gmq":65,"jl":[[2,300]]},{"lv":"14","d":"顶级富豪1级","j":"0.7","m":300000,"gm":26,"ygm":24,"gmq":65,"jl":[[2,300]]},{"lv":"15","d":"顶级富豪2级","j":"0.75","m":400000,"gm":28,"ygm":26,"gmq":70,"jl":[[2,300]]},{"lv":"16","d":"顶级富豪3级","j":"0.8","m":500000,"gm":30,"ygm":28,"gmq":70,"jl":[[2,300]]},{"lv":"17","d":"顶级富豪4级","j":"0.85","m":600000,"gm":32,"ygm":30,"gmq":75,"jl":[[2,300]]},{"lv":"18","d":"顶级富豪4级","j":"0.9","m":700000,"gm":34,"ygm":32,"gmq":75,"jl":[[2,300]]},{"lv":"19","d":"顶级富豪5级","j":"0.95","m":850000,"gm":36,"ygm":34,"gmq":80,"jl":[[2,300]]},{"lv":"20","d":"东亚首富","j":"1","m":1200000,"gm":40,"ygm":38,"gmq":85,"jl":[[2,300]]}],"gkyliao":[{"gk":1,"d":[1,2,3,4,5,6]},{"gk":2,"d":[1,2,3,4,5,6]},{"gk":3,"d":[4,5,6,7,8,9]},{"gk":4,"d":[7,8,9,10,11,12]},{"gk":5,"d":[8,9,10,11,12,13]},{"gk":6,"d":[9,10,11,12,13,14]},{"gk":33,"d":[36,37,38,39,40,41]},{"gk":34,"d":[1,2,3,4,5,6]},{"gk":35,"d":[2,3,4,5,6,7]}],"yingliao":[{"t":"1001","n":"红粉佳人","u":"1","w":"1","d":"1","ct":"1","id":1},{"t":"1002","n":"蓝色妖姬","u":"1","w":"1","d":"1","ct":"1","id":2},{"t":"1003","n":"长岛冰茶","u":"1","w":"1","d":"1","ct":"1","id":3},{"t":"1008","n":"含羞草","u":"2","w":"2","d":"0","ct":"1","id":4},{"t":"1005","n":"紫罗兰之心","u":"2","w":"4","d":"0","ct":"1","id":5},{"t":"1006","n":"告白气球","u":"2","w":"5","d":"0","ct":"1","id":6},{"t":"1007","n":"神秘深海","u":"3","w":"2","d":"0","ct":"1","id":7},{"t":"1004","n":"绿野仙踪","u":"3","w":"4","d":"0","ct":"1","id":8},{"t":"1009","n":"一见钟情","u":"3","w":"5","d":"0","ct":"1","id":9},{"t":"1013","n":"白月光","u":"4","w":"2","d":"0","ct":"1","id":10},{"t":"1014","n":"金色飞贼","u":"4","w":"4","d":"0","ct":"1","id":11},{"t":"1012","n":"环游世界","u":"4","w":"5","d":"0","ct":"1","id":12},{"t":"1083","n":"如果云知道","u":"5","w":"2","d":"0","ct":"1","id":13},{"t":"1042","n":"抹茶蛋糕","u":"5","w":"4","d":"0","ct":"2","id":14},{"t":"1021","n":"水泥封心","u":"5","w":"5","d":"0","ct":"1","id":15},{"t":"1085","n":"火树银花","u":"6","w":"2","d":"0","ct":"1","id":16},{"t":"1016","n":"拥吻","u":"6","w":"4","d":"0","ct":"1","id":17},{"t":"1018","n":"原谅","u":"6","w":"5","d":"0","ct":"1","id":18},{"t":"1019","n":"白兰地酸","u":"7","w":"2","d":"0","ct":"1","id":19},{"t":"1020","n":"莓有烦恼","u":"7","w":"4","d":"0","ct":"1","id":20},{"t":"1011","n":"迈阿密沙滩","u":"7","w":"5","d":"0","ct":"1","id":21},{"t":"1024","n":"绝对日落","u":"8","w":"2","d":"0","ct":"1","id":22},{"t":"1082","n":"茄总","u":"8","w":"4","d":"0","ct":"1","id":23},{"t":"1022","n":"海洋之心","u":"8","w":"5","d":"0","ct":"1","id":24},{"t":"1025","n":"柠檬树下","u":"9","w":"2","d":"0","ct":"1","id":25},{"t":"1041","n":"甜蜜暴击","u":"9","w":"4","d":"0","ct":"2","id":26},{"t":"1017","n":"富士山下","u":"9","w":"5","d":"0","ct":"1","id":27},{"t":"1027","n":"玛格丽特","u":"10","w":"2","d":"0","ct":"1","id":28},{"t":"1026","n":"樱花之恋","u":"10","w":"4","d":"0","ct":"1","id":29},{"t":"1010","n":"蓝色夏威夷","u":"10","w":"5","d":"0","ct":"1","id":30},{"t":"1028","n":"教父","u":"11","w":"2","d":"0","ct":"1","id":31},{"t":"1029","n":"海上明月","u":"11","w":"4","d":"0","ct":"1","id":32},{"t":"1030","n":"小红帽","u":"11","w":"5","d":"0","ct":"1","id":33},{"t":"1060","n":"缤纷圣代","u":"12","w":"2","d":"0","ct":"2","id":34},{"t":"1063","n":"夏日狂欢","u":"12","w":"4","d":"0","ct":"2","id":35},{"t":"1034","n":"你好毒","u":"12","w":"5","d":"0","ct":"1","id":36},{"t":"1094","n":"飞天茅台","u":"13","w":"2","d":"0","ct":"1","id":37},{"t":"1095","n":"红红火火","u":"13","w":"4","d":"0","ct":"1","id":38},{"t":"1096","n":"新年快乐","u":"13","w":"5","d":"0","ct":"1","id":39},{"t":"1102","n":"海上明月","u":"14","w":"2","d":"0","ct":"1","id":40},{"t":"1043","n":"芒果牛奶","u":"14","w":"4","d":"0","ct":"3","id":41},{"t":"1072","n":"怕上火","u":"14","w":"5","d":"0","ct":"3","id":42},{"t":"1106","n":"茉莉奶白","u":"15","w":"2","d":"0","ct":"1","id":43},{"t":"1037","n":"草莓绵绵冰","u":"15","w":"5","d":"0","ct":"2","id":44},{"t":"1097","n":"七里香","u":"16","w":"2","d":"0","ct":"1","id":45},{"t":"1045","n":"奇异果博士","u":"16","w":"4","d":"0","ct":"3","id":46},{"t":"1067","n":"芒果慕斯","u":"16","w":"5","d":"0","ct":"2","id":47},{"t":"1101","n":"青玉案","u":"17","w":"2","d":"0","ct":"1","id":48},{"t":"1039","n":"浓情可可","u":"17","w":"5","d":"0","ct":"2","id":49},{"t":"1105","n":"桃花坞","u":"18","w":"2","d":"0","ct":"1","id":50},{"t":"1070","n":"矿泉水","u":"18","w":"4","d":"0","ct":"3","id":51},{"t":"1049","n":"芒果芭菲","u":"18","w":"5","d":"0","ct":"2","id":52},{"t":"1098","n":"糯糯青山","u":"19","w":"2","d":"0","ct":"1","id":53},{"t":"1071","n":"哇哈哈","u":"19","w":"5","d":"0","ct":"3","id":54},{"t":"1084","n":"玫瑰窃贼","u":"20","w":"2","d":"0","ct":"1","id":55},{"t":"1068","n":"芋泥慕斯","u":"20","w":"4","d":"0","ct":"2","id":56},{"t":"1081","n":"情意绵绵冰","u":"20","w":"5","d":"0","ct":"2","id":57},{"t":"1104","n":"扶摇上","u":"21","w":"2","d":"0","ct":"1","id":58},{"t":"1055","n":"海盐芝士","u":"21","w":"5","d":"0","ct":"2","id":59},{"t":"1099","n":"绛紫","u":"22","w":"2","d":"0","ct":"1","id":60},{"t":"1040","n":"黑白森林","u":"22","w":"4","d":"0","ct":"2","id":61},{"t":"1056","n":"草莓圣代","u":"22","w":"5","d":"0","ct":"2","id":62},{"t":"1103","n":"琥珀光","u":"23","w":"2","d":"0","ct":"1","id":63},{"t":"1050","n":"樱桃恋歌","u":"23","w":"5","d":"0","ct":"2","id":64},{"t":"1100","n":"甜心物语","u":"24","w":"2","d":"0","ct":"1","id":65},{"t":"1054","n":"榛香巧乐兹","u":"24","w":"4","d":"0","ct":"2","id":66},{"t":"1079","n":"茶冻冰沙","u":"24","w":"5","d":"0","ct":"2","id":67},{"t":"1087","n":"雪顶圣诞","u":"25","w":"2","d":"0","ct":"1","id":68},{"t":"1062","n":"雪国情书","u":"25","w":"5","d":"0","ct":"2","id":69},{"t":"1033","n":"自由古巴","u":"26","w":"2","d":"0","ct":"1","id":70},{"t":"1092","n":"葡萄柚气泡水","u":"26","w":"4","d":"0","ct":"3","id":71},{"t":"1051","n":"抹茶巧克力","u":"26","w":"5","d":"0","ct":"2","id":72},{"t":"1090","n":"游泳汉堡","u":"27","w":"2","d":"0","ct":"1","id":73},{"t":"1093","n":"橙子气泡水","u":"27","w":"5","d":"0","ct":"3","id":74},{"t":"1036","n":"招财进宝","u":"28","w":"2","d":"0","ct":"1","id":75},{"t":"1091","n":"番石榴气泡水","u":"28","w":"4","d":"0","ct":"3","id":76},{"t":"1064","n":"丝滑生巧","u":"28","w":"5","d":"0","ct":"2","id":77},{"t":"1031","n":"占有欲","u":"29","w":"2","d":"0","ct":"1","id":78},{"t":"1073","n":"青苹果乐园","u":"29","w":"5","d":"0","ct":"2","id":79},{"t":"1032","n":"绿箭","u":"30","w":"2","d":"0","ct":"1","id":80},{"t":"1076","n":"百香鲜橙","u":"30","w":"4","d":"0","ct":"2","id":81},{"t":"1065","n":"香芋甜橙盏","u":"30","w":"5","d":"0","ct":"2","id":82},{"t":"1086","n":"圣诞烛光","u":"31","w":"2","d":"0","ct":"1","id":83},{"t":"1080","n":"暴风雪","u":"31","w":"5","d":"0","ct":"2","id":84},{"t":"1023","n":"甜蜜蜜","u":"32","w":"2","d":"0","ct":"1","id":85},{"t":"1044","n":"西瓜啵啵","u":"32","w":"4","d":"0","ct":"3","id":86},{"t":"1059","n":"奥利奥圣代","u":"32","w":"5","d":"0","ct":"2","id":87},{"t":"1088","n":"小金鱼汽泡","u":"33","w":"2","d":"0","ct":"1","id":88},{"t":"1053","n":"金色时光","u":"33","w":"5","d":"0","ct":"2","id":89},{"t":"1015","n":"落日余晖","u":"34","w":"2","d":"0","ct":"1","id":90},{"t":"1078","n":"生巧牛奶冰","u":"34","w":"4","d":"0","ct":"2","id":91},{"t":"1058","n":"芋泥雪球","u":"34","w":"5","d":"0","ct":"2","id":92},{"t":"1035","n":"岛屿心情","u":"35","w":"2","d":"0","ct":"1","id":93},{"t":"1077","n":"甜蜜恋人","u":"35","w":"5","d":"0","ct":"2","id":94},{"t":"1089","n":"夏雨荷","u":"36","w":"2","d":"0","ct":"1","id":95},{"t":"1069","n":"冰山熔岩","u":"36","w":"4","d":"0","ct":"2","id":96},{"t":"1052","n":"夏夜莓莓","u":"36","w":"5","d":"0","ct":"2","id":97},{"t":"1075","n":"蓝玉生烟","u":"37","w":"2","d":"0","ct":"2","id":98},{"t":"1038","n":"香橙雪球","u":"38","w":"2","d":"0","ct":"2","id":99},{"t":"1061","n":"多肉百香果","u":"38","w":"4","d":"0","ct":"2","id":100},{"t":"1074","n":"冰雪之歌","u":"39","w":"2","d":"0","ct":"2","id":101},{"t":"1066","n":"狂欢节","u":"40","w":"2","d":"0","ct":"2","id":102},{"t":"1057","n":"哈密瓜甜筒","u":"40","w":"4","d":"0","ct":"2","id":103}],"yinyue":[{"t":1,"n":"酒吧微醺"},{"t":2,"n":"浪漫鸡尾酒"},{"t":3,"n":"激情时刻"},{"t":4,"n":"电子朋克"},{"t":5,"n":"梦幻悠闲"},{"t":6,"n":"柔顺爵士"},{"t":7,"n":"低语律动"},{"t":8,"n":"欢乐之夜"},{"t":9,"n":"孤独的萨克斯"},{"t":10,"n":"时尚都会"},{"t":11,"n":"萌宠欢快"},{"t":12,"n":"朋克摇滚"},{"t":13,"n":"快乐阳光"},{"t":14,"n":"电音摇滚"},{"t":15,"n":"灯光夜曲"},{"t":16,"n":"轻松惬意"},{"t":17,"n":"时尚电音"},{"t":18,"n":"流行音1"},{"t":19,"n":"郊外之曲"},{"t":20,"n":"炽热电摇"},{"t":21,"n":"电子赛博"},{"t":22,"n":"动感潮流"},{"t":23,"n":"欢快爵士"},{"t":24,"n":"柔顺爵士"},{"t":25,"n":"复古传统"},{"t":26,"n":"自由派对"},{"t":27,"n":"唯美之音"},{"t":28,"n":"低语舒缓"},{"t":29,"n":"钢琴风情"},{"t":30,"n":"都市脉搏"},{"t":31,"n":"午夜酒吧"},{"t":32,"n":"Bbox打碟"},{"t":33,"n":"怀旧情曲"},{"t":34,"n":"幽灵午夜"},{"t":35,"n":"浪漫餐厅"},{"t":36,"n":"钢琴低音"},{"t":37,"n":"美食之歌"},{"t":38,"n":"放松之日"},{"t":39,"n":"氛围酒吧"},{"t":40,"n":"心跳节拍"},{"t":41,"n":"轻快迷曲"},{"t":42,"n":"夜间爵士"},{"t":43,"n":"钢琴放松"},{"t":44,"n":"魅力优雅"},{"t":45,"n":"童话悠闲"},{"t":46,"n":"电音魔曲"},{"t":47,"n":"迷幻蒸汽"},{"t":48,"n":"蓝调酒吧"},{"t":49,"n":"热闹小提琴"},{"t":50,"n":"夜色微醺"}],"gkbasic":[{"gk":1,"u":30,"jm":20,"sm":60,"em":1000,"box":"0|0|0|0|0|0|0|0|0|0|0|0|0|0|0|0|0|0|0|0|0|0|0|0"},{"gk":2,"u":50,"jm":30,"sm":90,"em":6600,"box":"0|0|0|0|0|-4|-4|0|0|0|0|0|0|0|0|0|0|0|0|0|-1|0|0|-1"},{"gk":3,"u":100,"jm":40,"sm":120,"em":10000,"box":"-4|0|0|0|0|-3|0|0|0|0|-4|0|0|0|0|-3|0|0|0|0|-1|0|0|-1"},{"gk":4,"u":150,"jm":50,"sm":150,"em":15000,"box":"200|200|200|200|-2|0|0|-2|-2|0|0|-2|0|0|0|0|-4|-1|-1|-4|0|0|0|0"},{"gk":5,"u":200,"jm":55,"sm":165,"em":19250,"box":"200|200|200|200|0|0|0|0|0|0|0|0|-4|0|0|-3|-3|0|0|-4|0|-1|-1|0"},{"gk":6,"u":250,"jm":60,"sm":180,"em":21000,"box":"0|0|0|0|-4|0|0|-4|-3|0|0|-3|0|0|0|0|-1|0|0|-1|200|200|200|200"},{"gk":7,"u":300,"jm":65,"sm":195,"em":22000,"box":"0|0|0|0|0|0|0|0|-1|0|0|-1|0|0|0|0|-3|-4|-4|-3|200|300|300|200"},{"gk":8,"u":350,"jm":70,"sm":210,"em":23000,"box":"-3|-3|-3|0|0|0|0|0|-1|0|0|-1|0|0|0|0|0|-4|-4|-4|200|300|300|200"},{"gk":9,"u":400,"jm":75,"sm":225,"em":24000,"box":"300|300|300|300|-3|0|0|-3|-1|0|0|-1|-3|0|0|-3|-3|0|0|-3|-3|0|0|-3"},{"gk":10,"u":400,"jm":80,"sm":240,"em":25000,"box":"300|300|300|300|0|0|0|0|-1|0|0|-1|0|0|0|0|-4|0|0|-4|-4|0|0|-4"},{"gk":11,"u":450,"jm":85,"sm":255,"em":26000,"box":"-1|0|0|-1|0|0|0|0|0|0|0|0|-3|-4|-4|-3|0|0|0|0|300|300|300|300"},{"gk":12,"u":450,"jm":90,"sm":270,"em":28000,"box":"400|400|400|400|-1|0|0|-1|0|-3|-3|0|0|-4|-4|0|0|0|0|0|0|0|0|0"},{"gk":13,"u":500,"jm":95,"sm":285,"em":30000,"box":"-1|0|0|-1|-3|0|0|0|0|-3|0|0|0|0|-4|0|0|0|0|-4|400|400|400|400"},{"gk":14,"u":500,"jm":100,"sm":300,"em":32000,"box":"400|400|400|400|-2|0|0|-2|-2|0|0|-2|0|0|0|0|-4|-1|-1|-4|0|0|0|0"},{"gk":15,"u":550,"jm":105,"sm":315,"em":34000,"box":"400|400|400|400|0|0|0|0|0|0|0|0|-4|0|0|-3|-3|0|0|-4|0|-1|-1|0"},{"gk":16,"u":550,"jm":110,"sm":330,"em":35000,"box":"0|0|0|0|-4|0|0|-4|-3|0|0|-3|0|0|0|0|-1|0|0|-1|500|500|500|500"},{"gk":17,"u":600,"jm":115,"sm":345,"em":35000,"box":"-3|0|0|-3|0|0|0|0|-1|0|0|-1|0|0|0|0|-3|-4|-4|-3|500|500|500|500"},{"gk":18,"u":600,"jm":120,"sm":360,"em":38000,"box":"0|-3|-3|0|0|0|0|0|-1|0|0|-1|-3|0|0|-3|0|-4|-4|0|500|500|500|500"},{"gk":19,"u":650,"jm":125,"sm":375,"em":40000,"box":"500|500|500|500|-3|0|0|-3|-1|0|0|-1|-3|0|0|-3|-3|0|0|-3|-3|0|0|-3"},{"gk":20,"u":650,"jm":130,"sm":390,"em":42000,"box":"500|600|600|500|0|0|0|0|-1|0|0|-1|0|0|0|0|-4|0|0|-4|-4|0|0|-4"},{"gk":21,"u":700,"jm":135,"sm":405,"em":43000,"box":"-1|0|0|-1|0|0|0|0|0|0|0|0|-3|-4|-4|-3|0|0|0|0|500|600|600|500"},{"gk":22,"u":700,"jm":140,"sm":420,"em":45000,"box":"500|600|600|500|-1|0|0|-1|0|-3|-3|0|0|-4|-4|0|0|0|0|0|0|0|0|0"},{"gk":23,"u":750,"jm":145,"sm":435,"em":46000,"box":"-1|0|0|-1|-3|0|0|0|0|-3|0|0|0|0|-4|0|0|0|0|-4|600|600|600|600"},{"gk":24,"u":750,"jm":150,"sm":450,"em":47000,"box":"600|700|700|600|-2|0|0|-2|-2|0|0|-2|0|0|0|0|-4|-1|-1|-4|0|0|0|0"},{"gk":25,"u":800,"jm":155,"sm":465,"em":48000,"box":"600|700|700|600|0|0|0|0|0|0|0|0|-4|0|0|-3|-3|0|0|-4|0|-1|-1|0"},{"gk":26,"u":800,"jm":160,"sm":480,"em":49000,"box":"0|0|0|0|-4|0|0|-4|-3|0|0|-3|0|0|0|0|-1|0|0|-1|600|700|700|600"},{"gk":27,"u":850,"jm":165,"sm":495,"em":51000,"box":"0|0|0|0|0|0|0|0|-1|0|0|-1|0|0|0|0|-3|-4|-4|-3|700|700|700|700"},{"gk":28,"u":850,"jm":170,"sm":510,"em":52000,"box":"-3|-3|-3|0|0|0|0|0|-1|0|0|-1|0|0|0|0|0|-4|-4|-4|700|700|700|700"},{"gk":29,"u":900,"jm":175,"sm":525,"em":53000,"box":"800|800|800|800|-3|0|0|-3|-1|-3|-3|-1|-3|0|0|-3|-3|0|0|-3|-3|0|0|-3"},{"gk":30,"u":900,"jm":180,"sm":540,"em":54000,"box":"800|800|800|800|0|0|0|0|-1|-3|-3|-1|0|0|0|0|-4|0|0|-4|-4|0|0|-4"},{"gk":31,"u":950,"jm":185,"sm":555,"em":55000,"box":"-1|0|0|-1|0|0|0|0|0|0|0|0|-3|-4|-4|-3|0|0|0|0|800|800|800|800"},{"gk":32,"u":950,"jm":190,"sm":570,"em":57000,"box":"800|800|800|800|-1|0|0|-1|0|-3|-3|0|0|-4|-4|0|0|0|0|0|0|0|0|0"},{"gk":33,"u":1000,"jm":195,"sm":585,"em":58000,"box":"-1|0|0|-1|-3|0|0|0|0|-3|0|0|0|0|-4|0|0|0|0|-4|900|900|900|900"},{"gk":34,"u":1000,"jm":200,"sm":600,"em":60000,"box":"900|900|900|900|-2|0|0|-2|-2|0|0|-2|0|0|0|0|-4|-1|-1|-4|0|0|0|0"},{"gk":35,"u":1050,"jm":205,"sm":615,"em":60000,"box":"900|900|900|900|0|0|0|0|0|0|0|0|-4|0|0|-3|-3|0|0|-4|0|-1|-1|0"},{"gk":36,"u":1050,"jm":210,"sm":630,"em":60000,"box":"0|0|0|0|-4|0|0|-4|-3|0|0|-3|0|0|0|0|-1|0|0|-1|900|900|900|900"},{"gk":37,"u":1100,"jm":215,"sm":645,"em":60000,"box":"-3|0|0|-3|0|0|0|0|-1|0|0|-1|0|0|0|0|-3|-4|-4|-3|900|900|900|900"},{"gk":38,"u":1100,"jm":220,"sm":660,"em":60000,"box":"0|-3|-3|0|0|0|0|0|-1|0|0|-1|-3|0|0|-3|0|-4|-4|0|1000|1000|1000|1000"},{"gk":39,"u":1150,"jm":225,"sm":675,"em":60000,"box":"1000|1000|1000|1000|-3|0|0|-3|-1|0|0|-1|-3|0|0|-3|-3|0|0|-3|-3|0|0|-3"},{"gk":40,"u":1150,"jm":230,"sm":690,"em":60000,"box":"1000|1000|1000|1000|0|0|0|0|-1|0|0|-1|0|0|0|0|-4|0|0|-4|-4|0|0|-4"}],"tiaozhan_basic":[{"t":"1","box":"-1|0|0|-1|0|0|0|0|0|0|0|0|-2|-3|-3|-2|0|-1|-1|0|0|0|0|0"},{"t":"2","box":"0|0|0|0|-2|-1|-1|-2|0|0|0|0|0|0|0|0|0|0|0|0|-1|-3|-3|-1"},{"t":"3","box":"-1|0|0|-1|0|-2|-2|0|0|-3|-3|0|0|0|0|0|0|0|0|0|-1|0|0|-1"},{"t":"4","box":"-2|-3|-3|-2|0|0|0|0|-1|0|0|-1|0|0|0|0|0|-1|-1|0|0|0|0|0"},{"t":"5","box":"0|0|0|0|0|-1|-1|0|0|0|0|0|-1|0|0|-1|0|0|0|0|-3|-2|-2|-3"},{"t":"6","box":"0|0|0|-2|-1|0|-2|-1|0|-3|0|0|-3|0|0|0|0|0|0|0|0|-1|-1|0"},{"t":"7","box":"0|-1|-1|0|0|0|0|0|-2|0|0|-2|0|-3|-3|0|-1|0|0|-1|0|0|0|0"},{"t":"8","box":"0|0|0|0|0|-1|-1|0|0|-2|-2|0|0|0|0|0|-2|-1|-1|-2|0|0|0|0"},{"t":"9","box":"-1|0|0|-1|-2|0|0|0|0|-3|0|0|-1|0|-3|-1|0|0|0|-2|0|0|0|0"},{"t":"10","box":"-2|0|0|-2|0|0|0|0|-1|0|0|-1|-3|0|0|-3|0|0|0|0|-1|0|0|-1"},{"t":"11","box":"0|0|0|0|-2|-1|-1|-2|0|0|0|0|0|0|0|0|0|0|0|0|-1|-3|-3|-1"},{"t":"12","box":"-1|0|0|-1|0|-2|-2|0|0|-3|-3|0|0|0|0|0|0|0|0|0|-1|0|0|-1"},{"t":"13","box":"-2|-3|-3|-2|0|0|0|0|-1|0|0|-1|0|0|0|0|0|-1|-1|0|0|0|0|0"},{"t":"14","box":"0|0|0|0|0|-1|-1|0|0|0|0|0|-1|0|0|-1|0|0|0|0|-3|-2|-2|-3"},{"t":"15","box":"0|0|0|-2|-1|0|-2|-1|0|-3|0|0|-3|0|0|0|0|0|0|0|0|-1|-1|0"},{"t":"16","box":"0|-1|-1|0|0|0|0|0|-2|0|0|-2|0|-3|-3|0|-1|0|0|-1|0|0|0|0"},{"t":"17","box":"0|0|0|0|0|-1|-1|0|0|-2|-2|0|0|0|0|0|-2|-1|-1|-2|0|0|0|0"},{"t":"18","box":"-1|0|0|-1|-2|0|0|0|0|-3|0|0|-1|0|-3|-1|0|0|0|-2|0|0|0|0"},{"t":"19","box":"-2|0|0|-2|0|0|0|0|-1|0|0|-1|-3|0|0|-3|0|0|0|0|-1|0|0|-1"},{"t":"20","box":"-1|0|0|-1|0|0|0|0|0|0|0|0|-2|-3|-3|-2|0|-1|-1|0|0|0|0|0"},{"t":"21","box":"-1|0|0|-1|0|-2|-2|0|0|-3|-3|0|0|0|0|0|0|0|0|0|-1|0|0|-1"},{"t":"22","box":"-2|-3|-3|-2|0|0|0|0|-1|0|0|-1|0|0|0|0|0|-1|-1|0|0|0|0|0"},{"t":"23","box":"0|0|0|0|0|-1|-1|0|0|0|0|0|-1|0|0|-1|0|0|0|0|-3|-2|-2|-3"},{"t":"24","box":"0|0|0|-2|-1|0|-2|-1|0|-3|0|0|-3|0|0|0|0|0|0|0|0|-1|-1|0"},{"t":"25","box":"0|-1|-1|0|0|0|0|0|-2|0|0|-2|0|-3|-3|0|-1|0|0|-1|0|0|0|0"}],"lv_wave":[{"gk":1,"wa":[[1,1,3,1],[2,2,3,1],[3,2,3,1]]},{"gk":2,"wa":[[1,3,3,1],[2,4,4,1],[3,5,4,1],[4,5,5,1],[5,5,6,1]]},{"gk":3,"wa":[[1,3,3,1],[2,4,4,1],[3,5,4,1],[4,6,5,1],[5,4,6,1],[6,3,6,1]]},{"gk":4,"wa":[[1,4,3,1],[2,5,4,1],[3,6,4,1],[4,7,5,1],[5,5,6,1],[6,3,6,1]]},{"gk":5,"wa":[[1,4,3,1],[2,5,4,1],[3,6,4,2],[4,7,5,2],[5,5,6,2],[6,3,6,2]]},{"gk":6,"wa":[[1,3,3,1],[2,4,4,1],[3,5,4,1],[4,5,5,1],[5,3,6,1],[6,2,6,1]]},{"gk":7,"wa":[[1,3,3,1],[2,4,4,1],[3,5,4,1],[4,6,5,1],[5,4,6,1],[6,3,6,1]]},{"gk":8,"wa":[[1,3,3,1],[2,4,4,1],[3,5,4,1],[4,6,5,1],[5,4,6,1],[6,3,6,1]]},{"gk":9,"wa":[[1,4,3,1],[2,5,4,1],[3,6,4,1],[4,7,5,1],[5,5,6,1],[6,3,6,1]]},{"gk":10,"wa":[[1,4,3,1],[2,5,4,1],[3,6,4,2],[4,7,5,2],[5,5,6,2],[6,3,6,2]]},{"gk":11,"wa":[[1,3,3,1],[2,4,4,1],[3,5,4,1],[4,6,5,1],[5,4,6,1],[6,3,6,1]]},{"gk":12,"wa":[[1,4,3,1],[2,5,4,1],[3,6,4,2],[4,7,5,2],[5,5,6,2],[6,3,6,2]]},{"gk":13,"wa":[[1,3,3,1],[2,4,4,1],[3,5,4,2],[4,5,5,2],[5,3,6,2],[6,2,6,2]]},{"gk":14,"wa":[[1,3,3,1],[2,4,4,1],[3,5,4,1],[4,6,5,1],[5,4,6,1],[6,3,6,1]]},{"gk":15,"wa":[[1,4,3,1],[2,5,4,1],[3,6,4,1],[4,7,5,1],[5,5,6,1],[6,3,6,1]]},{"gk":16,"wa":[[1,4,3,1],[2,5,4,1],[3,6,4,1],[4,7,5,1],[5,5,6,1],[6,3,6,1]]},{"gk":17,"wa":[[1,3,3,1],[2,4,4,1],[3,5,4,1],[4,6,5,1],[5,4,6,1],[6,3,6,1]]},{"gk":18,"wa":[[1,3,3,1],[2,4,4,1],[3,5,4,1],[4,6,5,1],[5,4,6,1],[6,3,6,1]]},{"gk":19,"wa":[[1,3,3,1],[2,4,4,1],[3,5,4,1],[4,6,5,1],[5,4,6,1],[6,3,6,1]]},{"gk":20,"wa":[[1,4,3,1],[2,5,4,1],[3,6,4,1],[4,7,5,1],[5,5,6,1],[6,3,6,1]]},{"gk":21,"wa":[[1,3,3,1],[2,4,4,1],[3,5,4,1],[4,6,5,1],[5,4,6,1],[6,3,6,1]]},{"gk":22,"wa":[[1,3,3,1],[2,4,4,1],[3,5,4,1],[4,6,5,1],[5,4,6,1],[6,3,6,1]]},{"gk":23,"wa":[[1,4,3,1],[2,5,4,1],[3,6,4,2],[4,7,5,2],[5,5,6,2],[6,3,6,2]]},{"gk":24,"wa":[[1,3,3,1],[2,4,4,1],[3,5,4,1],[4,6,5,1],[5,4,6,1],[6,3,6,1]]},{"gk":25,"wa":[[1,3,3,1],[2,4,4,1],[3,5,4,1],[4,6,5,1],[5,4,6,1],[6,3,6,1]]},{"gk":26,"wa":[[1,4,3,1],[2,5,4,1],[3,6,4,1],[4,7,5,1],[5,5,6,1],[6,3,6,1]]},{"gk":27,"wa":[[1,4,3,1],[2,5,4,1],[3,6,4,2],[4,7,5,2],[5,5,6,2],[6,3,6,2]]},{"gk":28,"wa":[[1,4,3,1],[2,5,4,1],[3,6,4,2],[4,7,5,2],[5,5,6,2],[6,3,6,2]]},{"gk":29,"wa":[[1,4,3,1],[2,5,4,1],[3,6,4,2],[4,7,5,2],[5,5,6,2],[6,3,6,2]]},{"gk":30,"wa":[[1,4,3,1],[2,5,4,1],[3,6,4,2],[4,7,5,2],[5,5,6,2],[6,3,6,2]]},{"gk":31,"wa":[[1,4,3,1],[2,5,4,1],[3,6,4,1],[4,7,5,1],[5,5,6,1],[6,3,6,1]]},{"gk":32,"wa":[[1,4,3,1],[2,5,4,1],[3,6,4,1],[4,7,5,1],[5,5,6,1],[6,3,6,1]]},{"gk":33,"wa":[[1,4,3,1],[2,5,4,1],[3,6,4,2],[4,7,5,2],[5,5,6,2],[6,3,6,2]]},{"gk":34,"wa":[[1,4,3,1],[2,5,4,1],[3,6,4,1],[4,7,5,1],[5,5,6,1],[6,3,6,1]]},{"gk":35,"wa":[[1,4,3,1],[2,5,4,1],[3,6,4,1],[4,7,5,1],[5,5,6,1],[6,3,6,1]]},{"gk":36,"wa":[[1,4,3,1],[2,5,4,1],[3,6,4,1],[4,7,5,1],[5,5,6,1],[6,3,6,1]]},{"gk":37,"wa":[[1,4,3,1],[2,5,4,1],[3,6,4,2],[4,7,5,2],[5,5,6,2],[6,3,6,2]]},{"gk":38,"wa":[[1,4,3,1],[2,5,4,1],[3,6,4,2],[4,7,5,2],[5,5,6,2],[6,3,6,2]]},{"gk":39,"wa":[[1,4,3,1],[2,5,4,1],[3,6,4,2],[4,7,5,2],[5,5,6,2],[6,3,6,2]]},{"gk":40,"wa":[[1,4,3,1],[2,5,4,1],[3,6,4,2],[4,7,5,2],[5,5,6,2],[6,3,6,2]]}],"zhuangxiu":[{"t":1,"n":"新人酒吧","c":12},{"t":2,"n":"精彩包间","c":15},{"t":3,"n":"幸福家园","c":16},{"t":4,"n":"美丽时代","c":16},{"t":5,"n":"外滩小店","c":16}],"tiaozhan_guaishou_id_list":[{"t":1,"i":[1,103,101,2,102,6]},{"t":2,"i":[6,103,102,2,104,11]}],"gk_guaishou_id_list":[{"gk":1,"i":[1,103,101,102,2]},{"gk":2,"i":[2,103,101,102,1]},{"gk":3,"i":[2,101,102,6,5]},{"gk":4,"i":[6,103,102,2,104]},{"gk":5,"i":[4,103,105,6,2]},{"gk":6,"i":[6,101,103,8,108]},{"gk":7,"i":[2,101,102,11,110]},{"gk":8,"i":[11,101,106,2,103]},{"gk":9,"i":[6,101,102,1,103]},{"gk":10,"i":[1,11,103,6,101]}],"guaishou_id_info":[{"i":1,"p":"preab/wuping/jc_1","a_1":"aim","a_2":"run","a_3":"victory1","n":"初级棍兵"},{"i":2,"p":"preab/wuping/jc_2","a_1":"aim","a_2":"run","a_3":"victory1","n":"短枪小兵"},{"i":4,"p":"preab/wuping/jc_4","a_1":"aim","a_2":"run","a_3":"victory1","n":"肉盾小兵"},{"i":5,"p":"preab/wuping/jc_5","a_1":"aim","a_2":"run","a_3":"victory1","n":"狙击手"},{"i":6,"p":"preab/wuping/jc_6","a_1":"aim","a_2":"run","a_3":"victory1","n":"铁锤小兵"},{"i":8,"p":"preab/wuping/jc_8","a_1":"aim","a_2":"run","a_3":"victory1","n":"机关枪兵"},{"i":11,"p":"preab/wuping/jc_11","a_1":"aim","a_2":"run","a_3":"victory1","n":"小枪兵"},{"i":101,"p":"preab/wuping/js_1","a_1":"idle","a_2":"walk","a_3":"skate","n":"普通怪兽"},{"i":102,"p":"preab/wuping/js_2","a_1":"idle","a_2":"walk","a_3":"skate","n":"手枪怪兽"},{"i":103,"p":"preab/wuping/js_3","a_1":"idle","a_2":"walk","a_3":"skate","n":"气球怪兽"},{"i":104,"p":"preab/wuping/js_4","a_1":"idle","a_2":"walk","a_3":"attack throw","n":"大妈怪兽"},{"i":105,"p":"preab/wuping/js_5","a_1":"idle","a_2":"walk","a_3":"attack bowl","n":"保龄球怪兽"},{"i":106,"p":"preab/wuping/js_6","a_1":"idle","a_2":"walk","a_3":"attack throw","n":"大怪兽"},{"i":108,"p":"preab/wuping/js_8","a_1":"idle","a_2":"walk","a_3":"skate","n":"机关枪怪兽"},{"i":110,"p":"preab/wuping/js_10","a_1":"idle","a_2":"walk","a_3":"skate","n":"下水怪兽"}]}]],0,0,[],[],[]],[[[0,"game_yd_info",{"ydsteps":{"yd_game_1":[{"action":11,"delaypop":0.1,"showtip":"一个开始聊天","pid":108,"top_pos_index":2,"msginfo":[{"i":1,"m":"第一次见你，新来的？","t1":"是的，想喝点什么？","n1":2,"t2":"0","n2":0,"bend":0},{"i":2,"m":"有什么拿手的，来一杯","t1":"招牌特调","n1":3,"t2":"0","n2":0,"bend":0},{"i":3,"m":"行，听你的","t1":"0","n1":0,"t2":"0","n2":0,"bend":1},{"i":4,"m":"长岛冰茶醉人醉心，就这个","t1":"0","n1":0,"t2":"0","n2":0,"bend":1}]},{"action":12,"delaypop":0.1,"showtip":"生成一个初始化的酒杯"},{"action":99,"delaypop":0.5,"showtip":"等待"},{"action":13,"delaypop":1.5,"showtip":"生成一个引导手"},{"action":14,"delaypop":1.5,"showtip":"引导继续放置两个"},{"action":15,"delaypop":0.1,"showtip":"清空"},{"action":99,"delaypop":2,"showtip":"等待"},{"action":11,"delaypop":0.1,"showtip":"一个开始聊天","pid":108,"top_pos_index":2,"msginfo":[{"i":1,"m":"味道不错，我很喜欢","t1":"你喜欢就好","n1":2,"t2":"0","n2":0,"bend":0},{"i":2,"m":"不错，以后这家店就交给你了","t1":"天降大饼，白捡一店？！","n1":3,"t2":"0","n2":0,"bend":0},{"i":3,"m":"当然，我很看好你。下次见","t1":"0","n1":0,"t2":"0","n2":0,"bend":1}]},{"action":18,"delaypop":0.1,"showtip":"全新开始,切换饮料和guest"},{"action":101,"delaypop":0.1,"showtip":" 结束了引导标记"}],"paixu_gmae_1":[{"action":1,"delaypop":0.01,"showtip":"将相同的士兵怪兽排序，开始我们的训练吧"},{"action":99,"delaypop":0.5,"showtip":"等待"},{"action":13,"delaypop":1.5,"acm":1,"showtip":"点击左边蓝"},{"action":14,"delaypop":1.5,"showtip":"点击右边蓝"},{"action":99,"delaypop":0.5,"showtip":"等待"},{"action":1,"delaypop":0.01,"showtip":"点击要移动到的位置，移动过去排序"},{"action":13,"delaypop":1.5,"acm":2,"showtip":"点击右边蓝"},{"action":16,"delaypop":1.5,"showtip":"点击右边蓝"},{"action":101,"delaypop":0.1,"showtip":" 结束了引导标记"}],"guaishou_yd_game_1":[{"action":1,"delaypop":0.01,"showtip":"将相同的士兵怪兽集合起来，开始我们的训练吧"},{"action":12,"delaypop":0.1,"showtip":"生成一个初始化的酒杯"},{"action":99,"delaypop":0.5,"showtip":"等待"},{"action":13,"delaypop":1.5,"showtip":"生成一个引导手"},{"action":14,"delaypop":1.5,"showtip":"引导继续放置两个"},{"action":15,"delaypop":0.1,"showtip":"清空"},{"action":99,"delaypop":2,"showtip":"等待"},{"action":18,"delaypop":0.1,"showtip":"全新开始,切换饮料和guest"},{"action":1,"delaypop":0.01,"showtip":"做的不错,继续训练其他的士兵吧"},{"action":101,"delaypop":0.1,"showtip":" 结束了引导标记"}],"dating_yd_start":[{"action":99,"delaypop":0.5,"showtip":"等待"},{"action":1,"delaypop":0.1,"showtip":"有闺蜜可以解锁啦，快去看看吧"},{"action":99,"delaypop":0.5,"showtip":"等待"},{"action":4,"acm":1,"delaypop":0.5,"showtip":"等待"},{"action":21,"delaypop":0.5,"showtip":"打开闺蜜团对话框","popdlgactionlist":[{"action":99,"delaypop":1,"showtip":"等待"},{"action":1,"delaypop":0.1,"showtip":"解锁闺蜜，可以雇佣他做店员，和他聊天哦"},{"action":6,"acm":102,"delaypop":0.5,"showtip":"引导点击解锁102的闺蜜"},{"action":8,"acm":102,"delaypop":0.5,"showtip":"解锁102的闺蜜"},{"action":9,"acm":102,"delaypop":0.5,"showtip":"显示解锁102的闺蜜"},{"action":99,"delaypop":0.5,"showtip":"等待"},{"action":21,"delaypop":0.5,"showtip":"引导关闭弹框"}]},{"action":1,"delaypop":0.1,"showtip":"接下来给我们的小店指定一个店员吧"},{"action":99,"delaypop":0.5,"showtip":"等待"},{"action":12,"acm":1,"delaypop":0.1,"showtip":"引导点击关卡1的指定店员按钮"},{"action":13,"acm":1,"delaypop":0.1,"showtip":"打开指定店员弹框","popdlgactionlist":[{"action":99,"delaypop":1,"showtip":"等待"},{"action":1,"delaypop":0.1,"showtip":"选择一个未上班的闺蜜，可以指定他成为这个店的店员哦"},{"action":16,"acm":102,"delaypop":0.5,"showtip":"引导点击102的闺蜜"},{"action":18,"acm":102,"delaypop":0.5,"showtip":"设置102闺蜜成为店员"},{"action":99,"delaypop":0.5,"showtip":"等待"},{"action":21,"delaypop":0.5,"showtip":"引导关闭弹框"}]},{"action":99,"delaypop":1,"showtip":"等待"},{"action":1,"delaypop":0.1,"showtip":"任命店员以后，就可以装修我们的小店啦"},{"action":19,"acm":1,"delaypop":0.1,"showtip":"引导点击装修按钮"},{"action":20,"acm":1,"delaypop":0.1,"showtip":"第一次装修"},{"action":99,"delaypop":1,"showtip":"等待"},{"action":1,"delaypop":0.1,"showtip":"装修完成,有好友信息,可以打开这里查看哦"},{"action":26,"acm":1,"delaypop":0.1,"showtip":"引导点击打开聊天按钮"},{"action":27,"acm":1,"delaypop":0.1,"showtip":"打开聊天按钮"},{"action":31,"acm":1,"delaypop":0.1,"showtip":"结束引导"}]}}]],0,0,[],[],[]]]]