[1,["ecpdLyjvZBwrvm+cedCcQy","23gXPjpfVBWLoUhsNvHrQm","cakqghgXxPTbx1vcxTvdrq","e1mO3BO45IcZk76lXPvo4j","cbMgVAHXdJjb40OuhHgEgZ","aakDScVLdHP4mUybeJPM5B","3f6veeXklGbbQz3np/ra5B","a2MjXRFdtLlYQ5ouAFv/+R","48UOftob9AxZ66thkvDqWc","29HkP8W8hFLJ1ZUHha/KLz","51SCunx9BK9pzkho1ICPJ+","c9Tvxo7UlIzanbuJeGkk+T","5afsf/mQBOdavcdoExXYJO","f4ZTf0plZDOrjAcH+o/rT0","d8P3p0utlKkqrTlOcFuWow","9aabaxMwlK8ZBeZ2gqUxgM","81xK3wH/JBWbprwJyg/wdM"],["node","_spriteFrame","_textureSetter","_parent","line","linebut","scene","player","gamesuccess_new","com_fuhuo","game_fail_new","game_end_animate"],[["cc.Node",["_name","_id","_active","_parent","_components","_contentSize","_trs","_children","_color","_anchorPoint"],0,1,9,5,7,2,5,5],"cc.SpriteFrame",["cc.Sprite",["_sizeMode","node","_materials","_spriteFrame"],2,1,3,6],["cc.Button",["_N$transition","zoomScale","node"],1,1],["cc.Label",["_string","_N$verticalAlign","_styleFlags","_N$horizontalAlign","_fontSize","node","_materials"],-2,1,3],["cc.Widget",["_alignFlags","_left","_right","_top","_bottom","node"],-2,1],["cc.Mask",["_N$inverted","node","_materials"],2,1,3],["cc.SceneAsset",["_name","asyncLoadAssets"],1],["cc.Canvas",["_fitWidth","node","_designResolution"],2,1,5],["7f87frBizZL96+Jtl2D71iv",["node","player","gamesuccess_new","com_fuhuo","game_fail_new","game_end_animate"],3,1,6,6,6,6,6],["a155fZi0qdHAZT0PnJr8ZGQ",["node","line","linebut"],3,1,6,6],["cc.LabelOutline",["node","_color"],3,1,5],["cc.Scene",["_name","_active","_children","_anchorPoint","_trs"],1,2,5,7],["cc.Camera",["_clearFlags","_depth","node"],1,1]],[[0,0,3,4,5,6,2],[2,0,1,2,3,2],[0,0,3,4,5,2],[2,1,2,3,1],[0,0,3,7,2],[0,0,2,3,7,3],[0,0,7,4,6,2],[0,0,3,4,8,5,2],[0,0,3,4,5,9,6,2],[10,0,1,2,1],[2,0,1,2,2],[3,1,0,2,3],[3,2,1],[4,0,2,1,5,6,4],[11,0,1,1],[7,0,1,3],[0,0,1,7,4,5,6,3],[0,0,3,7,4,5,6,2],[0,0,3,7,5,6,2],[0,0,3,4,2],[0,0,3,4,8,5,6,2],[8,0,1,2,2],[5,0,5,2],[5,0,1,2,3,4,5,6],[9,0,1,2,3,4,5,1],[6,0,1,2,2],[6,1,2,1],[3,0,2,2],[4,0,4,2,3,1,5,6,6],[4,0,3,1,5,6,4],[12,0,1,2,3,4,3],[13,0,1,2,3]],[[[{"name":"mukuai","rect":[0,0,1440,1280],"offset":[0,0],"originalSize":[1440,1280],"capInsets":[0,0,0,0]}],[1],0,[0],[2],[4]],[[{"name":"23","rect":[9,10,215,236],"offset":[0.5,1],"originalSize":[232,258],"capInsets":[0,0,0,0]}],[1],0,[0],[2],[5]],[[{"name":"9","rect":[0,0,240,320],"offset":[0,0],"originalSize":[240,320],"capInsets":[0,0,0,0]}],[1],0,[0],[2],[6]],[[[15,"mishitaotougame",null],[16,"Canvas","41RZWUq3tG/JxLthx+TtPA",[-4,-5,-6,-7,-8,-9],[[21,true,-1,[5,720,1280]],[22,45,-2],[24,-3,30,31,32,33,34]],[5,720,1280],[360,640,0,0,0,0,1,1,1,1]],[4,"game",1,[-10,-11,-12,-13,-14]],[5,"start",false,1,[-15,-16,-17,-18]],[6,"top",[-21,-22],[[25,true,-19,[20]],[9,-20,21,22]],[0,640,0,0,0,0,1,1,1,1]],[17,"btn_set",3,[-25],[[3,-23,[10],11],[27,3,-24]],[5,85,85],[-303.093,582.332,0,0,0,0,1,1,1,0]],[6,"buttom",[-28],[[26,-26,[25]],[9,-27,26,27]],[0,-640,0,0,0,0,1,1,1,1]],[7,"bk",1,[[1,0,-29,[0],1],[23,45,-140,-140,-360,-360,-30]],[4,4278190080],[5,1000,2000]],[0,"start",3,[[10,0,-31,[4]],[11,1.1,3,-32]],[5,720,1280],[0,0,0,0,0,0,1,1,1,0]],[5,"fuhuo_tip",false,1,[-33,-34]],[0,"start",9,[[10,0,-35,[12]],[11,1.1,3,-36]],[5,720,1280],[0,0,0,0,0,0,1,1,1,0]],[4,"mukuai",2,[4,6]],[18,"score",2,[-37,-38],[5,92,40],[-283.187,499.41200000000003,0,0,0,0,1,1,1,1]],[8,"score",12,[[13,"第一关任务:连续闪避5次",1,1,-39,[28]],[14,-40,[4,4278190335]]],[5,437.57,52.4],[0,0,0.5],[-36,94,0,0,0,0,1,1,1,1]],[8,"jindu",12,[[13,"本关进度:1/20",1,1,-41,[29]],[14,-42,[4,4278190335]]],[5,253.17,52.4],[0,0,0.5],[-36,28,0,0,0,0,1,1,1,1]],[30,"New Node",false,[1],[0,0,0],[0,0,0,0,0,0,1,1,1,1]],[19,"Main Camera",1,[[31,7,-1,-43]]],[2,"9",1,[[1,0,-44,[2],3]],[5,1000,2000]],[0,"23",3,[[3,-45,[5],6]],[5,215,236],[0,0,0,0,0,0,1,2,2,1]],[20,"t",3,[[28,"左右点击移动人物位置,不要被压到了哦",36,1,1,1,-46,[7]]],[4,4278190080],[5,622,50.4],[2.496,298.22,0,0,0,0,1,1,1,1]],[2,"icon_menu",5,[[3,-47,[8],9]],[5,62,49]],[7,"t",9,[[29,"复活成功,点击屏幕继续游戏",1,1,-48,[13]]],[4,4278190080],[5,491.11,50.4]],[0,"left",2,[[12,-49]],[5,360,1280],[-180,0,0,0,0,0,1,1,1,1]],[0,"right",2,[[12,-50]],[5,360,1280],[180,0,0,0,0,0,1,1,1,1]],[0,"but2",2,[[1,0,-51,[14],15]],[5,1440,1280],[0,-1280,0,0,0,0,1,1,1,1]],[0,"top2",4,[[1,0,-52,[16],17]],[5,1440,1280],[0,600,0,0,0,0,1,1,1,1]],[2,"top",4,[[1,0,-53,[18],19]],[5,1440,1280]],[2,"but",6,[[1,0,-54,[23],24]],[5,1440,1280]]],0,[0,0,1,0,0,1,0,0,1,0,-1,16,0,-2,7,0,-3,17,0,-4,3,0,-5,9,0,-6,2,0,-1,22,0,-2,23,0,-3,24,0,-4,11,0,-5,12,0,-1,8,0,-2,18,0,-3,19,0,-4,5,0,0,4,0,0,4,0,-1,25,0,-2,26,0,0,5,0,0,5,0,-1,20,0,0,6,0,0,6,0,-1,27,0,0,7,0,0,7,0,0,8,0,0,8,0,-1,10,0,-2,21,0,0,10,0,0,10,0,-1,13,0,-2,14,0,0,13,0,0,13,0,0,14,0,0,14,0,0,16,0,0,17,0,0,18,0,0,19,0,0,20,0,0,21,0,0,22,0,0,23,0,0,24,0,0,25,0,0,26,0,0,27,0,6,15,1,3,15,4,3,11,6,3,11,54],[0,0,0,0,0,0,0,0,0,0,0,0,0,0,0,0,0,0,0,0,0,0,0,0,0,0,0,0,0,0,0,0,0,0,0],[-1,1,-1,1,-1,-1,1,-1,-1,1,-1,1,-1,-1,-1,1,-1,1,-1,1,-1,4,5,-1,1,-1,4,5,-1,-1,7,8,9,10,11],[0,7,0,8,0,0,9,0,0,10,0,11,0,0,0,1,0,1,0,1,0,2,3,0,1,0,2,3,0,0,12,13,14,15,16]]]]