[1,["b7Lfhpo+ZOja9kIiaZZXfV","62EmLtniFLqZSopEK5MCeX","fdi3sE+9NGua3iMs9FeqAH","fc7/WJdK9HtaKDCK8MzDQ+"],["_textureSetter"],["cc.SpriteFrame"],0,[[[{"name":"1","rect":[0,0,37,37],"offset":[0,0],"originalSize":[37,37],"capInsets":[0,0,0,0]}],[0],0,[0],[0],[0]],[[{"name":"red","rect":[0,0,52,54],"offset":[0,0],"originalSize":[52,54],"capInsets":[0,0,0,0]}],[0],0,[0],[0],[1]],[[{"name":"icon_heart","rect":[0,0,66,58],"offset":[-1,2],"originalSize":[68,62],"capInsets":[0,0,0,0]}],[0],0,[0],[0],[2]],[[{"name":"jianglik","rect":[0,0,116,116],"offset":[0,0],"originalSize":[116,116],"capInsets":[0,0,0,0]}],[0],0,[0],[0],[3]]]]