[1,["afRQcRcvJPcqr3Qvlqe57T"],0,[["sp.SkeletonData",["_name","_atlasText","textureNames","_skeletonJson","textures"],-1,3]],[[0,0,1,2,3,4,5]],[[0,"hedan_baozha","\nhedan_baozha.png\nsize: 1655,235\nformat: RGBA8888\nfilter: Linear,Linear\nrepeat: none\n2420_01\n  rotate: false\n  xy: 1351, 93\n  size: 77, 140\n  orig: 86, 143\n  offset: 4, 2\n  index: -1\n2420_02\n  rotate: true\n  xy: 1512, 21\n  size: 81, 128\n  orig: 86, 143\n  offset: 5, 13\n  index: -1\n2420_03\n  rotate: true\n  xy: 1386, 8\n  size: 83, 124\n  orig: 86, 143\n  offset: 3, 19\n  index: -1\n2420_04\n  rotate: false\n  xy: 1273, 92\n  size: 76, 141\n  orig: 86, 143\n  offset: 4, 2\n  index: -1\n2420_05\n  rotate: true\n  xy: 1244, 5\n  size: 84, 140\n  orig: 86, 143\n  offset: 1, 1\n  index: -1\n2420_06\n  rotate: false\n  xy: 1497, 104\n  size: 77, 129\n  orig: 86, 143\n  offset: 9, 14\n  index: -1\n2420_07\n  rotate: false\n  xy: 1576, 108\n  size: 77, 125\n  orig: 86, 143\n  offset: 8, 17\n  index: -1\n2420_08\n  rotate: false\n  xy: 1189, 91\n  size: 82, 142\n  orig: 86, 143\n  offset: 0, 0\n  index: -1\nbz_1\n  rotate: true\n  xy: 1189, 2\n  size: 87, 53\n  orig: 302, 342\n  offset: 114, 55\n  index: -1\nbz_2\n  rotate: true\n  xy: 835, 22\n  size: 211, 165\n  orig: 302, 342\n  offset: 57, 49\n  index: -1\nbz_3\n  rotate: false\n  xy: 2, 3\n  size: 255, 230\n  orig: 302, 342\n  offset: 23, 26\n  index: -1\nbz_4\n  rotate: true\n  xy: 1002, 28\n  size: 205, 185\n  orig: 302, 342\n  offset: 52, 61\n  index: -1\nbz_5\n  rotate: true\n  xy: 640, 22\n  size: 211, 193\n  orig: 302, 342\n  offset: 36, 68\n  index: -1\nbz_6\n  rotate: false\n  xy: 434, 21\n  size: 204, 212\n  orig: 302, 342\n  offset: 51, 78\n  index: -1\nbz_7\n  rotate: true\n  xy: 259, 15\n  size: 218, 173\n  orig: 302, 342\n  offset: 30, 129\n  index: -1\nhedan\n  rotate: false\n  xy: 1430, 97\n  size: 65, 136\n  orig: 65, 136\n  offset: 0, 0\n  index: -1\n",["hedan_baozha.png"],{"skeleton":{"hash":"g4GxwMMR9knV4T11yGvPAgf/6UQ","spine":"3.8.75","x":-177.31,"y":-63.44,"width":345.19,"height":1191.28,"images":"","audio":"C:/Users/Administrator/Desktop/爆炸动画"},"bones":[{"name":"root"},{"name":"bz_1","parent":"root","length":54,"rotation":90,"x":1,"y":12,"scaleX":1.143,"scaleY":1.143},{"name":"hedan","parent":"root","length":75.23,"rotation":90.91,"x":1.02,"y":926.11,"scaleX":0.8339,"scaleY":0.8339},{"name":"2420_01","parent":"hedan","length":51.4,"rotation":-0.02,"x":111.05,"y":-0.57}],"slots":[{"name":"bz_1","bone":"bz_1","attachment":"bz_1"},{"name":"2420_01","bone":"2420_01","attachment":"2420_08"},{"name":"hedan","bone":"hedan","attachment":"hedan"}],"skins":[{"name":"default","attachments":{"bz_1":{"bz_1":{"x":105,"y":5,"rotation":-90,"width":302,"height":342},"bz_2":{"x":105,"y":5,"rotation":-90,"width":302,"height":342},"bz_3":{"x":105,"y":5,"rotation":-90,"width":302,"height":342},"bz_4":{"x":105,"y":5,"rotation":-90,"width":302,"height":342},"bz_5":{"x":131.73,"y":5,"scaleX":1.1992,"scaleY":1.1992,"rotation":-90,"width":302,"height":342},"bz_6":{"x":113.91,"y":-5.69,"scaleX":1.2772,"scaleY":1.2772,"rotation":-90,"width":302,"height":342},"bz_7":{"x":121.04,"y":-19.95,"scaleX":1.5263,"scaleY":1.2871,"rotation":-90,"width":302,"height":342}},"2420_01":{"2420_01":{"x":59.37,"y":-0.04,"rotation":89.11,"width":86,"height":143},"2420_02":{"x":59.37,"y":-0.04,"rotation":89.11,"width":86,"height":143},"2420_03":{"x":59.37,"y":-0.04,"rotation":89.11,"width":86,"height":143},"2420_04":{"x":59.37,"y":-0.04,"rotation":89.11,"width":86,"height":143},"2420_05":{"x":59.37,"y":-0.04,"rotation":89.11,"width":86,"height":143},"2420_06":{"x":59.37,"y":-0.04,"rotation":89.11,"width":86,"height":143},"2420_07":{"x":59.37,"y":-0.04,"rotation":89.11,"width":86,"height":143},"2420_08":{"x":59.37,"y":-0.04,"rotation":89.11,"width":86,"height":143}},"hedan":{"hedan":{"x":49.99,"y":-2.21,"rotation":-90.91,"width":65,"height":136}}}}],"animations":{"hedan":{"slots":{"2420_01":{"color":[{"time":0.6,"color":"ffffffff"},{"time":0.6667,"color":"ffffff00"}],"attachment":[{"name":"2420_02"},{"time":0.1,"name":"2420_03"},{"time":0.1667,"name":"2420_04"},{"time":0.2,"name":"2420_05"},{"time":0.2667,"name":"2420_06"},{"time":0.3,"name":"2420_07"},{"time":0.3667,"name":"2420_08"},{"time":0.4333,"name":"2420_01"},{"time":0.5667,"name":"2420_03"},{"time":0.6333,"name":"2420_04"},{"time":0.6667,"name":"2420_05"},{"time":0.7333,"name":"2420_06"},{"time":0.7667,"name":"2420_07"},{"time":0.8333,"name":"2420_08"},{"time":0.9,"name":"2420_01"}]},"hedan":{"color":[{"time":0.6,"color":"ffffffff"},{"time":0.6667,"color":"ffffff00"}]},"bz_1":{"attachment":[{"name":null},{"time":0.7,"name":"bz_1"},{"time":0.7667,"name":"bz_2"},{"time":0.8333,"name":"bz_3"},{"time":0.9333,"name":"bz_4"},{"time":1,"name":"bz_5"},{"time":1.1333,"name":"bz_6"},{"time":1.2333,"name":"bz_7"},{"time":1.3333,"name":null}]}},"bones":{"hedan":{"translate":[{},{"time":0.6667,"y":-903.11}]},"2420_01":{"scale":[{},{"time":0.6,"x":1.689,"y":1.295}]}}}}},[0]]],0,0,[0],[-1],[0]]