[1,["ecpdLyjvZBwrvm+cedCcQy","09B+SPQ0ROTYe+RLAm5GWt","3aAswSZNFH0Ij3ECdULZl/","29zexdw7xPRqp03wI3CwdD","61ozx114NO4Y8eAWwQCvnQ","a2MjXRFdtLlYQ5ouAFv/+R","52vrEEEFlFI7sHdrpLO59i","d3Z/QBFvNMGbNnsHEdT369","fbt7xtPBJE56BkDx7EfHV1","a9Z8kGwBFGrJw+gYIg/bQL","ecvfOg1LBInrI6Y7j+4Vue","b5K/A0fsNHxorT3eJPllXm","e4GVAXjfdMlqT557J44j1p","50j5SkiXdGsKXtO5/z9Xn7","8db7cQxT5NZ7P209/zmOoU","eeVBXpowJMoru1FhJBS6Xr","a9Uzfx1JZFV4zhnqwA0DYj","97MwVRzvhNlKhcJ2P08e3O","farWZFZf9G/4PkVVGnmar4","95FKIDjz5Nhovd5HHY+XBb","2ddWdgrRpOMLwJUF9nFmrC","ecfvIMgsJIb6MChD1HtGF+","62KlaSek5M8Ll6FqPpUvrH","b4AUkSEN9IH54XdgSGjSUC","5eV4iUTL5CrL0x+9uGFOYj","63rHuwskhKhYc3FBv4cPdi","c9PjN1Ph5C0rGkyDA1Fd8P","67Dp/e4qJDWoTAkI0ljfcH","f0cM2fGjhEfYf89vYOLHmJ","c2jUdFcHlDiqmHDtaX9YCc","a1nbPJQ91H+5Tj8nvNiXdS","34n3ujHvBI1ZYs6nWJh3Ol","1a9bH4y9pHl6OHATMUO2sp","f0yLmW2R9BW4MFRgTHgJZK","5agU4a6q5OzZkDwTrKrMKg","ffnp07tNdHLL+9FEJ9Bgst","8eb+vMziVEW5boaVXS19Oa","71zNFCGq9DRZQNSVCV732C","55u4Np0DFFFJIASQgCU36K","17SrG8cvVJFIkDlXeVLccw"],["node","_spriteFrame","_textureSetter","_parent","scene","_N$normalSprite","qiandaoSign","yonghuxieyi","yaoqing_dlg","more_wanfa_dlg"],[["cc.Node",["_name","_active","_id","_objFlags","_parent","_components","_trs","_contentSize","_children","_color","_anchorPoint"],-1,1,9,7,5,2,5,5],"cc.SpriteFrame",["cc.Label",["_string","_N$verticalAlign","_fontSize","_N$horizontalAlign","_lineHeight","_styleFlags","node","_materials"],-3,1,3],["cc.Sprite",["_sizeMode","_enabled","node","_materials","_spriteFrame"],1,1,3,6],["cc.Button",["zoomScale","_N$transition","node","_N$normalSprite"],1,1,6],["cc.LabelOutline",["_width","node","_color"],2,1,5],["cc.SceneAsset",["_name","asyncLoadAssets"],1],["cc.Canvas",["_fitWidth","node","_designResolution"],2,1,5],["cc.Widget",["_alignFlags","node"],2,1],["4f78bNszf1PeKOSpw2JNBmw",["node","qiandaoSign","yonghuxieyi","yaoqing_dlg","more_wanfa_dlg"],3,1,6,6,6,6],["7633c/ow0xHYZwa4BLlsdtU",["node"],3,1],["d47f4KA8v5OfYEIGgeo6CdK",["heiping_algin_bottom","node"],2,1],["cc.Scene",["_name","_active","_children","_anchorPoint","_trs"],1,2,5,7],["cc.Camera",["_clearFlags","_depth","node"],1,1]],[[0,0,4,5,7,6,2],[3,2,3,4,1],[3,0,2,3,4,2],[4,0,1,2,3],[2,0,2,4,5,3,1,6,7,7],[0,0,4,5,7,10,6,2],[0,0,4,5,9,7,6,2],[0,0,1,4,5,7,6,3],[0,0,4,8,5,7,6,2],[5,0,1,2,2],[0,0,4,5,7,2],[3,2,3,1],[0,0,4,8,2],[2,0,2,4,3,1,6,7,6],[2,0,2,1,6,7,4],[0,0,8,5,7,6,2],[0,0,4,8,5,2],[0,0,4,8,6,2],[6,0,1,3],[0,0,2,8,5,7,6,3],[0,0,1,4,8,3],[0,0,1,8,6,3],[0,0,8,2],[0,0,1,4,8,5,7,6,3],[0,0,1,4,5,9,7,6,3],[0,0,3,1,4,5,7,6,4],[7,0,1,2,2],[8,0,1,2],[9,0,1,2,3,4,1],[3,1,0,2,3,3],[4,0,1,2,3,3],[10,0,1],[11,0,1,2],[2,0,2,3,1,6,7,5],[2,0,3,1,6,7,4],[5,1,2,1],[12,0,1,2,3,4,3],[13,0,1,2,3]],[[[{"name":"qd","rect":[0,0,74,78],"offset":[0,0],"originalSize":[74,78],"capInsets":[0,0,0,0]}],[1],0,[0],[2],[7]],[[[18,"dating",null],[19,"Canvas","a5esZu+45LA5mBpvttspPD",[-4,-5,-6,-7,-8,-9,-10,-11],[[26,true,-1,[5,720,1280]],[27,45,-2],[28,-3,92,93,94,95]],[5,720,1280],[360,640,0,0,0,0,1,1,1,1]],[20,"starttip",false,1,[-12,-13,-14,-15,-16,-17,-18,-19,-20]],[15,"game4",[-23,-24,-25,-26,-27,-28],[[29,false,0,-21,[42]],[3,1.1,3,-22]],[5,92,115],[110,-570,0,0,0,0,1,1,1,0]],[21,"tili",false,[-29,-30,-31,-32,-33],[113.261,619.221,0,0,0,0,1,1,1,1]],[15,"game3",[-35,-36,-37,-38],[[3,1.1,3,-34]],[5,92,115],[-100,-570,0,0,0,0,1,1,1,0]],[12,"menu",1,[-39,-40,-41,-42,-43]],[12,"uimenus",1,[-44,-45,-46,-47,-48]],[16,"top",1,[4,-50,-51],[[31,-49]]],[8,"huamukuai",6,[-54,-55],[[1,-52,[46],47],[30,1.1,3,-53,48]],[5,246,105],[-8.189,176.623,0,0,0,0,1,1.2,1.2,0]],[8,"luosixunlian",6,[-58,-59],[[1,-56,[52],53],[3,1.1,3,-57]],[5,260,100],[155,-22.64,0,0,0,0,1,1,1,0]],[8,"jiubeixunlian",6,[-62,-63],[[1,-60,[57],58],[3,1.1,3,-61]],[5,260,100],[-155,-22.64,0,0,0,0,1,1,1,0]],[8,"guaishouxunlian",6,[-66,-67],[[1,-64,[62],63],[3,1.1,3,-65]],[5,260,100],[-155,-183.048,0,0,0,0,1,1,1,0]],[8,"yidianshanghai",6,[-70,-71],[[1,-68,[67],68],[3,1.1,3,-69]],[5,260,100],[155,-183.048,0,0,0,0,1,1,1,0]],[17,"jinbi",8,[-72,-73,-74],[-283.708,613.564,0,0,0,0,1,1,1,1]],[17,"zuanshi",8,[-75,-76,-77],[-100,613.564,0,0,0,0,1,1,1,1]],[22,"left",[-78,-79,-80]],[16,"othergame",16,[5,3],[[32,700,-81]]],[23,"shangcheng",false,7,[-84],[[2,0,-82,[73],74],[3,1.1,3,-83]],[5,82,82],[301,292,0,0,0,0,1,1,1,0]],[0,"jia",4,[[2,0,-85,[9],10],[3,1.1,3,-86]],[5,50,50],[93.831,-11.297,0,0,0,0,1,1,1,0]],[24,"title",false,3,[[13,"推荐游戏",20,20,1,1,-87,[40]],[35,-88,[4,4278190080]]],[4,4278245375],[5,82,27.2],[0,65.055,0,0,0,0,1,1,1,1]],[0,"t",9,[[4,"木块训练",26,26,1,1,1,-89,[45]],[9,3,-90,[4,4279920581]]],[5,110,38.76],[31.885,4.831,0,0,0,0,1,1,1,1]],[5,"t",10,[[4,"螺丝训练",26,26,1,1,1,-91,[51]],[9,4,-92,[4,4285234844]]],[5,112,40.76],[0,0,0.5],[-24.813,3,0,0,0,0,1,1,1,1]],[5,"t",11,[[4,"酒吧训练",26,26,1,1,1,-93,[56]],[9,4,-94,[4,4285234844]]],[5,112,40.76],[0,0,0.5],[-24.813,3,0,0,0,0,1,1,1,1]],[5,"t",12,[[4,"怪兽训练",26,26,1,1,1,-95,[61]],[9,4,-96,[4,4285234844]]],[5,112,40.76],[0,0,0.5],[-24.813,3,0,0,0,0,1,1,1,1]],[5,"t",13,[[4,"一亿玩法\n训练",26,36,1,1,1,-97,[66]],[9,4,-98,[4,4285234844]]],[5,112,89.36],[0,0,0.5],[-24.813,3,0,0,0,0,1,1,1,1]],[0,"qiandao",7,[[1,-99,[69],70],[3,1.1,3,-100]],[5,74,78],[301,398,0,0,0,0,1,1,1,0]],[7,"fenxiang",false,7,[[1,-101,[75],76],[3,1.1,3,-102]],[5,74,78],[303,391,0,0,0,0,1,1,1,0]],[0,"yaoqing",7,[[2,0,-103,[77],78],[3,1.1,3,-104]],[5,85,93],[299.383,261.092,0,0,0,0,1,1,1,0]],[0,"tuijian_new",7,[[1,-105,[79],80],[3,1.1,3,-106]],[5,110,86],[-321.366,299.465,0,0,0,0,1,1,1,0]],[36,"New Node",false,[1],[0,0,0],[0,0,0,0,0,0,1,1,1,1]],[0,"Main Camera",1,[[37,7,-1,-107]],[5,960,640],[0,0,523.9453692895854,0,0,0,1,1,1,1]],[10,"bjt",1,[[2,0,-108,[0],1]],[5,1440,1920]],[0,"snmk_biaoti",1,[[1,-109,[2],3]],[5,299,203],[3.276,428.572,0,0,0,0,1,1,1,1]],[0,"jinbibk",4,[[1,-110,[4],5]],[5,156,40],[11.343,-11.343,0,0,0,0,1,1,1,1]],[0,"jb",4,[[1,-111,[6],7]],[5,32,41],[-54.91,-12.343,0,0,0,0,1,1,1,1]],[5,"c",4,[[14,"1000",26,1,-112,[8]]],[5,57.84,50.4],[0,0,0.5],[-33.193,-11.343,0,0,0,0,1,1,1,1]],[6,"lefttime",4,[[4,"00:00",20,20,1,1,1,-113,[11]]],[4,4279057241],[5,51.15,25.2],[3.46,-50.726,0,0,0,0,1,1,1,1]],[0,"jinbibk",14,[[1,-114,[12],13]],[5,156,40],[11.343,-11.343,0,0,0,0,1,1,1,1]],[0,"jb",14,[[2,0,-115,[14],15]],[5,38,39],[-49.91,-11.343,0,0,0,0,1,1,1,1]],[5,"c",14,[[14,"1000",26,1,-116,[16]]],[5,57.84,50.4],[0,0,0.5],[-25.193,-11.343,0,0,0,0,1,1,1,1]],[0,"jinbibk",15,[[1,-117,[17],18]],[5,156,40],[11.343,-11.343,0,0,0,0,1,1,1,1]],[0,"jb",15,[[2,0,-118,[19],20]],[5,38,39],[-49.91,-11.343,0,0,0,0,1,1,1,1]],[5,"c",15,[[14,"1000",26,1,-119,[21]]],[5,57.84,50.4],[0,0,0.5],[-25.193,-11.343,0,0,0,0,1,1,1,1]],[12,"node_top",1,[16]],[0,"gdyx",16,[[1,-120,[22],23]],[5,99,25],[0,-487.087,0,0,0,0,1,1,1,1]],[0,"xuxian",16,[[1,-121,[24],25]],[5,713,7],[0,-487.087,0,0,0,0,1,1,1,1]],[10,"tuijian_bs",5,[[2,0,-122,[26],27]],[5,113,130]],[0,"icon",5,[[2,0,-123,[28],29]],[5,90,90],[0,11.707,0,0,0,0,1,1,1,1]],[6,"name",5,[[4,"怪兽防卫战",20,22,1,1,1,-124,[30]]],[4,4278190080],[5,100,27.72],[0.32399999999999984,-49.703,0,0,0,0,1,1,1,1]],[7,"n",false,5,[[1,-125,[31],32]],[5,61,32],[-47.125,63.815,0,0,0,0,1,1,1,1]],[10,"tuijian_bs",3,[[2,0,-126,[33],34]],[5,113,130]],[0,"icon",3,[[2,0,-127,[35],36]],[5,90,90],[0,11.707,0,0,0,0,1,1,1,1]],[6,"name",3,[[4,"怪兽防卫战",20,22,1,1,1,-128,[37]]],[4,4278190080],[5,100,27.72],[0.32399999999999984,-49.703,0,0,0,0,1,1,1,1]],[7,"n",false,3,[[1,-129,[38],39]],[5,61,32],[-47.125,63.815,0,0,0,0,1,1,1,1]],[25,"hytj",512,false,3,[[11,-130,[41]]],[5,23,87],[-56.065,3.242,0,0,0,0,1,1,1,1]],[6,"bk",9,[[2,0,-131,[43],44]],[4,4280717809],[5,110,50],[31.091,4.072,0,0,0,0,1,1,1,1]],[0,"luosixunlian",10,[[2,0,-132,[49],50]],[5,60,60],[-70.962,4.157,0,0,0,0,1,1,1,1]],[0,"luosixunlian",11,[[2,0,-133,[54],55]],[5,60,60],[-70.962,4.157,0,0,0,0,1,1,1,1]],[0,"luosixunlian",12,[[2,0,-134,[59],60]],[5,60,60],[-70.962,4.157,0,0,0,0,1,1,1,1]],[0,"luosixunlian",13,[[2,0,-135,[64],65]],[5,60,60],[-70.962,4.157,0,0,0,0,1,1,1,1]],[7,"hongdian",false,18,[[2,0,-136,[71],72]],[5,22,22],[34.95,38.099,0,0,0,0,1,1,1,1]],[10,"bkd",2,[[2,0,-137,[81],82]],[5,1000,2000]],[7,"zhfylog",false,2,[[11,-138,[83]]],[5,491,116],[15.785,-116.436,0,0,0,0,1,1,1,1]],[0,"slts",2,[[11,-139,[84]]],[5,130,167],[265.422,519.5,0,0,0,0,1,1,1,1]],[7,"gongzhonghao",false,2,[[11,-140,[85]]],[5,491,24],[13.559,103.951,0,0,0,0,1,1,1,1]],[6,"tip1",2,[[13,"健康游戏忠告",60,80,1,1,-141,[86]]],[4,4278190080],[5,360,100.8],[0,-293,0,0,0,0,1,1,1,1]],[6,"ruanzhu",2,[[33,"软著号:2020SR1019155\n著作权:深圳掌幻风云信息技术有限公司",32,1,1,-142,[87]]],[4,4278190080],[5,552.89,90.4],[4.537,79.044,0,0,0,0,1,1,1,1]],[6,"tip2",2,[[13,"抵制不良游戏,拒绝盗版游戏\n注意自我保护,谨防受骗上当\n适度游戏益脑,沉迷游戏伤身\n合理安排时间,享受健康生活",45,60,1,1,-143,[88]]],[4,4278190080],[5,552.5,255.6],[13.714,-486.571,0,0,0,0,1,1,1,1]],[0,"New Label",2,[[34,"Label",1,1,-144,[89]]],[5,97.87,50.4],[-220.05,537.649,0,0,0,0,1,1,1,1]],[0,"snmk_biaoti",2,[[1,-145,[90],91]],[5,439,156],[20.295,260.899,0,0,0,0,1,1,1,1]]],0,[0,0,1,0,0,1,0,0,1,0,-1,31,0,-2,32,0,-3,33,0,-4,8,0,-5,44,0,-6,6,0,-7,7,0,-8,2,0,-1,62,0,-2,63,0,-3,64,0,-4,65,0,-5,66,0,-6,67,0,-7,68,0,-8,69,0,-9,70,0,0,3,0,0,3,0,-1,51,0,-2,52,0,-3,53,0,-4,54,0,-5,20,0,-6,55,0,-1,34,0,-2,35,0,-3,36,0,-4,19,0,-5,37,0,0,5,0,-1,47,0,-2,48,0,-3,49,0,-4,50,0,-1,9,0,-2,10,0,-3,11,0,-4,12,0,-5,13,0,-1,26,0,-2,18,0,-3,27,0,-4,28,0,-5,29,0,0,8,0,-2,14,0,-3,15,0,0,9,0,0,9,0,-1,56,0,-2,21,0,0,10,0,0,10,0,-1,57,0,-2,22,0,0,11,0,0,11,0,-1,58,0,-2,23,0,0,12,0,0,12,0,-1,59,0,-2,24,0,0,13,0,0,13,0,-1,60,0,-2,25,0,-1,38,0,-2,39,0,-3,40,0,-1,41,0,-2,42,0,-3,43,0,-1,45,0,-2,46,0,-3,17,0,0,17,0,0,18,0,0,18,0,-1,61,0,0,19,0,0,19,0,0,20,0,0,20,0,0,21,0,0,21,0,0,22,0,0,22,0,0,23,0,0,23,0,0,24,0,0,24,0,0,25,0,0,25,0,0,26,0,0,26,0,0,27,0,0,27,0,0,28,0,0,28,0,0,29,0,0,29,0,0,31,0,0,32,0,0,33,0,0,34,0,0,35,0,0,36,0,0,37,0,0,38,0,0,39,0,0,40,0,0,41,0,0,42,0,0,43,0,0,45,0,0,46,0,0,47,0,0,48,0,0,49,0,0,50,0,0,51,0,0,52,0,0,53,0,0,54,0,0,55,0,0,56,0,0,57,0,0,58,0,0,59,0,0,60,0,0,61,0,0,62,0,0,63,0,0,64,0,0,65,0,0,66,0,0,67,0,0,68,0,0,69,0,0,70,0,4,30,1,3,30,3,3,17,4,3,8,5,3,17,16,3,44,145],[0,0,0,0,0,0,0,0,0,0,0,0,0,0,0,0,0,0,0,0,0,0,0,0,0,0,0,0,0,0,0,0,0,0,0,0,0,0,0,0,0,0,0,0,0,0,0,0,0,0,0,0,0,0,0,0,0,0,0,0,0,0,0,0,0,0,0,0,0,0,0,0,0,0,0,0,0,0,0,0,0,0,0,0,0,0,0,0,0,0,0,0,0,0,0,0],[-1,1,-1,1,-1,1,-1,1,-1,-1,1,-1,-1,1,-1,1,-1,-1,1,-1,1,-1,-1,1,-1,1,-1,1,-1,1,-1,-1,1,-1,1,-1,1,-1,-1,1,-1,-1,-1,-1,1,-1,-1,1,5,-1,1,-1,-1,1,-1,1,-1,-1,1,-1,1,-1,-1,1,-1,1,-1,-1,1,-1,1,-1,1,-1,1,-1,1,-1,1,-1,1,-1,1,-1,-1,-1,-1,-1,-1,-1,-1,1,6,7,8,9],[0,8,0,9,0,1,0,10,0,0,11,0,0,1,0,12,0,0,1,0,13,0,0,14,0,15,0,2,0,3,0,0,4,0,2,0,3,0,0,4,0,0,0,0,5,0,0,6,6,0,16,0,0,17,0,18,0,0,19,0,20,0,0,21,0,22,0,0,23,0,24,0,25,0,26,0,27,0,28,0,29,0,5,0,0,0,0,0,0,0,0,30,31,32,33,34]],[[{"name":"gengduoyxi","rect":[0,0,99,25],"offset":[0,0],"originalSize":[99,25],"capInsets":[0,0,0,0]}],[1],0,[0],[2],[35]],[[{"name":"logo","rect":[0,0,439,156],"offset":[0,0],"originalSize":[439,156],"capInsets":[0,0,0,0]}],[1],0,[0],[2],[36]],[[{"name":"emptybtn3","rect":[0,0,260,100],"offset":[0,0],"originalSize":[260,100],"capInsets":[0,0,0,0]}],[1],0,[0],[2],[37]],[[{"name":"xuxian","rect":[0,0,713,7],"offset":[0,0],"originalSize":[713,7],"capInsets":[0,0,0,0]}],[1],0,[0],[2],[38]],[[{"name":"icon_friend_01","rect":[0,0,113,123],"offset":[0,0],"originalSize":[113,123],"capInsets":[0,0,0,0]}],[1],0,[0],[2],[39]]]]