{"paths":{"0":["fuhuo/button_fh_01",0],"1":["sc/icon_coin",0],"2":["gameani/huban/huaban",0],"3":["sc/button_purple_02",0],"4":["huaduoxiaoxiao/huapingdi",0],"5":["huaduoxiaoxiao/background",0],"6":["menu/icon_ts",0],"7":["menu/icon_sx",0],"8":["fuhuo/button_fh_02",0],"9":["menu/icon_tishi",0],"10":["menu/shengxing_progress_di",0],"11":["sc/button_purple_01",0],"12":["menu/icon_suiji",0],"13":["menu/icon_chanzi",0],"14":["sc/button_green_02",0],"15":["menu/icon_banzi",0],"16":["menu/icon_bingdong",0],"17":["huaduoxiaoxiao/desk_bk",0],"18":["sc/button_green_01",0],"19":["menu/shengxing_progress_bar",0],"20":["fuhuo/2banzi",0],"21":["menu/icon_bingdong",1,1],"22":["fuhuo/button_fh_01",1,1],"23":["huaduoxiaoxiao/jd_1",1,1],"24":["fuhuo/plus",0],"25":["huaduoxiaoxiao/infolk",0],"26":["huaduoxiaoxiao/yuandi",0],"27":["huaduoxiaoxiao/huapingdi",1,1],"28":["sc/diban",1,1],"29":["huaduoxiaoxiao/qiehuan",1,1],"30":["fuhuo/button_mf",0],"31":["sc/button_blue_01",1,1],"32":["fuhuo/button_fh_02",1,1],"33":["menu/progress bar_02",1,1],"34":["huaduoxiaoxiao/background",1,1],"35":["sc/button_purple_01",1,1],"36":["sc/icon_coin",1,1],"37":["menu/progress bar_01",1,1],"38":["fuhuo/banzi",0],"39":["menu/shengxing_progress_di",1,1],"40":["huaduoxiaoxiao/bingdong",1,1],"41":["huaduoxiaoxiao/jx",0],"42":["fuhuo/buttotn_xx",0],"43":["fuhuo/gb",0],"44":["huaduoxiaoxiao/bottom_tiao",0],"45":["huaduoxiaoxiao/qiehuan",0],"46":["sc/k",0],"47":["huaduoxiaoxiao/bottom_tiao",1,1],"48":["menu/heidi",1,1],"49":["fuhuo/1tiao",0],"50":["huaduoxiaoxiao/banzi",0],"51":["sc/button_gree_02",1,1],"52":["huaduoxiaoxiao/jx",1,1],"53":["menu/suo",0],"54":["fuhuo/banzi",1,1],"55":["menu/progress bar_02",0],"56":["huaduoxiaoxiao/huanpen",1,1],"57":["gameani/huban/huaban1",1,1],"58":["menu/shengxing_progress_bar",1,1],"59":["menu/icon_banzi",1,1],"60":["fuhuo/1tiao",1,1],"61":["menu/icon_sx",1,1],"62":["sc/diban",0],"63":["sc/button_blue_01",0],"64":["huaduoxiaoxiao/qipaotishi",0],"65":["menu/icon_jiahao",1,1],"66":["fuhuo/plus",1,1],"67":["huaduoxiaoxiao/jd_2",1,1],"68":["menu/progress bar_01",0],"69":["huaduoxiaoxiao/yuanquan2",1,1],"70":["huaduoxiaoxiao/jd_2",0],"71":["huaduoxiaoxiao/jd_1",0],"72":["sc/k",1,1],"73":["sc/button_green_02",1,1],"74":["huaduoxiaoxiao/bingdong",0],"75":["menu/bottom_button",1,1],"76":["fuhuo/button_mf",1,1],"77":["fuhuo/buttotn_xx",1,1],"78":["gameani/huban/huaban1",0],"79":["huaduoxiaoxiao/yuanquan2",0],"80":["sc/button_green_01",1,1],"81":["huaduoxiaoxiao/red",1,1],"82":["sc/close_01",1,1],"83":["menu/bottom_button",0],"84":["huaduoxiaoxiao/qipaotishi",1,1],"85":["huaduoxiaoxiao/yuandi",1,1],"86":["huaduoxiaoxiao/clock1",1,1],"87":["huaduoxiaoxiao/desk_bk",1,1],"88":["sc/button_gree_02",0],"89":["huaduoxiaoxiao/clock1",0],"90":["huaduoxiaoxiao/red",0],"91":["huaduoxiaoxiao/infolk",1,1],"92":["fuhuo/gb",1,1],"93":["sc/close_01",0],"94":["menu/button_sz_01",0],"95":["menu/icon_chanzi",1,1],"96":["gameani/huban/huaban",1,1],"97":["sc/button_purple_02",1,1],"98":["menu/icon_ts",1,1],"99":["huaduoxiaoxiao/banzi",1,1],"100":["menu/heidi",0],"101":["huaduoxiaoxiao/huanpen",0],"102":["menu/icon_tishi",1,1],"103":["menu/button_sz_01",1,1],"104":["fuhuo/2banzi",1,1],"105":["menu/icon_jiahao",0],"106":["menu/icon_suiji",1,1],"107":["menu/suo",1,1]},"types":["cc.Texture2D","cc.SpriteFrame"],"uuids":["15UpFhGHNP94Xwtz/CzBfm","1bSV7BPyZHjow/on53P7A0","236BNM55ROLJo267w1sy3x","24RlSzKBxBeYtLiDV1fu4l","4bdfrfGr1KSqxHppUDbxYA","4ekfJQvWRHf4hAv65obfdJ","65M7YS/cRPDqIuEQ37BwHP","7f7RvZOqdHNL1lm0Sm3tTj","84rBijkr9ORbgRfl3FqtsA","86dRSfnVxCYoifQxYb/30v","86+b7xzK5MTKyDZeWYfmil","8aoDOurn9KU64KpcPSsoZR","8cwXgF2dlKsbHDhLiBbqN8","90DsBk7aVH+ZcaCAr0XKM0","c8eRwjPtdKEIOfSKiMVbBq","d4JzeSAppN34y5aGAnJV6p","d84qJGmglEuqQIiRYjFJKc","d9iKGz0tdIw6NG8cmecljL","d9l6H1kQZEqJZ+22JSZIFw","f0haN3IPFPaLAI7GBWfUC4","00DTUXarBBY4/xsdqxZuhe","01Go0tETpKiqD6X4TLlTXe","01MFjzcmRKm5Ls3b1wG7RG","074zMnCW1LLYdpoimId9Ya","08YG8GhqVLMJ/nAryT5IvP","0bVDmZM2tJILIdrVkktfmT","15+Z1zH/xBJIUgkzMps+85","19/at5EEhGF7PV2i/gvy3B","1b7nClr7tGJbGtsa3y78EO","23dL/9nq5FAIHkNv9jBZr4","2513vKHblEsqlIhBc1kKO6","2aHZVLPpBEhIVd/QBO3o23","2aUa/rmohM7L/fI1U050aM","2b3Iqo/hRKEK9oKdR3oImv","31kpnHltZKAbD1xMcaNvIa","32QNzxZMRFm4ZQo3CdRVmU","32uI54/LxJx67ZM8VgIbND","39iHdUPetNbrWiwQyUtPKX","3fcXD4YSROzbnT8II0BHJY","41dR+RPvxI1YRTh0kMf/DA","46CCZZVPdAFIfXozOsk8vn","4dll6ZP3pBD6paa/nuhX9E","51haTQn2RBBYxyazuPSbu1","55dk/3H+9GArswffc2Hold","55q+1IkRlEr4BNHx8IhgH8","57vE92waZHaKYTj+aRK8Ps","589DgFkH9GhK+cQ+Cttx/H","5bfqJgGwVPHYrGWumK3N67","5bpakJdXZAm5gmVNghsBgl","5cZ/XtBWlDQofazq7JJge9","5dfQeM/wpOmrz4rmLb11j9","5fbMZGCcxOvpCOPxgJ8slu","5fssCfEwRMOaTWsIq1yAxZ","60UacG9V5Cg4nVe/1AJFGB","67tn9ErQNKrpqvTPiudZ7Z","69PvEQjJ9Jo5Qk+ocfayAg","6bFdKW6NlFQJuA/w3MWoMC","70tnMIOTNDoKw3Deuxfet2","71wRiWk9BCo7I6EhyzZ6o+","74J9cJ9tZB3KLl5KKzbqRb","74ug/ysftA/ILEizkvv1Mb","78KkaYTudPrp+cpvxvMw0Z","7bfV7xawdFxKa57hfaui/1","7duibTyaFNXKbGEe+r1MzQ","7eHH3bX6pPk6oYlcnStgxu","7fKX1oy+VNzI/VWDMgdYf6","80CxgCajtFyota7svvmLYG","80V3n+HBxLparIX3trIb6G","82mB42xNVOhaPY9h2t6OhO","8cUaZYdylCw6TgWNhiomFd","8cdXjYLXJO9axyeTHxI3cj","93N+CDrwJDtJz1n9cllOPl","95IoYWk05GqafBNX7pZ2Si","9bvO4L/1NEoJt8fySU1AOp","9b55pezE9GILfeegcomC/g","9cqI1orxhPSZQpR7u1niZi","a42xcvArZNn5JJvlEza7qQ","a9Ktem6ZdORoQR2pdodQ+4","a94BijuSdJ+rwFM/tKqZEO","aag2ZEAWNK97Z9bMdoyy1B","acqVnKxlZNxIZAzs4Ln/GD","ac2UsGTc9B57807yGPMXoq","aeotz1rYdB0Jtpq7wQ9rUw","b3bSU3+R1F55JY4HNZKkfX","b30KESiEtMk7JxQwSkBjJY","b4WE5LhrpNwbcuqqNgz8Xp","b6PYYEETJHEq7yzOTWYCln","b9cT/jJktHXqsTVcXAHHMR","bby9QBQyJNT4uTErPXbBhT","c1twSPkhFJM5c3T8MQtYwy","c5ROZY9mJN9ID2iLIBevi8","c9IsGiQvFFgqVxCBuS04Lz","d1uBRI2CZIvKBq8dMXvdAe","d35caWRrNFWZQUPuTKIhpB","d6omkgnGJLgLF+JEcnCySJ","d6pkjzAaFPXq70dwrkeyDf","daNFodeE1Nmb2IhBkYlMnr","dbruNFWSdNHLBwkQZEGbbb","dc/ZR9w2RLjqC5pgvP4Y3i","e2SpWBpalBNJp2MSDFgJ8i","e5lNIT3mtOCrMRSPwRMs1h","e6i42z2mpEK5aV42UaksPi","e83s5/uXtC2q0VoF4hESXw","eaWm2QPhJH/7cSP82Fa7Vb","f57ZegAc9NhKUBjHpgio9f","f6JZKp0CpE45sJPui5VrkL","ffDqkGEzJNraLksEuHGv0Q","ffX86vlVhP/bJTrvHxNI36"],"scenes":{},"redirect":[20,0,23,1,24,0,25,1,26,1,28,0,29,1,30,0,31,0,33,1,37,1,38,0,40,1,41,1,42,0,43,0,44,1,45,1,46,0,47,1,48,1,49,0,50,0,51,0,52,1,53,1,54,0,55,1,56,0,57,0,60,0,62,0,63,0,64,0,65,1,66,0,67,1,68,1,69,0,70,1,71,1,72,0,74,1,75,1,76,0,77,0,78,0,79,0,81,1,82,0,83,1,84,0,85,1,86,0,88,0,89,0,90,1,91,1,92,0,93,0,94,1,99,0,100,1,101,0,103,1,104,0,105,1,107,1],"deps":["resources","main"],"packs":{"0a8b1dd6d":[0,1,2,3,4,5,6,7,8,9,10,11,12,13,14,15,16,17,18,19]},"name":"guaishouxiaoxiao","importBase":"import","nativeBase":"native","debug":false,"isZip":false,"encrypted":false,"versions":{"import":[21,"34a20",22,"6b352","0a8b1dd6d","9b985",27,"eafd6",32,"29200",34,"0b895",35,"68f3c",36,"a7c79",39,"70965",58,"97193",59,"6d5e1",61,"ebf38",73,"6eb23",80,"87f3c",87,"b15d1",95,"32ead",96,"b3d7b",97,"24172",98,"0a9a6",102,"19e36",106,"b0ec8"],"native":[0,"a59b7",1,"b4b1d",2,"e481b",3,"a00db",4,"4e9f3",5,"5b357",6,"8078f",7,"7b257",8,"ee712",9,"de28e",10,"b9983",11,"377e6",12,"b0c8a",13,"d9eca",14,"42946",15,"dbcc2",16,"7113c",17,"853bb",18,"a0586",19,"c0d85"]}}