{"paths":{},"types":[],"uuids":["0epMHZnW5FVr8wslyCpHTx","36q0yRH+RP3rk8jydlno1M","46JvF/oZtL3L8kdGzi+P3I","53X/kXzMFBKpGLueRYp27q","7aUBG7EN9FXLg5fEkwF+mc","7aWUBWnFBHH4fSmwiHZJTm","80hRnC/0xFRqTi962GKmIY","ceaaF0JVNBUpf6wec1m1O4","d4dTpN0exAHpkC1fHxfWyQ","daOLWWhAxHS5xR8QIaehNx","e1ymWyY3FHlp81cM7M0sqO","e7NWBZWedIAb6rDFw3NHXD","00I77El3xH7rsxNKS4qA+Q","2ddWdgrRpOMLwJUF9nFmrC","62KlaSek5M8Ll6FqPpUvrH","6eWsxc08RHx5ZOFE73M4QO","6fbmhCwRdIfbGIyhaDjn35","7cSUDcW0JOLpH40QNT7G7C","817LGnA8dB/ZsilgK3id7g","942lqcSl1Cnaa/Fa/yWila","a9Uzfx1JZFV4zhnqwA0DYj","a9Z8kGwBFGrJw+gYIg/bQL","c9eTQdfMpDDof/JpQ1m5zO","ecpdLyjvZBwrvm+cedCcQy","farWZFZf9G/4PkVVGnmar4","fbt7xtPBJE56BkDx7EfHV1","ffoWpGAStMJ4djhAP5RK9R"],"scenes":{"db://assets/Scene/loading.fire":4},"redirect":[23,0],"deps":["internal"],"packs":{"07c85728c":[12,0,13,1,2,3,14,15,16,4,5,17,6,18,19,20,21,22,7,8,9,10,11,24,25,26]},"name":"start-scene","importBase":"import","nativeBase":"native","debug":false,"isZip":false,"encrypted":false,"versions":{"import":["07c85728c","7a411"],"native":[0,"c5fbe",1,"ccce4",2,"5bbc0",3,"b0116",5,"c66cf",6,"891cd",7,"ffb26",8,"dd7d3",9,"56c15",10,"0a67f",11,"51b11"]}}