[1,["71UYQLgiFFmrgXDNXrDMy/"],0,[["sp.SkeletonData",["_name","_atlasText","textureNames","_skeletonJson","textures"],-1,3]],[[0,0,1,2,3,4,5]],[[0,"chaonengli","\nchaonengli.png\nsize: 224,854\nformat: RGBA8888\nfilter: Linear,Linear\nrepeat: none\n1\n  rotate: true\n  xy: 2, 729\n  size: 123, 129\n  orig: 123, 130\n  offset: 0, 1\n  index: -1\nguangying_00\n  rotate: true\n  xy: 103, 32\n  size: 84, 99\n  orig: 115, 120\n  offset: 16, 14\n  index: -1\nguangying_01\n  rotate: false\n  xy: 133, 640\n  size: 87, 107\n  orig: 115, 120\n  offset: 15, 10\n  index: -1\nguangying_02\n  rotate: false\n  xy: 133, 749\n  size: 88, 103\n  orig: 115, 120\n  offset: 14, 13\n  index: -1\nguangying_03\n  rotate: false\n  xy: 2, 19\n  size: 97, 95\n  orig: 115, 120\n  offset: 6, 10\n  index: -1\nguangying_04\n  rotate: false\n  xy: 2, 116\n  size: 99, 95\n  orig: 115, 120\n  offset: 5, 11\n  index: -1\nguangying_05\n  rotate: true\n  xy: 107, 118\n  size: 100, 101\n  orig: 115, 120\n  offset: 5, 7\n  index: -1\nguangying_06\n  rotate: false\n  xy: 108, 220\n  size: 103, 102\n  orig: 115, 120\n  offset: 3, 9\n  index: -1\nguangying_07\n  rotate: true\n  xy: 110, 324\n  size: 102, 105\n  orig: 115, 120\n  offset: 5, 10\n  index: -1\nguangying_08\n  rotate: true\n  xy: 2, 625\n  size: 102, 110\n  orig: 115, 120\n  offset: 6, 9\n  index: -1\nguangying_09\n  rotate: false\n  xy: 2, 213\n  size: 103, 102\n  orig: 115, 120\n  offset: 6, 9\n  index: -1\nguangying_10\n  rotate: true\n  xy: 2, 412\n  size: 103, 106\n  orig: 115, 120\n  offset: 7, 5\n  index: -1\nguangying_11\n  rotate: true\n  xy: 113, 428\n  size: 105, 107\n  orig: 115, 120\n  offset: 7, 4\n  index: -1\nguangying_12\n  rotate: true\n  xy: 2, 517\n  size: 106, 109\n  orig: 115, 120\n  offset: 7, 2\n  index: -1\nguangying_13\n  rotate: true\n  xy: 114, 535\n  size: 103, 108\n  orig: 115, 120\n  offset: 10, 5\n  index: -1\nguangying_14\n  rotate: true\n  xy: 2, 317\n  size: 93, 104\n  orig: 115, 120\n  offset: 13, 9\n  index: -1\nt\n  rotate: false\n  xy: 101, 2\n  size: 71, 28\n  orig: 71, 28\n  offset: 0, 0\n  index: -1\n",["chaonengli.png"],{"skeleton":{"hash":"UHro4M+53xZRc6PDNF3U4Ik9aIM","spine":"3.8.75","x":-99.8,"y":-99.76,"width":198.87,"height":207.51,"images":"","audio":""},"bones":[{"name":"root"},{"name":"guangying_00","parent":"root","x":0.5,"y":4,"scaleX":1.7411,"scaleY":1.7411},{"name":"1","parent":"root","length":42,"rotation":90,"x":1.04,"y":0.74,"scaleX":0.5307,"scaleY":0.5307},{"name":"t2","parent":"root","x":-0.72,"y":-21.08}],"slots":[{"name":"guangying_00","bone":"guangying_00","attachment":"guangying_00"},{"name":"1","bone":"1","attachment":"1"},{"name":"t","bone":"root"},{"name":"t2","bone":"t2","attachment":"t"}],"skins":[{"name":"default","attachments":{"1":{"1":{"y":-1,"rotation":-90,"width":123,"height":130}},"guangying_00":{"guangying_00":{"x":-0.5,"scaleX":0.9932,"scaleY":0.9932,"width":115,"height":120},"guangying_01":{"x":-0.5,"width":115,"height":120},"guangying_02":{"x":-0.5,"width":115,"height":120},"guangying_03":{"x":-0.5,"width":115,"height":120},"guangying_04":{"x":-0.5,"width":115,"height":120},"guangying_05":{"x":-0.5,"width":115,"height":120},"guangying_06":{"x":-0.5,"width":115,"height":120},"guangying_07":{"x":-0.5,"width":115,"height":120},"guangying_08":{"x":-0.5,"width":115,"height":120},"guangying_09":{"x":-0.5,"width":115,"height":120},"guangying_10":{"x":-0.5,"width":115,"height":120},"guangying_11":{"x":-0.5,"width":115,"height":120},"guangying_12":{"x":-0.5,"width":115,"height":120},"guangying_13":{"x":-0.5,"width":115,"height":120},"guangying_14":{"x":-0.5,"width":115,"height":120}},"t2":{"t":{"x":1.76,"y":2.36,"width":71,"height":28}}}}],"animations":{"animation":{"slots":{"guangying_00":{"attachment":[{"name":null},{"time":0.0667,"name":"guangying_00"},{"time":0.1333,"name":"guangying_01"},{"time":0.2,"name":"guangying_02"},{"time":0.2667,"name":"guangying_03"},{"time":0.3333,"name":"guangying_04"},{"time":0.4,"name":"guangying_05"},{"time":0.4667,"name":"guangying_06"},{"time":0.5333,"name":"guangying_07"},{"time":0.6,"name":"guangying_08"},{"time":0.6667,"name":"guangying_09"},{"time":0.7333,"name":"guangying_10"},{"time":0.8,"name":"guangying_11"},{"time":0.8667,"name":"guangying_12"},{"time":0.9333,"name":"guangying_13"},{"time":1,"name":"guangying_14"},{"time":1.0667,"name":null}]}}}}},[0]]],0,0,[0],[-1],[0]]