[1,["e3IZ5QXRZM0JNZxG53Kfkc"],0,[["sp.SkeletonData",["_name","_atlasText","textureNames","_skeletonJson","textures"],-1,3]],[[0,0,1,2,3,4,5]],[[0,"jn_guang","\njn_guang.png\nsize: 157,157\nformat: RGBA8888\nfilter: Linear,Linear\nrepeat: none\ny\n  rotate: false\n  xy: 2, 2\n  size: 153, 153\n  orig: 154, 153\n  offset: 1, 0\n  index: -1\n",["jn_guang.png"],{"skeleton":{"hash":"RHh9mkH74gcSQ8u3knhHArsx6XE","spine":"3.8.75","x":-85.46,"y":-81.18,"width":166.3,"height":165.22,"images":"","audio":""},"bones":[{"name":"root"},{"name":"y","parent":"root","x":-0.16,"y":-1.03,"scaleX":1.0799,"scaleY":1.0799,"color":"ff0000ff"}],"slots":[{"name":"y","bone":"y","attachment":"y"}],"skins":[{"name":"default","attachments":{"y":{"y":{"x":-2,"y":2.28,"width":154,"height":153}}}}],"animations":{"animation":{"slots":{"y":{"color":[{"color":"ffffff00"},{"time":0.1,"color":"ffffffff","curve":"stepped"},{"time":0.5667,"color":"ffffffff"},{"time":0.6667,"color":"ffffff00"}]}},"bones":{"y":{"scale":[{"x":0.847,"y":0.847},{"time":0.6667,"x":1.231,"y":1.231}]}}}}},[0]]],0,0,[0],[-1],[0]]