[1,["ecpdLyjvZBwrvm+cedCcQy","cdl+77BTdMoIS7OTB1rxKE","fbjjObQ6FEcoArSx1cJvCf","eehYmpmJBMw4q5eYsfY4n5","derYa3wIRPCaPFlUDqPYGz","66If7M2xREqJ5bCcPYREOG","81tBW5EIVI46AkJtqIUp87","acCcaQe35HM4oD5y9htVpM","25bOyQxUlNWbOvDo7P8g+Y","afVDGMWxZOwoHmoxCkyG0X","e2IalvhBNJ1LT7hCf+Zxrj","3aAswSZNFH0Ij3ECdULZl/","29zexdw7xPRqp03wI3CwdD","61ozx114NO4Y8eAWwQCvnQ","fcB+6CHhlNfrurrniAXHwZ","49rF122YlH7ZqsQ7ZKrZ59","6e+ls+yShCcYXdt0NxIqt+","97muXuGD5JfJaki+BmOnNI","072esyCjVHL7RC1R1iXiE5","50DR5OxztOl7WipGyXLSlA","8dimwyOmhAh6yBfxqbeQHU","00f3N63UJF44P1BVEfLinr","b62sRsOq9FuL+OVBnEguDA","42yWczHshFmqQnuGnxRQAs","575cqln3dCxbwHwRIXBupq","88MIFr+BRLroYVicAFoqw9","a1U5RdJRFMFL57BdJC9H1X","c9PjN1Ph5C0rGkyDA1Fd8P","49AesENOdHRYSZ9UYmqIP2","ccQLPhQLZIUrE9OrDWROa8","1aZuv7CHlLaJ6HQ9tEfDi6","c2jUdFcHlDiqmHDtaX9YCc","d7wBGYv65K44V0pA2J6+a2","e9/Z1a0ABN4o3mDTzBhAnp","34ZQQvfFpCTJ3IZhXLYacJ","3c35OQND1N7LuxvhjE6Xqb","abxffRR79Hl5Kmxty4xSv5","41F7Z60sNErYn1ia+8IeM8","172rmVWpFDlaQhKHR36L2t","4fxPEr1NNI2rpAdrqA5U1K","8bB/Q+VrBOJ7JuUyVvVLC9","53U5v1QSFCp4XUHzD4p1mt","f4ZTf0plZDOrjAcH+o/rT0","81xK3wH/JBWbprwJyg/wdM","d2UA6MZCdEd6dzIMSqYPYY","11hLZ9GjdB+o0lMUb4FtRa","96cfgizlBBEaC5IGOAexhL","14xyURu+NMRIOeJSdv2LMT","cc1f9V6s1Lu6EizDlmi1nA","c2oVNXB2ZCiquKnLmIXxpw","42O3IFKQpKCYxxCHxjeymm","0dwfby7qNPPLlD6jMTuczR"],["node","_spriteFrame","_parent","_N$normalSprite","_N$pressedSprite","_N$hoverSprite","_N$disabledSprite","_textureSetter","scene","hmk_jiesuan","shezhidlg","help_gametype","shouzhiZhiyingDlg","shoushi_sprite_frame","gamesuccess_new","game_end_animate"],[["cc.Node",["_name","_active","_objFlags","_parent","_components","_contentSize","_trs","_color","_children"],0,1,9,5,7,5,12],["cc.Node",["_name","_active","_id","_children","_components","_trs","_contentSize","_parent"],0,2,9,7,5,1],["cc.Button",["_N$transition","zoomScale","node","_N$normalSprite","_N$pressedSprite","_N$hoverSprite","_N$disabledSprite"],1,1,6,6,6,6],"cc.SpriteFrame",["cc.Sprite",["_sizeMode","node","_materials","_spriteFrame"],2,1,3,6],["cc.Label",["_string","_fontSize","_N$horizontalAlign","_N$verticalAlign","_lineHeight","_styleFlags","node","_materials"],-3,1,3],["cc.LabelOutline",["_width","node","_color"],2,1,5],["cc.SceneAsset",["_name","asyncLoadAssets"],1],["7633c/ow0xHYZwa4BLlsdtU",["algintop","heipingalgintop","node"],1,1],["cc.Canvas",["_fitWidth","node","_designResolution"],2,1,5],["cc.Widget",["_alignFlags","node"],2,1],["ee0a8V6oAlLU4cgYYOLWZLW",["node","alldefinenodespritefrmae","hmk_jiesuan","shezhidlg","help_gametype","shouzhiZhiyingDlg","shoushi_sprite_frame","gamesuccess_new","game_end_animate"],3,1,12,6,6,6,6,6,6,6],["cc.Graphics",["_lineWidth","node","_materials","_strokeColor"],2,1,3,5],["003bf7mKgZA3YrBN/HFHLnO",["node"],3,1],["cc.Scene",["_name","_active","_children","_anchorPoint","_trs"],1,2,5,7],["cc.Camera",["_clearFlags","_depth","node"],1,1]],[[4,0,1,2,3,2],[0,0,3,4,5,6,2],[4,1,2,3,1],[1,0,7,3,4,6,5,2],[1,0,7,3,2],[5,0,1,4,2,3,6,7,6],[0,0,1,3,4,5,6,3],[1,0,3,4,6,5,2],[2,0,2,3,4,5,6,2],[2,1,0,2,3,4,5,6,3],[0,0,3,4,7,5,2],[0,0,3,4,5,2],[2,1,0,2,3],[5,0,1,4,5,2,3,6,7,7],[5,0,1,2,3,6,7,5],[0,0,3,2],[0,0,1,3,4,7,5,6,3],[0,0,3,4,7,5,6,2],[0,0,2,1,3,4,5,6,4],[4,1,2,1],[6,1,2,1],[6,0,1,2,2],[7,0,1,3],[0,0,8,6,2],[0,0,3,6,2],[0,0,3,8,2],[0,0,3,4,2],[0,0,4,5,6,2],[0,0,2,3,4,5,3],[0,0,2,3,4,5,6,3],[1,0,3,4,5,2],[1,0,1,3,4,6,5,3],[1,0,2,3,4,6,5,3],[1,0,1,7,3,3],[8,0,1,2,3],[2,0,2,2],[2,2,1],[9,0,1,2,2],[10,0,1,2],[11,0,1,2,3,4,5,6,7,8,1],[12,0,1,2,3,2],[13,0,1],[14,0,1,2,3,4,3],[15,0,1,2,3]],[[[{"name":"beijing_juxing","rect":[0,0,80,80],"offset":[0,0],"originalSize":[80,80],"capInsets":[0,0,0,0]}],[3],0,[0],[7],[22]],[[{"name":"bj3","rect":[0,0,1440,1920],"offset":[0,0],"originalSize":[1440,1920],"capInsets":[0,0,0,0]}],[3],0,[0],[7],[23]],[[[22,"Tuixiangzi",null],[23,"bottom",[[-1,-2,-3,-4,-5,-6,-7,-8,[24,"innergame",-9,[0,-53,0,0,0,0,1,1,1,1]],-10,-11],1,1,1,1,1,1,1,1,4,1,1],[-6.737,-600,0,0,0,0,1,1,1,1]],[30,"actionnode",[-13,-14,-15,-16,-17,1,-18,-19],[[34,440,500,-12]],[0,200,0,0,0,0,1,1,1,1]],[7,"game2",[-21,-22,-23,-24,-25,-26],[[12,1.1,3,-20]],[5,92,115],[284.375,340.97,0,0,0,0,1,1,1,0]],[31,"game1",false,[-28,-29,-30,-31,-32,-33],[[12,1.1,3,-27]],[5,92,115],[511.182,301.018,0,0,0,0,1,1,1,0]],[32,"Canvas","a5esZu+45LA5mBpvttspPD",[-37,-38,2],[[37,true,-34,[5,720,1280]],[38,45,-35],[39,-36,[[null,122,123,124,125,126,127],0,6,6,6,6,6,6],115,116,117,118,119,120,121]],[5,720,1280],[360,640,0,0,0,0,1,1,1,1]],[3,"restart",1,[-41,-42],[[0,0,-39,[46],47],[8,3,-40,48,49,50,51]],[5,84,105],[-118,15,0,0,0,0,1,1,1,0]],[3,"tiaoguo",1,[-45,-46],[[2,-43,[57],58],[9,1.1,3,-44,59,60,61,62]],[5,95,109],[14,15,0,0,0,0,1,1,1,0]],[3,"tishi",1,[-49,-50],[[0,0,-47,[80],81],[9,1.1,3,-48,82,83,84,85]],[5,95,109],[288,15,0,0,0,0,1,1,1,0]],[3,"zidongtishi",1,[-53,-54],[[0,0,-51,[91],92],[9,1.1,3,-52,93,94,95,96]],[5,92,109],[152,15,0,0,0,0,1,1,1,0]],[25,"panzi",2,[[[15,"gamenode",-55],-56,[15,"tishi_jt",-57]],4,1,4]],[3,"chouka",1,[-60],[[0,0,-58,[100],101],[35,3,-59]],[5,85,85],[-301.664,32.143,0,0,0,0,1,1,1,0]],[1,"jdhjm",2,[[2,-61,[2],3],[36,-62]],[5,185,62],[31.579,390.56,0,0,0,0,1,1,1,1]],[3,"bushu",2,[-64],[[0,0,-63,[5],6]],[5,140,36],[-87.329,327.745,0,0,0,0,1,1,1,1]],[3,"xingxing",2,[-66],[[2,-65,[8],9]],[5,160,36],[88.926,325.745,0,0,0,0,1,1,1,1]],[4,"othergame",2,[3,4]],[16,"title",false,3,[[5,"推荐游戏",20,20,1,1,-67,[17]],[20,-68,[4,4278190080]]],[4,4278245375],[5,82,27.2],[0,65.055,0,0,0,0,1,1,1,1]],[16,"title",false,4,[[5,"推荐游戏",20,20,1,1,-69,[26]],[20,-70,[4,4278190080]]],[4,4278245375],[5,82,27.2],[0,65.055,0,0,0,0,1,1,1,1]],[26,"tishi_grapgic",10,[[40,6,-71,[28],[4,4294967295]],[41,-72]]],[6,"shengyin",false,1,[[0,0,-73,[29],30],[8,2,-74,31,32,33,34]],[5,70,70],[220.12,810.566,0,0,0,0,1,1,1,1]],[1,"shangcheng",1,[[0,0,-75,[35],36],[8,3,-76,37,38,39,40]],[5,84,105],[-212.999,25.374,0,0,0,0,1,0.8,0.8,0]],[7,"circle",[-78],[[0,0,-77,[44],45]],[5,30,30],[38.197,44.746,0,0,0,0,1,1,1,1]],[7,"circle",[-80],[[0,0,-79,[55],56]],[5,30,30],[38.197,44.746,0,0,0,0,1,1,1,1]],[6,"gengduiyouxi",false,1,[[0,0,-81,[63],64],[8,3,-82,65,66,67,68]],[5,95,109],[-146,11,0,0,0,0,1,1,1,0]],[6,"cundang",false,1,[[2,-83,[69],70],[8,2,-84,71,72,73,74]],[5,84,96],[252.238,817.537,0,0,0,0,1,1,1,1]],[7,"circle",[-86],[[0,0,-85,[78],79]],[5,30,30],[38.197,45.746,0,0,0,0,1,1,1,1]],[7,"circle",[-88],[[0,0,-87,[89],90]],[5,30,30],[38.197,45.746,0,0,0,0,1,1,1,1]],[6,"tuijian_new",false,1,[[2,-89,[97],98],[12,1.1,3,-90]],[5,110,86],[-327.295,22.596999999999994,0,0,0,0,1,1,1,0]],[1,"leftt",11,[[13,"00:00",24,24,1,1,1,-91,[99]],[21,2,-92,[4,4278190335]]],[5,65.38,34.239999999999995],[-2.112,-58.016,0,0,0,0,1,1,1,1]],[4,"topmenu",2,[-93,-94]],[1,"fanhui",29,[[0,0,-95,[102],103],[9,1.1,3,-96,104,105,106,107]],[5,83,83],[-296.737,387,0,0,0,0,1,1,1,0]],[1,"bangzhu",29,[[0,0,-97,[108],109],[9,1.1,3,-98,110,111,112,113]],[5,80,80],[-197.737,388,0,0,0,0,1,1,1,0]],[27,"t",[[14,"请按照提示箭头移动木块",26,1,1,-99,[114]],[21,2,-100,[4,4278190080]]],[5,290,54.4],[0,-579.621,0,0,0,0,1,1,1,1]],[42,"New Node",false,[5],[0,0,0],[0,0,0,0,0,0,1,1,1,1]],[1,"Main Camera",5,[[43,7,-1,-101]],[5,960,640],[0,0,526.0292429174417,0,0,0,1,1,1,1]],[11,"mbj",5,[[2,-102,[0],1]],[5,1440,1920]],[28,"jishi",512,13,[[14,"第1关",30,1,1,-103,[4]]],[5,76.68,50.4]],[29,"bushu",512,14,[[14,"步数:1",30,1,1,-104,[7]]],[5,85.02,50.4],[0,0.7549999999999999,0,0,0,0,1,1,1,1]],[11,"tuijian_bs",3,[[0,0,-105,[10],11]],[5,113,130]],[1,"icon",3,[[0,0,-106,[12],13]],[5,90,90],[0,11.707,0,0,0,0,1,1,1,1]],[17,"name",3,[[13,"怪兽防卫战",20,22,1,1,1,-107,[14]]],[4,4278190080],[5,100,27.72],[0.32399999999999984,-49.703,0,0,0,0,1,1,1,1]],[6,"n",false,3,[[2,-108,[15],16]],[5,61,32],[-47.125,63.815,0,0,0,0,1,1,1,1]],[18,"hytj",512,false,3,[[19,-109,[18]]],[5,23,87],[-56.065,3.242,0,0,0,0,1,1,1,1]],[11,"tuijian_bs",4,[[0,0,-110,[19],20]],[5,113,130]],[1,"icon",4,[[0,0,-111,[21],22]],[5,90,90],[0,11.707,0,0,0,0,1,1,1,1]],[17,"name",4,[[13,"怪兽防卫战",20,22,1,1,1,-112,[23]]],[4,4278190080],[5,100,27.72],[0.32399999999999984,-49.703,0,0,0,0,1,1,1,1]],[1,"n",4,[[2,-113,[24],25]],[5,61,32],[-47.125,63.815,0,0,0,0,1,1,1,1]],[18,"hytj",512,false,4,[[19,-114,[27]]],[5,23,87],[-56.065,3.242,0,0,0,0,1,1,1,1]],[1,"sp",6,[[2,-115,[41],42]],[5,38,30],[-36.287,45.836,0,0,0,0,1,0.7,0.7,1]],[4,"left",6,[21]],[10,"c",21,[[5,"11",20,20,1,1,-116,[43]]],[4,4278190080],[5,20.76,25.2]],[1,"sp",7,[[2,-117,[52],53]],[5,38,30],[-36.287,45.836,0,0,0,0,1,0.7,0.7,1]],[4,"left",7,[22]],[10,"c",22,[[5,"11",20,20,1,1,-118,[54]]],[4,4278190080],[5,20.76,25.2]],[1,"sp",8,[[2,-119,[75],76]],[5,38,30],[-36.287,45.836,0,0,0,0,1,0.7,0.7,1]],[4,"left",8,[25]],[10,"c",25,[[5,"5",20,20,1,1,-120,[77]]],[4,4278190080],[5,11.12,25.2]],[1,"sp",9,[[2,-121,[86],87]],[5,38,30],[-36.287,45.836,0,0,0,0,1,0.7,0.7,1]],[4,"left",9,[26]],[10,"c",26,[[5,"5",20,20,1,1,-122,[88]]],[4,4278190080],[5,11.12,25.2]],[33,"tishitipnode",false,2,[32]]],0,[0,-1,19,0,-2,20,0,-3,6,0,-4,7,0,-5,23,0,-6,24,0,-7,8,0,-8,9,0,2,1,0,-10,27,0,-11,11,0,0,2,0,-1,12,0,-2,13,0,-3,14,0,-4,15,0,-5,10,0,-7,29,0,-8,60,0,0,3,0,-1,38,0,-2,39,0,-3,40,0,-4,41,0,-5,16,0,-6,42,0,0,4,0,-1,43,0,-2,44,0,-3,45,0,-4,46,0,-5,17,0,-6,47,0,0,5,0,0,5,0,0,5,0,-1,34,0,-2,35,0,0,6,0,0,6,0,-1,48,0,-2,49,0,0,7,0,0,7,0,-1,51,0,-2,52,0,0,8,0,0,8,0,-1,54,0,-2,55,0,0,9,0,0,9,0,-1,57,0,-2,58,0,2,10,0,-2,18,0,2,10,0,0,11,0,0,11,0,-1,28,0,0,12,0,0,12,0,0,13,0,-1,36,0,0,14,0,-1,37,0,0,16,0,0,16,0,0,17,0,0,17,0,0,18,0,0,18,0,0,19,0,0,19,0,0,20,0,0,20,0,0,21,0,-1,50,0,0,22,0,-1,53,0,0,23,0,0,23,0,0,24,0,0,24,0,0,25,0,-1,56,0,0,26,0,-1,59,0,0,27,0,0,27,0,0,28,0,0,28,0,-1,30,0,-2,31,0,0,30,0,0,30,0,0,31,0,0,31,0,0,32,0,0,32,0,0,34,0,0,35,0,0,36,0,0,37,0,0,38,0,0,39,0,0,40,0,0,41,0,0,42,0,0,43,0,0,44,0,0,45,0,0,46,0,0,47,0,0,48,0,0,50,0,0,51,0,0,53,0,0,54,0,0,56,0,0,57,0,0,59,0,8,33,1,2,2,2,2,5,3,2,15,4,2,15,5,2,33,21,2,49,22,2,52,25,2,55,26,2,58,32,2,60,122],[0,0,0,0,0,0,0,0,0,0,0,0,0,0,0,0,0,0,0,0,0,0,0,0,0,0,0,0,0,0,0,0,0,0,0,0,0,0,0,0,0,0,0,0,0,0,0,0,0,0,0,0,0,0,0,0,0,0,0,0,0,0,0,0,0,0,0,0,0,0,0,0,0,0,0,0,0,0,0,0,0,0,0,0,0,0,0,0,0,0,0,0,0,0,0,0,0,0,0,0,0,0,0,0,0,0,0,0,0,0,0,0,0,0,0,0,0,0,0,0,0,0,0,0,0,0,0,0],[-1,1,-1,1,-1,-1,1,-1,-1,1,-1,1,-1,1,-1,-1,1,-1,-1,-1,1,-1,1,-1,-1,1,-1,-1,-1,-1,1,3,4,5,6,-1,1,3,4,5,6,-1,1,-1,-1,1,-1,1,3,4,5,6,-1,1,-1,-1,1,-1,1,3,4,5,6,-1,1,3,4,5,6,-1,1,3,4,5,6,-1,1,-1,-1,1,-1,1,3,4,5,6,-1,1,-1,-1,1,-1,1,3,4,5,6,-1,1,-1,-1,1,-1,1,3,4,5,6,-1,1,3,4,5,6,-1,9,10,11,12,13,14,15,-2,-3,-4,-5,-6,-7],[0,24,0,25,0,0,10,0,0,10,0,11,0,12,0,0,13,0,0,0,11,0,12,0,0,13,0,0,26,0,6,6,14,6,14,0,27,2,1,7,1,0,3,0,0,4,0,28,2,1,7,1,0,3,0,0,4,0,15,15,16,29,16,0,2,2,1,7,1,0,8,8,17,8,17,0,3,0,0,4,0,30,9,5,18,5,0,3,0,0,4,0,9,9,5,18,5,0,31,0,0,32,0,33,34,19,35,19,0,20,20,21,36,21,0,37,38,39,40,41,42,43,44,45,46,47,48,49]],[[{"name":"woniu_you","rect":[0,0,65,59],"offset":[0,0],"originalSize":[65,59],"capInsets":[0,0,0,0]}],[3],0,[0],[7],[50]],[[{"name":"zhuankuai","rect":[0,0,80,80],"offset":[0,0],"originalSize":[80,80],"capInsets":[0,0,0,0]}],[3],0,[0],[7],[51]]]]