[1,["ecpdLyjvZBwrvm+cedCcQy","86PXEgShNMaa5JDijbfl4X","58LmJ4BhRAuoWO0ZTEsjQA","6eWsxc08RHx5ZOFE73M4QO","4bqUcwte5OQKJbyVqGNsQl","7aQ6VvUnVD04XumUmtTz9T","95ShAli6ZC6YMI9tAWtq+Q","817LGnA8dB/ZsilgK3id7g"],["node","_spriteFrame","_textureSetter","_N$barSprite","scene","_parent","luosi_unit_config","yingdao_step_info_define_config","daluosi_config"],[["cc.Node",["_name","_id","_components","_contentSize","_parent","_children","_trs"],1,9,5,1,2,7],["cc.Sprite",["_type","_sizeMode","node","_materials","_spriteFrame"],1,1,3,6],"cc.SpriteFrame",["cc.JsonAsset",["_name","json"],1],["cc.SceneAsset",["_name","asyncLoadAssets"],1],["cc.Node",["_name","_parent","_components","_contentSize","_anchorPoint","_trs"],2,1,2,5,5,7],["cc.Canvas",["_fitWidth","node","_designResolution"],2,1,5],["e505dq+YJdAKbhPzBoUHR5e",["node","luosi_unit_config","yingdao_step_info_define_config","daluosi_config"],3,1,6,6,6],["d47f4KA8v5OfYEIGgeo6CdK",["node"],3,1],["cc.ProgressBar",["_N$totalLength","_N$progress","node","_N$barSprite"],1,1,1],["cc.Label",["_string","_lineHeight","_styleFlags","_N$horizontalAlign","_N$verticalAlign","node","_materials"],-2,1,3],["cc.LabelOutline",["_width","node","_color"],2,1,5],["cc.Scene",["_name","_active","_children","_anchorPoint","_trs"],1,2,5,7],["cc.Camera",["_clearFlags","_depth","node"],1,1]],[[3,0,1,3],[0,0,4,2,3,6,2],[4,0,1,3],[0,0,1,5,2,3,6,3],[0,0,4,5,2,2],[0,0,4,5,2,3,6,2],[0,0,4,2,3,2],[5,0,1,2,3,4,5,2],[6,0,1,2,2],[7,0,1,2,3,1],[8,0,1],[1,0,2,3,4,2],[1,1,2,3,4,2],[1,0,1,2,3,3],[9,0,1,2,3,3],[10,0,1,2,3,4,5,6,6],[11,0,1,2,2],[12,0,1,2,3,4,3],[13,0,1,2,3]],[[[[0,"luosi_unit_config",{"units":["unit_1_1","unit_2_1","unit_2_2","unit_2_3","unit_3_1","unit_3_2","unit_3_3","unit_4_1","unit_4_2","unit_4_3","unit_4_4","unit_5_1","unit_5_2","unit_5_3","unit_5_4","unit_6_1","unit_6_2","unit_6_3","unit_7_1","unit_7_2","unit_7_3","unit_8_1","unit_8_2","unit_8_3","unit_9_1","unit_9_2","unit_9_3","unit_9_4","unit_10_1","unit_10_2","unit_10_3"]}]],0,0,[],[],[]],[[{"name":"bj","rect":[0,0,720,1280],"offset":[0,0],"originalSize":[720,1280],"capInsets":[0,0,0,0]}],[2],0,[0],[2],[1]],[[[0,"yingdao_step_info",{"ydsteps":{"luosi_paixu_tiaozhan":[{"action":51,"delaypop":0.1,"showtip":"初始化引导的为初始筹码"},{"action":54,"delaypop":0.1,"acm":1,"info":"螺丝点击","showtip":"点击选择"},{"action":61,"delaypop":0.1,"acm":1,"info":"移动1柱子到最上面","showtip":"点击选择"},{"action":99,"delaypop":0.2,"desc":"action -99 - 什么都不干，等待delaypop秒"},{"action":54,"delaypop":0.1,"acm":4,"info":"螺丝点击","showtip":"点击空位移动到该位置"},{"action":62,"delaypop":0.1,"acm":1,"to":4,"info":"移动1柱子到3","showtip":"点击选择"},{"action":54,"delaypop":0.1,"acm":2,"info":"螺丝点击","showtip":"点击选择"},{"action":61,"delaypop":0.1,"acm":2,"info":"移动1柱子到最上面","showtip":"点击选择"},{"action":99,"delaypop":0.2,"desc":"action -99 - 什么都不干，等待delaypop秒"},{"action":54,"delaypop":0.1,"acm":4,"info":"螺丝点击","showtip":"点击相同颜色螺丝移动"},{"action":62,"delaypop":0.1,"acm":2,"to":4,"info":"移动1柱子到3","showtip":"点击选择"},{"action":99,"delaypop":0.2,"desc":"action -99 - 什么都不干，等待delaypop秒"},{"action":54,"delaypop":0.1,"acm":1,"info":"螺丝点击","showtip":"点击选择"},{"action":61,"delaypop":0.1,"acm":1,"info":"移动1柱子到最上面","showtip":"点击选择"},{"action":99,"delaypop":0.2,"desc":"action -99 - 什么都不干，等待delaypop秒"},{"action":54,"delaypop":0.1,"acm":2,"info":"螺丝点击","showtip":"点击相同颜色螺丝移动"},{"action":62,"delaypop":0.1,"acm":1,"to":2,"info":"移动1柱子到2","showtip":"点击选择"},{"action":99,"delaypop":0.6,"desc":"action -99 - 什么都不干，等待delaypop秒"},{"action":34,"delaypop":0.1,"acm":2,"info":"弹出dongh","showtip":"发"},{"action":99,"delaypop":1,"desc":"action -99 - 什么都不干，等待delaypop秒"},{"action":33,"delaypop":0.1,"acm":2,"info":"结束引导","showtip":"发"}],"luosi_hecheng_game_5":[{"action":11,"delaypop":0.1,"showtip":"初始化引导的为初始筹码"},{"action":14,"delaypop":0.1,"acm":1,"info":"螺丝点击","showtip":"点击选择"},{"action":21,"delaypop":0.1,"acm":1,"info":"移动1柱子到最上面","showtip":"点击选择"},{"action":14,"delaypop":0.1,"acm":3,"info":"螺丝点击","showtip":"同颜色数字螺丝放一起哦"},{"action":22,"delaypop":0.1,"acm":1,"to":3,"info":"移动1柱子到3","showtip":"点击选择"},{"action":24,"delaypop":0.1,"acm":3,"info":"准备合成","showtip":"6个相同颜色螺丝,合成下一数字"},{"action":25,"delaypop":0.1,"acm":3,"info":"逻辑合成螺丝","showtip":"合成"},{"action":26,"delaypop":0.1,"acm":1,"info":"引导点击发牌按钮","showtip":"发更多的螺丝"},{"action":27,"delaypop":0.1,"acm":1,"info":"逻辑实际发牌","showtip":"合成"},{"action":14,"delaypop":0.1,"acm":1,"info":"螺丝点击","showtip":"继续合成"},{"action":21,"delaypop":0.1,"acm":1,"info":"移动1柱子到最上面","showtip":""},{"action":14,"delaypop":0.1,"acm":2,"info":"螺丝点击","showtip":""},{"action":22,"delaypop":0.1,"acm":1,"to":2,"info":"移动1柱子到2","showtip":""},{"action":14,"delaypop":0.1,"acm":3,"info":"螺丝点击","showtip":""},{"action":21,"delaypop":0.1,"acm":3,"info":"移动3柱子到最上面","showtip":"点击选择"},{"action":14,"delaypop":0.1,"acm":2,"info":"螺丝点击","showtip":""},{"action":22,"delaypop":0.1,"acm":3,"to":2,"info":"移动3柱子到2","showtip":"点击选择"},{"action":24,"delaypop":0.1,"acm":2,"info":"准备合成","showtip":""},{"action":25,"delaypop":0.1,"acm":2,"info":"逻辑合成螺丝","showtip":"合成"},{"action":99,"delaypop":0.3,"desc":"action -99 - 什么都不干，等待delaypop秒"},{"action":31,"delaypop":0.1,"exitsec":2,"info":"显示关卡合成目标","showtip":"这是本关的合成目标"},{"action":26,"delaypop":0.1,"acm":2,"info":"引导点击发牌按钮","showtip":"发更多的螺丝"},{"action":27,"delaypop":0.1,"acm":2,"info":"逻辑实际发牌","showtip":"发"},{"action":33,"delaypop":0.1,"acm":2,"info":"结束引导","showtip":"发"}],"main_dt_2":[{"action":1,"delaypop":0.1,"showtip":"过关宝箱可以领取了.快去点击领取吧"},{"action":4,"delaypop":0.1,"acm":1,"showtip":"引导点击过关宝箱"},{"action":6,"delaypop":0.1,"acm":1,"showtip":"打开领取"},{"action":1,"delaypop":0.1,"showtip":"完成系统成就任务后可在成就系统领取奖励"},{"action":7,"delaypop":0.1,"acm":1,"showtip":"引导点击成就按钮"},{"action":8,"delaypop":0.1,"acm":1,"showtip":"打开成就弹框","popdlgactionlist":[{"action":99,"delaypop":0.3,"desc":"action -99 - 什么都不干，等待delaypop秒"},{"action":1,"delaypop":0.01,"showtip":"完成了过关奖励成就，点击领取"},{"action":11,"delaypop":0.01,"showtip":"点击主任务第一个领取"},{"action":99,"delaypop":0.2,"desc":"action -99 - 什么都不干，等待delaypop秒"},{"action":12,"delaypop":0.01,"showtip":"点击主任务第一个领取"},{"action":1,"delaypop":0.01,"showtip":"恭喜获得奖励,后续完成任务后请及时来成就领取奖励哦"}]},{"action":99,"delaypop":0.1,"desc":"action -99 - 什么都不干，等待delaypop秒"}],"main_dt_6":[{"action":1,"delaypop":0.1,"showtip":"恭喜解锁梦幻花园,首先领取下种子吧"},{"action":7,"delaypop":0.1,"acm":1,"showtip":"引导点击成就按钮"},{"action":8,"delaypop":0.1,"acm":1,"showtip":"打开成就弹框","popdlgactionlist":[{"action":99,"delaypop":0.3,"desc":"action -99 - 什么都不干，等待delaypop秒"},{"action":1,"delaypop":0.01,"showtip":"完成了过关奖励成就，点击领取"},{"action":11,"delaypop":0.01,"showtip":"滚动到"},{"action":99,"delaypop":0.2,"desc":"action -99 - 什么都不干，等待delaypop秒"},{"action":13,"delaypop":0.01,"showtip":"点击主任务第一个领取"},{"action":1,"delaypop":0.01,"showtip":"恭喜获得种子券，我们快去梦幻花园购买花种吧"},{"action":15,"delaypop":0.01,"showtip":"退出"}]},{"action":21,"delaypop":0.1,"acm":1,"showtip":"引导点击花园"},{"action":22,"delaypop":0.1,"acm":1,"showtip":"打开梦幻花园","popdlgactionlist":[{"action":99,"delaypop":0.3,"desc":"action -99 - 什么都不干，等待delaypop秒"},{"action":1,"delaypop":0.01,"showtip":"装扮我们的花园吧，首先去购买要播种的花吧"},{"action":3,"delaypop":0.01,"showtip":"引导点击播种按钮"},{"action":4,"delaypop":0.01,"showtip":"打开播种弹框","popdlgactionlist":[{"action":99,"delaypop":0.3,"desc":"action -99 - 什么都不干，等待delaypop秒"},{"action":1,"delaypop":0.01,"showtip":"首次购买花一折，我们去买花播种吧"},{"action":11,"delaypop":0.01,"showtip":"滚动到"},{"action":2,"delaypop":0.01,"showtip":"选择第一个花点击"},{"action":3,"delaypop":0.01,"showtip":"购买花成功"},{"action":1,"delaypop":0.01,"showtip":"购买花成功,点击播种吧"},{"action":4,"delaypop":0.01,"showtip":"点击播种按钮"},{"action":5,"delaypop":0.01,"showtip":"播种成功，退出"}]},{"action":5,"delaypop":0.01,"showtip":"确保播种一个花"},{"action":1,"delaypop":0.01,"showtip":"播种成功，我们加速下种子发芽过程吧"},{"action":6,"delaypop":0.01,"showtip":"选择第一个花点击"},{"action":7,"delaypop":0.01,"showtip":"打开加速","popdlgactionlist":[{"action":99,"delaypop":0.3,"desc":"action -99 - 什么都不干，等待delaypop秒"},{"action":1,"delaypop":0.01,"showtip":"点击加速种子的发芽吧"},{"action":99,"delaypop":0.1,"desc":"action -99 - 什么都不干，等待delaypop秒"},{"action":2,"delaypop":0.01,"showtip":"引导点击按钮"},{"action":5,"delaypop":0.01,"showtip":"播种成功"}]},{"action":99,"delaypop":0.3,"desc":"action -99 - 什么都不干，等待delaypop秒"},{"action":1,"delaypop":0.01,"showtip":"我们的花种发芽啦,接下来自行改造花园吧"}]},{"action":99,"delaypop":0.1,"desc":"action -99 - 什么都不干，等待delaypop秒"}]}}]],0,0,[],[],[]],[[[0,"daluosi_config",{"elments":["element_babian_3","element_bajiaoxing_8","element_cat_2","element_chang_4","element_chang_6","element_changfang_5","element_changfang_6","element_fang_2_160x161","element_fang_3_160x160","element_fang_3_235x235","element_fang_4_235x235","element_fang_6_310x310","element_fang_9_235x235","element_fang_12","element_gutou_5","element_hua","element_kong_7","element_kongxin_3","element_l_3","element_liubian_3","element_loudou_2","element_sanjiao_3","element_shizi_4","element_star","element_x_2","element_yuan_1","element_yuan_3","element_yue_2","element_yue_3","element_yun_4"],"layer_config":[{"id":1,"elements":[{"ele":"element_yuan_1","pos":[24.159,-125.326]}]},{"id":2,"elements":[{"ele":"element_fang_4_235x235","pos":[-152.14,111.327]},{"ele":"element_fang_4_235x235","pos":[100.58,-132.969]}]},{"id":3,"elements":[{"ele":"element_kongxin_3","pos":[-118.166,105.999]}]},{"id":4,"elements":[{"ele":"element_yuan_1","pos":[0,192.065]},{"ele":"element_yuan_1","pos":[111.342,-99]}]},{"id":5,"elements":[{"ele":"element_fang_4_235x235","pos":[-122.576,83.75]},{"ele":"element_fang_3_235x235","pos":[128.334,-78.266]},{"ele":"element_fang_3_160x160","pos":[-81.664,-131.794]},{"ele":"element_fang_3_160x160","pos":[124,140.946]}]},{"id":6,"elements":[{"ele":"element_fang_3_160x160","pos":[0,0]}]},{"id":7,"elements":[{"ele":"element_fang_4_235x235","pos":[-122.576,83.75]},{"ele":"element_fang_4_235x235","pos":[128.334,-78.266]},{"ele":"element_fang_3_160x160","pos":[-81.664,-131.794]},{"ele":"element_fang_3_160x160","pos":[124,140.946]}]},{"id":8,"elements":[{"ele":"element_chang_4","pos":[0,0]},{"ele":"element_hua","pos":[-4.672,154.175]}]},{"id":9,"elements":[{"ele":"element_yun_4","pos":[0,135.11]},{"ele":"element_yun_4","angle":180,"pos":[0,-31.482]}]},{"id":10,"elements":[{"ele":"element_changfang_6","angle":-45,"pos":[-2.746,21.802]},{"ele":"element_l_3","angle":-45,"pos":[132.582,33.461]},{"ele":"element_l_3","angle":136,"pos":[-142.608,15.747]}]},{"id":11,"elements":[{"ele":"element_gutou_5","angle":45,"pos":[-123.763,90.819]},{"ele":"element_gutou_5","angle":45,"pos":[108.62,-33.834]}]},{"id":12,"elements":[{"ele":"element_yue_2","angle":-90,"pos":[-11.805,-90.905]},{"ele":"element_yue_2","angle":90,"pos":[-158.196,57.848]},{"ele":"element_yue_2","angle":90,"pos":[100.35,57.848]}]},{"id":13,"elements":[{"ele":"element_fang_2_160x161","angle":0,"pos":[0,0]},{"ele":"element_fang_2_160x161","angle":0,"pos":[-175.859,0]},{"ele":"element_fang_2_160x161","angle":0,"pos":[175.859,0]},{"ele":"element_fang_2_160x161","angle":0,"pos":[0,166.083]},{"ele":"element_fang_2_160x161","angle":0,"pos":[175.859,166.083]},{"ele":"element_fang_2_160x161","angle":0,"pos":[-175.859,166]},{"ele":"element_fang_2_160x161","angle":0,"pos":[0,-164.594]},{"ele":"element_fang_2_160x161","angle":0,"pos":[175.859,-166]},{"ele":"element_fang_2_160x161","angle":0,"pos":[-175.859,-166]}]},{"id":14,"elements":[{"ele":"element_x_2","angle":0,"pos":[-92.146,149.109]},{"ele":"element_x_2","angle":0,"pos":[-97.172,-85.445]},{"ele":"element_x_2","angle":0,"pos":[93.822,149.109]},{"ele":"element_x_2","angle":0,"pos":[88.796,-85.445]}]},{"id":15,"elements":[{"ele":"element_loudou_2","angle":0,"pos":[-74.585,154.497]},{"ele":"element_loudou_2","angle":-105,"pos":[97.671,-47.948]},{"ele":"element_loudou_2","angle":-105,"pos":[-90.567,-42.621]},{"ele":"element_loudou_2","angle":-134,"pos":[87.016,118.98]}]},{"id":16,"elements":[{"ele":"element_fang_4_235x235","angle":0,"pos":[0,0]},{"ele":"element_x_2","angle":45,"pos":[-153.882,140.008]}]},{"id":17,"elements":[{"ele":"element_chang_6","angle":0,"pos":[0,78.432]},{"ele":"element_chang_6","angle":0,"pos":[0,0]},{"ele":"element_chang_6","angle":0,"pos":[0,-78.431]}]},{"id":18,"elements":[{"ele":"element_x_2","angle":0,"pos":[17.832,-208.038]},{"ele":"element_x_2","angle":0,"pos":[-68.95,230]},{"ele":"element_x_2","angle":-52.5,"pos":[156.808,199.923]}]},{"id":19,"elements":[{"ele":"element_fang_6_310x310","angle":0,"pos":[0,0]}]},{"id":20,"elements":[{"ele":"element_fang_6_310x310","angle":0,"pos":[73.705,-60.628]}]},{"id":21,"elements":[{"ele":"element_loudou_2","angle":0,"pos":[0,23.142]}]},{"id":22,"elements":[{"ele":"element_changfang_6","angle":-45,"pos":[94.28,-47.351]},{"ele":"element_changfang_6","angle":-45,"pos":[-77.288,116.689]},{"ele":"element_changfang_6","angle":-45,"pos":[124.166,160.704]},{"ele":"element_changfang_6","angle":-45,"pos":[-99.296,-93.23]}]},{"id":23,"elements":[{"ele":"element_shizi_4","angle":45,"pos":[-105.178,-20.965]},{"ele":"element_liubian_3","angle":0,"pos":[129.823,-70.545]},{"ele":"element_yue_3","angle":-33.5,"pos":[60.767,145.673]},{"ele":"element_x_2","angle":-78.3,"pos":[-86.668,163.604]}]},{"id":24,"elements":[{"ele":"element_kong_7","angle":32.8,"pos":[9.962,40.077]}]},{"id":25,"elements":[{"ele":"element_babian_3","angle":0,"pos":[-85.304,159.975]},{"ele":"element_chang_6","angle":0,"pos":[-12.333,22.257]}]},{"id":26,"elements":[{"ele":"element_changfang_6","angle":90,"pos":[135.663,-50.714]}]},{"id":27,"elements":[{"ele":"element_fang_12","angle":0,"pos":[-34.403,85.95]}]},{"id":28,"elements":[{"ele":"element_bajiaoxing_8","angle":0,"pos":[56.254,153.509]},{"ele":"element_x_2","angle":0,"pos":[96.642,-70.066]},{"ele":"element_loudou_2","angle":-48.5,"pos":[-151.353,56.624]},{"ele":"element_fang_2_160x161","angle":0,"pos":[-59.139,-88.818]}]},{"id":29,"elements":[{"ele":"element_kong_7","angle":0,"pos":[13.178,128.267]},{"ele":"element_yuan_3","angle":0,"pos":[146.444,-127.339]},{"ele":"element_yuan_3","angle":0,"pos":[-57.484,-127.339]}]},{"id":30,"elements":[{"ele":"element_changfang_5","angle":90,"pos":[-83.333,118.009]},{"ele":"element_changfang_5","angle":90,"pos":[95.237,118]}]},{"id":31,"elements":[{"ele":"element_bajiaoxing_8","angle":0,"pos":[56.315,150.532]},{"ele":"element_bajiaoxing_8","angle":0,"pos":[-139.767,-117.015]}]},{"id":32,"elements":[{"ele":"element_yun_4","angle":0,"pos":[0,96.97]}]},{"id":33,"elements":[{"ele":"element_shizi_4","angle":45,"pos":[29.091,45.253]}]},{"id":34,"elements":[{"ele":"element_sanjiao_3","angle":0,"pos":[-59.463,110.432]},{"ele":"element_sanjiao_3","angle":180,"pos":[27.608,-52.03]}]},{"id":35,"elements":[{"ele":"element_x_2","angle":0,"pos":[-58.364,-21.223]},{"ele":"element_liubian_3","angle":0,"pos":[66.323,-124.687]}]},{"id":36,"elements":[{"ele":"element_x_2","angle":0,"pos":[113.382,85.185]}]},{"id":37,"elements":[{"ele":"element_fang_4_235x235","angle":45,"pos":[-53.168,51.739]},{"ele":"element_chang_4","angle":45,"pos":[116.003,-37.461]},{"ele":"element_sanjiao_3","angle":6.5,"pos":[-160.363,-103.368]}]},{"id":38,"elements":[{"ele":"element_cat_2","angle":45,"pos":[2.432,-100.907]},{"ele":"element_cat_2","angle":45,"pos":[113.432,26.743]},{"ele":"element_yuan_3","angle":0,"pos":[-117.009,32.278]}]},{"id":39,"elements":[{"ele":"element_l_3","angle":0,"pos":[139.529,81.6]},{"ele":"element_l_3","angle":180,"pos":[49.004,56.887]},{"ele":"element_l_3","angle":0,"pos":[139.529,-98.221]},{"ele":"element_l_3","angle":180,"pos":[48.904,-122.934]},{"ele":"element_l_3","angle":90,"pos":[-170.387,24.462]},{"ele":"element_l_3","angle":-90,"pos":[-143.445,-88.069]}]},{"id":40,"elements":[{"ele":"element_bajiaoxing_8","angle":0,"pos":[-82.562,65.739]},{"ele":"element_fang_2_160x161","angle":45,"pos":[-84.13,-175.294]},{"ele":"element_fang_3_160x160","angle":43.7,"pos":[143.866,62.781]}]},{"id":41,"elements":[{"ele":"element_cat_2","angle":0,"pos":[-83.224,-41.612]}]},{"id":42,"elements":[{"ele":"element_yuan_1","angle":0,"pos":[0,124.763]},{"ele":"element_x_2","angle":57.5,"pos":[142.318,60.608]},{"ele":"element_x_2","angle":90,"pos":[-137.181,27.87]},{"ele":"element_fang_2_160x161","angle":45,"pos":[90.675,-111.421]},{"ele":"element_fang_2_160x161","angle":45,"pos":[-92.323,-169.342]}]},{"id":43,"elements":[{"ele":"element_changfang_6","angle":90,"pos":[55.303,50.757]},{"ele":"element_changfang_6","angle":90,"pos":[-108.97,50.757]},{"ele":"element_cat_2","angle":0,"pos":[-9.663,-164.273]}]},{"id":44,"elements":[{"ele":"element_liubian_3","angle":0,"pos":[-101.588,60.649]},{"ele":"element_liubian_3","angle":0,"pos":[72.779,-6]},{"ele":"element_loudou_2","angle":0,"pos":[-3.032,-144.042]},{"ele":"element_loudou_2","angle":90,"pos":[-122.815,-139.494]}]},{"id":45,"elements":[{"ele":"element_yun_4","angle":0,"pos":[-6.065,86.425]},{"ele":"element_yun_4","angle":180,"pos":[-1.516,-110.685]}]},{"id":46,"elements":[{"ele":"element_star","angle":0,"pos":[9.202,70.922]},{"ele":"element_kong_7","angle":0,"pos":[0,65.291]}]},{"id":47,"elements":[{"ele":"element_yue_3","angle":90,"pos":[-92.469,93.919]}]},{"id":48,"elements":[{"ele":"element_star","angle":0,"pos":[-27.539,173.498]},{"ele":"element_star","angle":0,"pos":[33.047,30]},{"ele":"element_star","angle":0,"pos":[45.141,-114]},{"ele":"element_star","angle":0,"pos":[-130.408,-48]}]},{"id":49,"elements":[{"ele":"element_yun_4","angle":0,"pos":[25.132,201.057]},{"ele":"element_yun_4","angle":0,"pos":[10.053,43.562]},{"ele":"element_yun_4","angle":0,"pos":[-16.755,-119]}]},{"id":50,"elements":[{"ele":"element_changfang_6","angle":90,"pos":[-74.41,137.071]}]},{"id":51,"elements":[{"ele":"element_changfang_5","angle":0,"pos":[-37.205,9.791]}]},{"id":52,"elements":[{"ele":"element_shizi_4","angle":45,"pos":[-44.031,51]}]},{"id":53,"elements":[{"ele":"element_kongxin_3","angle":0,"pos":[-126.59,77.055]},{"ele":"element_kongxin_3","angle":0,"pos":[146.77,9]},{"ele":"element_l_3","angle":90,"pos":[9.173,-31.189]},{"ele":"element_babian_3","angle":30.2,"pos":[0,170.585]},{"ele":"element_babian_3","angle":30.2,"pos":[32.96,-215.629]}]},{"id":54,"elements":[{"ele":"element_sanjiao_3","angle":90,"pos":[0,108.51]},{"ele":"element_sanjiao_3","angle":90,"pos":[0,-126.745]},{"ele":"element_sanjiao_3","angle":-90,"pos":[-50.757,-12.205]}]},{"id":55,"elements":[{"ele":"element_chang_4","angle":0,"pos":[-17.466,93.151]},{"ele":"element_chang_6","angle":0,"pos":[-14.555,5.822]},{"ele":"element_cat_2","angle":0,"pos":[-22.501,-135.007]}]},{"id":56,"elements":[{"ele":"element_changfang_6","angle":0,"pos":[-122.296,58.565]},{"ele":"element_changfang_6","angle":0,"pos":[-43.062,-136.076]},{"ele":"element_changfang_6","angle":90,"pos":[100.896,74.067]}]},{"id":57,"elements":[{"ele":"element_babian_3","angle":0,"pos":[-91.84,49.913]},{"ele":"element_babian_3","angle":40.5,"pos":[101.823,42.925]},{"ele":"element_babian_3","angle":-60.7,"pos":[91.84,-132.769]}]},{"id":58,"elements":[{"ele":"element_chang_4","angle":90,"pos":[0,-46.979]},{"ele":"element_l_3","angle":-90,"pos":[75.888,-218.631]},{"ele":"element_l_3","angle":90,"pos":[-79.503,113.833]}]},{"id":59,"elements":[{"ele":"element_shizi_4","angle":0,"pos":[-93.957,-200.562]},{"ele":"element_fang_3_160x160","angle":0,"pos":[131.901,-126.481]},{"ele":"element_loudou_2","angle":-51,"pos":[-27.103,144.549]}]},{"id":60,"elements":[{"ele":"element_l_3","angle":0,"pos":[-83.116,-211.404]},{"ele":"element_cat_2","angle":0,"pos":[-63.24,54.206]}]},{"id":61,"elements":[{"ele":"element_yuan_3","angle":0,"pos":[-102.992,-153.584]},{"ele":"element_yue_2","angle":0,"pos":[34.331,-155.391]},{"ele":"element_x_2","angle":-46.3,"pos":[-57.819,27.103]},{"ele":"element_fang_3_160x160","angle":0,"pos":[119.253,30.717]}]},{"id":62,"elements":[{"ele":"element_bajiaoxing_8","angle":0,"pos":[0,-20.527]},{"ele":"element_l_3","angle":37.2,"pos":[-81.965,149.743]},{"ele":"element_l_3","angle":-48.5,"pos":[160.746,57.71]},{"ele":"element_l_3","angle":-225.2,"pos":[-160.256,-98.433]},{"ele":"element_l_3","angle":-138.3,"pos":[81.432,-177.636]}]},{"id":63,"elements":[{"ele":"element_changfang_5","angle":45,"pos":[-77.658,120.303]},{"ele":"element_changfang_5","angle":-45,"pos":[114.256,-2.263]},{"ele":"element_changfang_5","angle":45,"pos":[-69.594,-110.315]}]},{"id":64,"elements":[{"ele":"element_yun_4","angle":0,"pos":[0,90.312]},{"ele":"element_yun_4","angle":-180,"pos":[3.226,-156.433]}]},{"id":65,"elements":[{"ele":"element_star","angle":0,"pos":[-27.16,-27.16]}]},{"id":66,"elements":[{"ele":"element_x_2","angle":0,"pos":[-122.434,99.696]},{"ele":"element_x_2","angle":90,"pos":[117.186,117.187]},{"ele":"element_x_2","angle":90,"pos":[-110.19,-124.183]},{"ele":"element_shizi_4","angle":0,"pos":[0,0]},{"ele":"element_x_2","angle":90,"pos":[120.685,-124.183]}]},{"id":67,"elements":[{"ele":"element_yuan_3","angle":45,"pos":[0,-12.243]},{"ele":"element_sanjiao_3","angle":-40,"pos":[101.445,115.438]},{"ele":"element_sanjiao_3","angle":141.8,"pos":[-101.445,-141.673]},{"ele":"element_star","angle":-10.5,"pos":[-131.179,78.707]},{"ele":"element_star","angle":-10.5,"pos":[174.905,-173.157]}]},{"id":68,"elements":[{"ele":"element_kong_7","angle":0,"pos":[38.333,-92.7]},{"ele":"element_l_3","angle":90,"pos":[-148.794,52.479]},{"ele":"element_liubian_3","angle":0,"pos":[72.01,163.34]}]},{"id":69,"elements":[{"ele":"element_yuan_3","angle":0,"pos":[123.854,-30.964]},{"ele":"element_yuan_3","angle":0,"pos":[15.482,-184.062]},{"ele":"element_yuan_3","angle":0,"pos":[-104.932,-34.405]}]},{"id":70,"elements":[{"ele":"element_star","angle":0,"pos":[49.886,-89.45]}]},{"id":71,"elements":[{"ele":"element_shizi_4","angle":0,"pos":[57.785,141.518]},{"ele":"element_shizi_4","angle":0,"pos":[-125.283,51.273]},{"ele":"element_shizi_4","angle":0,"pos":[153.282,-39.926]},{"ele":"element_shizi_4","angle":0,"pos":[-31.868,-133.114]}]},{"id":72,"elements":[{"ele":"element_bajiaoxing_8","angle":0,"pos":[25.168,88.086]},{"ele":"element_yuan_3","angle":0,"pos":[-134.496,-83.175]},{"ele":"element_yuan_3","angle":133,"pos":[189.356,-90.254]},{"ele":"element_yuan_3","angle":45,"pos":[23.006,-168.12]}]},{"id":73,"elements":[{"ele":"element_sanjiao_3","angle":0,"pos":[8.4,-84.002]},{"ele":"element_sanjiao_3","angle":180,"pos":[10.231,84.434]},{"ele":"element_sanjiao_3","angle":270,"pos":[-92.005,1.219]},{"ele":"element_sanjiao_3","angle":-270,"pos":[117.221,-1.159]}]},{"id":74,"elements":[{"ele":"element_kong_7","angle":0,"pos":[0,0]}]},{"id":75,"elements":[{"ele":"element_yuan_1","angle":0,"pos":[0,0]}]},{"id":76,"elements":[{"ele":"element_yuan_3","angle":-78.5,"pos":[-91.031,120.172]},{"ele":"element_yuan_3","angle":47,"pos":[148.54,120.172]},{"ele":"element_yuan_3","angle":47.8,"pos":[-91.031,-106.622]},{"ele":"element_yuan_3","angle":14,"pos":[145.83,-110.615]}]},{"id":77,"elements":[{"ele":"element_kongxin_3","angle":-45,"pos":[52.447,-19.401]},{"ele":"element_sanjiao_3","angle":-133.6,"pos":[139.751,-114.298]},{"ele":"element_fang_3_160x160","angle":45.7,"pos":[-115.33,-6.496]},{"ele":"element_yue_3","angle":-90,"pos":[24.357,128.636]}]},{"id":78,"elements":[{"ele":"element_fang_12","angle":-42.5,"pos":[50.417,-67.018]},{"ele":"element_changfang_5","angle":45,"pos":[-115.488,114.346]},{"ele":"element_cat_2","angle":45.9,"pos":[-98.283,-258.021]}]},{"id":79,"elements":[{"ele":"element_hua","angle":0,"pos":[147.385,-64.796]},{"ele":"element_gutou_5","angle":-48.3,"pos":[-60.087,-111.594]},{"ele":"element_x_2","angle":0,"pos":[8.55,42.84]}]},{"id":80,"elements":[{"ele":"element_l_3","angle":39.1,"pos":[-69.447,77.159]},{"ele":"element_l_3","angle":-138.3,"pos":[27.269,49.08]},{"ele":"element_kongxin_3","angle":-46.9,"pos":[81.411,-81.165]},{"ele":"element_yuan_1","angle":0,"pos":[139.147,-224.138]}]},{"id":81,"elements":[{"ele":"element_x_2","angle":0,"pos":[35.55,-216.263]}]},{"id":82,"elements":[{"ele":"element_liubian_3","angle":42,"pos":[0,0]},{"ele":"element_liubian_3","angle":45,"pos":[-120.331,120.331]},{"ele":"element_liubian_3","angle":45,"pos":[51.834,162.909]},{"ele":"element_liubian_3","angle":-21,"pos":[107.845,-130.469]},{"ele":"element_liubian_3","angle":-21.1,"pos":[167.989,26.425]}]},{"id":83,"elements":[{"ele":"element_chang_4","angle":38.5,"pos":[-55.825,109.657]},{"ele":"element_chang_4","angle":38.5,"pos":[98.13,-83.89]},{"ele":"element_kongxin_3","angle":-52.2,"pos":[0,0]}]},{"id":84,"elements":[{"ele":"element_l_3","angle":0,"pos":[101.835,153.596]},{"ele":"element_l_3","angle":0,"pos":[22.162,43.863]},{"ele":"element_l_3","angle":0,"pos":[-73.769,-51.838]},{"ele":"element_l_3","angle":-180,"pos":[-21.938,-135.402]}]},{"id":85,"elements":[{"ele":"element_bajiaoxing_8","angle":0,"pos":[20.641,-45.859]},{"ele":"element_cat_2","angle":18.6,"pos":[-79.864,179.477]},{"ele":"element_cat_2","angle":-22.4,"pos":[139.662,182.328]}]},{"id":86,"elements":[{"ele":"element_star","angle":0,"pos":[0,0]},{"ele":"element_star","angle":0,"pos":[-105.195,121.931]},{"ele":"element_star","angle":0,"pos":[-143.448,-59.77]},{"ele":"element_star","angle":0,"pos":[150.62,-57.379]},{"ele":"element_star","angle":0,"pos":[95.632,119.54]},{"ele":"element_star","angle":0,"pos":[4.782,-157.792]}]},{"id":87,"elements":[{"ele":"element_kongxin_3","angle":0,"pos":[0,109.977]},{"ele":"element_yue_2","angle":49.9,"pos":[-126.713,-119.54]},{"ele":"element_yue_2","angle":-223.9,"pos":[126.981,-119.259]},{"ele":"element_cat_2","angle":0,"pos":[-152.385,77.33]},{"ele":"element_cat_2","angle":0,"pos":[147.837,77.33]},{"ele":"element_x_2","angle":0,"pos":[-145.562,222.892]},{"ele":"element_x_2","angle":0,"pos":[154.66,222.892]}]},{"id":88,"elements":[{"ele":"element_l_3","angle":42.6,"pos":[106.897,-88.702]},{"ele":"element_l_3","angle":42.6,"pos":[0.348,27.169]}]},{"id":89,"elements":[{"ele":"element_l_3","angle":90,"pos":[-25.019,54.586]},{"ele":"element_l_3","angle":-90,"pos":[2.622,-68.356]},{"ele":"element_l_3","angle":90,"pos":[-111.447,147.837]},{"ele":"element_l_3","angle":-90,"pos":[160.83,15.797]}]},{"id":90,"elements":[{"ele":"element_sanjiao_3","angle":-42.8,"pos":[-154.805,-94.947]},{"ele":"element_sanjiao_3","angle":-219.8,"pos":[113.989,188.286]}]},{"id":91,"elements":[{"ele":"element_loudou_2","angle":-131.9,"pos":[64.413,-57.794]},{"ele":"element_loudou_2","angle":-131.9,"pos":[-10.828,9.715]}]},{"id":92,"elements":[{"ele":"element_star","angle":0,"pos":[-95.018,111.123]},{"ele":"element_star","angle":-32.8,"pos":[154.607,-138.501]}]},{"id":93,"elements":[{"ele":"element_bajiaoxing_8","angle":0,"pos":[0,0]}]},{"id":94,"elements":[{"ele":"element_yue_3","angle":44.1,"pos":[-80.502,-108.915]},{"ele":"element_yue_3","angle":44.1,"pos":[13.293,-24.416]},{"ele":"element_yue_3","angle":44.1,"pos":[101.028,60.605]}]},{"id":95,"elements":[{"ele":"element_changfang_5","angle":-49.6,"pos":[0,0]},{"ele":"element_changfang_5","angle":-49.6,"pos":[128.167,108.879]},{"ele":"element_changfang_5","angle":-49.6,"pos":[-127.53,-108.537]},{"ele":"element_changfang_5","angle":-138.5,"pos":[-131.355,161.131]},{"ele":"element_changfang_5","angle":-137.5,"pos":[130.663,-171.851]}]},{"id":96,"elements":[{"ele":"element_gutou_5","angle":40.6,"pos":[0,0]},{"ele":"element_sanjiao_3","angle":-137.3,"pos":[102.419,-120.627]},{"ele":"element_x_2","angle":0,"pos":[-116.075,120.627]},{"ele":"element_x_2","angle":-47.7,"pos":[147.939,120.627]}]},{"id":97,"elements":[{"ele":"element_bajiaoxing_8","angle":0,"pos":[-52.298,-5.061]},{"ele":"element_x_2","angle":0,"pos":[111.095,-169.629]}]},{"id":98,"elements":[{"ele":"element_x_2","angle":-91,"pos":[147.418,-50.547]},{"ele":"element_l_3","angle":-54.2,"pos":[34.602,126.64]},{"ele":"element_l_3","angle":-234.1,"pos":[-31.447,58.313]},{"ele":"element_hua","angle":0,"pos":[-111.162,-107.949]}]},{"id":99,"elements":[{"ele":"element_fang_3_235x235","angle":-51.5,"pos":[-77.72,103.609]},{"ele":"element_sanjiao_3","angle":88.4,"pos":[108.641,-18.613]},{"ele":"element_shizi_4","angle":-46.6,"pos":[-100.492,-146.265]},{"ele":"element_hua","angle":0,"pos":[100.493,-203.301]}]},{"id":100,"elements":[{"ele":"element_yun_4","angle":-51.4,"pos":[115.313,53.128]},{"ele":"element_kongxin_3","angle":37.2,"pos":[-28.284,-88.293]}]},{"id":101,"elements":[{"ele":"element_yue_3","angle":90,"pos":[0,172.306]},{"ele":"element_yue_3","angle":90,"pos":[0,45.91]},{"ele":"element_yue_3","angle":-91.4,"pos":[-122.548,-101.648]},{"ele":"element_yue_3","angle":-90,"pos":[137.554,-101.648]},{"ele":"element_star","angle":0,"pos":[0,-200.244]}]},{"id":102,"elements":[{"ele":"element_yuan_3","angle":0,"pos":[0,0]},{"ele":"element_chang_4","angle":-40.5,"pos":[59.523,114.637]},{"ele":"element_sanjiao_3","angle":58.7,"pos":[-156.524,68.441]},{"ele":"element_chang_4","angle":0,"pos":[11.023,-147.705]}]},{"id":103,"elements":[{"ele":"element_shizi_4","angle":-40.9,"pos":[-108.024,127.965]},{"ele":"element_babian_3","angle":0,"pos":[103.614,101.41]},{"ele":"element_l_3","angle":-134.3,"pos":[111.169,-99.313]},{"ele":"element_l_3","angle":-134.3,"pos":[-92.591,-68.341]}]},{"id":104,"elements":[{"ele":"element_liubian_3","angle":0,"pos":[-160.325,123.327]},{"ele":"element_liubian_3","angle":0,"pos":[-7.399,14.799]},{"ele":"element_liubian_3","angle":0,"pos":[140.594,-98.662]}]},{"id":105,"elements":[{"ele":"element_shizi_4","angle":0,"pos":[108.528,110.995]},{"ele":"element_shizi_4","angle":0,"pos":[-93.459,-121.368]},{"ele":"element_sanjiao_3","angle":-128.9,"pos":[150.459,-128.26]},{"ele":"element_sanjiao_3","angle":-309.2,"pos":[-160.326,108.528]},{"ele":"element_x_2","angle":-61.7,"pos":[12.074,-5.067]}]},{"id":106,"elements":[{"ele":"element_yue_3","angle":45.7,"pos":[-46.227,156.703]},{"ele":"element_yue_3","angle":45.7,"pos":[117.073,-3.875]},{"ele":"element_yue_3","angle":-143.3,"pos":[-65.279,-3.875]}]},{"id":107,"elements":[{"ele":"element_chang_4","angle":0,"pos":[-2.68,177.126]},{"ele":"element_cat_2","angle":0,"pos":[-62.222,36.776]},{"ele":"element_cat_2","angle":-87.8,"pos":[114.279,-7.881]}]},{"id":108,"elements":[{"ele":"element_bajiaoxing_8","angle":0,"pos":[7.88,51.294]},{"ele":"element_l_3","angle":-32.9,"pos":[168.602,143.285]},{"ele":"element_l_3","angle":-137.3,"pos":[90.148,-102.349]},{"ele":"element_l_3","angle":-223.6,"pos":[-144.801,-27.31]}]},{"id":109,"elements":[{"ele":"element_sanjiao_3","angle":0,"pos":[-2.68,-32.038]},{"ele":"element_sanjiao_3","angle":180,"pos":[-2.78,173.507]},{"ele":"element_sanjiao_3","angle":90,"pos":[116.501,54.326]},{"ele":"element_sanjiao_3","angle":-90,"pos":[-123.589,68.144]},{"ele":"element_cat_2","angle":-87.5,"pos":[60.695,-192.035]},{"ele":"element_cat_2","angle":-49.4,"pos":[-157.406,-147.788]}]},{"id":110,"elements":[{"ele":"element_star","angle":0,"pos":[0,17.699]},{"ele":"element_babian_3","angle":0,"pos":[-137.136,111.662]},{"ele":"element_cat_2","angle":0,"pos":[-37.078,-176.832]}]},{"id":111,"elements":[{"ele":"element_fang_2_160x161","angle":0,"pos":[-132.79,102.202]},{"ele":"element_yue_2","angle":-90,"pos":[-25.919,-166.48]},{"ele":"element_yuan_3","angle":0,"pos":[32.793,0]}]},{"id":112,"elements":[{"ele":"element_chang_4","angle":-114.6,"pos":[-11.147,-19.456]}]},{"id":113,"elements":[{"ele":"element_chang_4","angle":-60.7,"pos":[-48.302,-23.172]},{"ele":"element_star","angle":0,"pos":[122.113,-53.435]}]},{"id":114,"elements":[{"ele":"element_fang_12","angle":0,"pos":[0,60.372]},{"ele":"element_l_3","angle":0,"pos":[-123.619,-192.616]},{"ele":"element_l_3","angle":-180,"pos":[133.535,-184.993]}]},{"id":115,"elements":[{"ele":"element_shizi_4","angle":45,"pos":[-124.962,91.639]},{"ele":"element_shizi_4","angle":45,"pos":[113.854,113.854]},{"ele":"element_shizi_4","angle":45,"pos":[-2.777,-138.846]}]},{"id":116,"elements":[{"ele":"element_chang_4","angle":43.1,"pos":[-116.631,83.308]},{"ele":"element_chang_4","angle":43.1,"pos":[-13.78,-26.601]},{"ele":"element_chang_4","angle":43.1,"pos":[83.619,-130.683]}]},{"id":117,"elements":[{"ele":"element_chang_4","angle":-45.2,"pos":[87.782,87.171]},{"ele":"element_chang_4","angle":-45.3,"pos":[-86.067,-85.17]},{"ele":"element_yuan_1","angle":0,"pos":[0,0]}]},{"id":118,"elements":[{"ele":"element_fang_12","angle":45,"pos":[0,0]}]},{"id":119,"elements":[{"ele":"element_changfang_5","angle":-133.5,"pos":[110.475,-82.444]},{"ele":"element_shizi_4","angle":-42.9,"pos":[-112.124,-118.72]},{"ele":"element_star","angle":0,"pos":[0,80.249]}]},{"id":120,"elements":[{"ele":"element_x_2","angle":-37.5,"pos":[-89.04,125.315]},{"ele":"element_x_2","angle":-136.4,"pos":[89.04,107.177]}]},{"id":121,"elements":[{"ele":"element_cat_2","angle":0,"pos":[13.191,28.031]},{"ele":"element_cat_2","angle":0,"pos":[-70.802,-146.751]},{"ele":"element_cat_2","angle":0,"pos":[100.582,-146.751]},{"ele":"element_cat_2","angle":0,"pos":[184.675,95.635]},{"ele":"element_cat_2","angle":0,"pos":[-158.293,95.635]}]},{"id":122,"elements":[{"ele":"element_shizi_4","angle":45,"pos":[118.805,107.908]},{"ele":"element_shizi_4","angle":45,"pos":[118.805,-116.659]},{"ele":"element_shizi_4","angle":0,"pos":[-111.961,-108.583]},{"ele":"element_fang_4_235x235","angle":0,"pos":[-119.958,167.319]}]},{"id":123,"elements":[{"ele":"element_kong_7","angle":-46.5,"pos":[-57.2,143.001]},{"ele":"element_fang_2_160x161","angle":-42.8,"pos":[155.999,-30.799]},{"ele":"element_fang_2_160x161","angle":-42.8,"pos":[-138.599,-147.398]},{"ele":"element_sanjiao_3","angle":-46.9,"pos":[160.499,270.398]}]},{"id":124,"elements":[{"ele":"element_x_2","angle":-45.5,"pos":[-151.526,58.716]},{"ele":"element_l_3","angle":45.5,"pos":[125.008,-70.081]},{"ele":"element_l_3","angle":45.5,"pos":[-111.751,219.712]},{"ele":"element_l_3","angle":-132,"pos":[54.928,107.961]}]},{"id":125,"elements":[{"ele":"element_sanjiao_3","angle":0,"pos":[0,-43.564]},{"ele":"element_sanjiao_3","angle":-180,"pos":[0,126.903]},{"ele":"element_sanjiao_3","angle":-90,"pos":[-125.009,43.563]},{"ele":"element_sanjiao_3","angle":90,"pos":[134.479,43.563]}]},{"id":126,"elements":[{"ele":"element_l_3","angle":0,"pos":[-96.598,174.255]},{"ele":"element_l_3","angle":-71.7,"pos":[94.703,123.115]},{"ele":"element_l_3","angle":-143.7,"pos":[92.809,-62.504]},{"ele":"element_l_3","angle":-219,"pos":[-83.34,-79.551]}]},{"id":127,"elements":[{"ele":"element_l_3","angle":-43.6,"pos":[-56.822,136.373]},{"ele":"element_l_3","angle":-43.6,"pos":[113.645,96.597]},{"ele":"element_l_3","angle":-228.7,"pos":[-85.233,3.787]},{"ele":"element_l_3","angle":-88.7,"pos":[13.259,-87.128]},{"ele":"element_yuan_1","angle":0,"pos":[8.655,317.332]}]},{"id":128,"elements":[{"ele":"element_shizi_4","angle":0,"pos":[0,53.201]},{"ele":"element_l_3","angle":-136,"pos":[27.053,-92.469]},{"ele":"element_x_2","angle":0,"pos":[128.076,159.603]},{"ele":"element_x_2","angle":0,"pos":[-130.047,169.455]},{"ele":"element_x_2","angle":90,"pos":[-155.662,-66.993]},{"ele":"element_x_2","angle":48.1,"pos":[143.839,-177.336]}]},{"id":129,"elements":[{"ele":"element_sanjiao_3","angle":118.2,"pos":[-124.135,-72.905]},{"ele":"element_sanjiao_3","angle":-61.2,"pos":[-59.111,128.076]},{"ele":"element_sanjiao_3","angle":-61.2,"pos":[53.202,-71.035]}]},{"id":130,"elements":[{"ele":"element_yue_2","angle":-51.2,"pos":[-112.313,66.994]},{"ele":"element_yue_2","angle":-43.8,"pos":[-19.704,-27.586]},{"ele":"element_yue_2","angle":-43.8,"pos":[88.063,-130.931]}]},{"id":131,"elements":[{"ele":"element_sanjiao_3","angle":0,"pos":[0,-114.283]},{"ele":"element_sanjiao_3","angle":0,"pos":[0,68.965]},{"ele":"element_hua","angle":0,"pos":[159.603,102.461]},{"ele":"element_hua","angle":0,"pos":[159.603,-82.757]}]},{"id":132,"elements":[{"ele":"element_sanjiao_3","angle":-180,"pos":[0,62.2]},{"ele":"element_sanjiao_3","angle":-180,"pos":[0,-95.522]},{"ele":"element_sanjiao_3","angle":0,"pos":[0,224.365]}]},{"id":133,"elements":[{"ele":"element_sanjiao_3","angle":0,"pos":[0,-37.764]},{"ele":"element_sanjiao_3","angle":-180,"pos":[0,131.065]},{"ele":"element_sanjiao_3","angle":90,"pos":[113.293,39.986]},{"ele":"element_sanjiao_3","angle":-90,"pos":[-122.179,39.986]},{"ele":"element_x_2","angle":42.5,"pos":[-139.442,240.567]}]},{"id":134,"elements":[{"ele":"element_fang_2_160x161","angle":45,"pos":[-124.4,228.808]},{"ele":"element_yue_3","angle":38.8,"pos":[128.844,175.493]},{"ele":"element_yue_3","angle":-138.4,"pos":[-120.038,-24.613]},{"ele":"element_fang_3_160x160","angle":45,"pos":[-2.221,91.079]},{"ele":"element_fang_3_160x160","angle":45,"pos":[111.072,-51.092]}]},{"id":135,"elements":[{"ele":"element_babian_3","angle":0,"pos":[-62.097,191.466]},{"ele":"element_babian_3","angle":0,"pos":[-62.097,-10.35]},{"ele":"element_babian_3","angle":0,"pos":[119.02,-10.35]},{"ele":"element_hua","angle":0,"pos":[142.349,197.098]}]},{"id":136,"elements":[{"ele":"element_shizi_4","angle":0,"pos":[92.399,196.787]},{"ele":"element_shizi_4","angle":0,"pos":[-101.2,-49.611]},{"ele":"element_x_2","angle":-74.2,"pos":[-1.33,76.867]},{"ele":"element_l_3","angle":-90,"pos":[161.391,23.609]},{"ele":"element_l_3","angle":-270,"pos":[-155.821,117.598]}]},{"id":137,"elements":[{"ele":"element_kongxin_3","angle":41.3,"pos":[-81.708,-71.53]},{"ele":"element_yue_2","angle":0,"pos":[157.175,18.036]},{"ele":"element_changfang_6","angle":-48.1,"pos":[-59.263,139.139]}]},{"id":138,"elements":[{"ele":"element_shizi_4","angle":0,"pos":[-105.232,-42.502]},{"ele":"element_yue_3","angle":-226.6,"pos":[-139.224,194.286]},{"ele":"element_fang_4_235x235","angle":-52.2,"pos":[77.278,114.029]}]},{"id":139,"elements":[{"ele":"element_yue_2","angle":27.3,"pos":[74.926,187.971]},{"ele":"element_yue_2","angle":27.3,"pos":[102.53,-48.635]},{"ele":"element_yue_2","angle":-152.7,"pos":[-128.818,94.744]},{"ele":"element_yue_2","angle":-309.2,"pos":[-76.239,-95.956]}]},{"id":140,"elements":[{"ele":"element_bajiaoxing_8","angle":0,"pos":[-86.067,209.429]},{"ele":"element_bajiaoxing_8","angle":0,"pos":[107.583,-44.468]},{"ele":"element_sanjiao_3","angle":-54.3,"pos":[-126.124,-57.185]}]}],"unit_config":[{"id":1,"desc":"gk1_2","layers":[1,2]},{"id":2,"desc":"gk2_1","layers":[2]},{"id":3,"desc":"unit_1_1","layers":[3,4,5]},{"id":4,"desc":"unit_1_2","layers":[6,7]},{"id":5,"desc":"unit_2_1","layers":[8,9,10,11]},{"id":6,"desc":"unit_2_2","layers":[12,13,14,15,16]},{"id":7,"desc":"unit_2_3","layers":[17,18,19,20]},{"id":8,"desc":"unit_3_1","layers":[21,22,23,24]},{"id":9,"desc":"unit_3_2","layers":[25,26,27]},{"id":10,"desc":"unit_3_3","layers":[28,29,30,31]},{"id":11,"desc":"unit_4_1","layers":[32,33,34,35,36]},{"id":12,"desc":"unit_4_2","layers":[37,38,39,40,41]},{"id":13,"desc":"unit_4_3","layers":[42,43,44,45]},{"id":14,"desc":"unit_4_4","layers":[46,47,48,49]},{"id":15,"desc":"unit_5_1","layers":[50,51,52,53]},{"id":16,"desc":"unit_5_2","layers":[54,55,56,57]},{"id":17,"desc":"unit_5_3","layers":[58,59,60,61]},{"id":18,"desc":"unit_5_4","layers":[62,63,64,65]},{"id":19,"desc":"unit_6_1","layers":[66,67,68,69,70]},{"id":20,"desc":"unit_6_2","layers":[71,72,73,74,75]},{"id":21,"desc":"unit_6_3","layers":[76,77,78,79,80,81]},{"id":22,"desc":"unit_7_1","layers":[82,83,84,85]},{"id":23,"desc":"unit_7_2","layers":[86,87,88,89,90]},{"id":24,"desc":"unit_7_3","layers":[91,92,93,94,95,96,97]},{"id":25,"desc":"unit_8_1","layers":[98,99,100,101]},{"id":26,"desc":"unit_8_2","layers":[102,103,104,105]},{"id":27,"desc":"unit_8_3","layers":[106,107,108,109]},{"id":28,"desc":"unit_9_1","layers":[110,111,112,113]},{"id":29,"desc":"unit_9_2","layers":[114,115,116,117]},{"id":30,"desc":"unit_9_3","layers":[118,119,120,121]},{"id":31,"desc":"unit_9_4","layers":[122,123,124,125,126,127]},{"id":32,"desc":"unit_10_1","layers":[128,129,130,131]},{"id":33,"desc":"unit_10_2","layers":[132,133,134,135]},{"id":34,"desc":"unit_10_2","layers":[136,137,138,139,140]}],"lv_config":[{"gk":1,"itype":1,"units":[1]},{"gk":2,"itype":1,"units":[8,10]},{"gk":3,"itype":1,"units":[3,15]},{"itype":2,"gk_range":[2,3],"unit_count":[1,1],"units_area":[[3,34]]},{"itype":2,"gk_range":[4,5],"unit_count":[2,2],"units_area":[[3,34]]},{"itype":2,"gk_range":[6,99999999],"unit_count":[2,4],"units_area":[[3,34]]}]}]],0,0,[],[],[]],[[[2,"loadingtogame",null],[3,"Canvas","a5esZu+45LA5mBpvttspPD",[-3,-4,-5],[[8,true,-1,[5,720,1280]],[9,-2,6,7,8]],[5,720,1280],[360,640,0,0,0,0,1,1,1,1]],[4,"bottom",1,[-7,-8],[[10,-6]]],[5,"progress",2,[-12],[[11,1,-9,[4],5],[14,423,0.3,-11,-10]],[5,423,23],[0,-486.202,0,0,0,0,1,1,1,1]],[1,"prolb",2,[[15,"正在进入游戏.",50,1,1,1,-13,[2]],[16,3,-14,[4,4278190335]]],[5,257.11,69],[-4.57,-535.608,0,0,0,0,1,1,1,1]],[17,"New Node",false,[1],[0,0,0],[0,0,0,0,0,0,1,1,1,1]],[1,"Main Camera",1,[[18,7,-1,-15]],[5,720,1280],[0,0,522.5651413023039,0,0,0,1,1,1,1]],[6,"loadingbk",1,[[12,0,-16,[0],1]],[5,1000,2000]],[7,"bar",3,[-17],[5,126.89999999999999,26],[0,0,0.5],[-210,0,0,0,0,0,1,1,1,1]],[13,1,0,8,[3]]],0,[0,0,1,0,0,1,0,-1,6,0,-2,7,0,-3,2,0,0,2,0,-1,4,0,-2,3,0,0,3,0,3,9,0,0,3,0,-1,8,0,0,4,0,0,4,0,0,6,0,0,7,0,-1,9,0,4,5,1,5,5,17],[0,0,0,0,0,0,0,0,0,9],[-1,1,-1,-1,-1,1,6,7,8,1],[0,2,0,0,0,3,4,5,6,7]]]]