[1,["ecpdLyjvZBwrvm+cedCcQy","80hRnC/0xFRqTi962GKmIY","0epMHZnW5FVr8wslyCpHTx","e7NWBZWedIAb6rDFw3NHXD","53X/kXzMFBKpGLueRYp27q","fbt7xtPBJE56BkDx7EfHV1","a9Z8kGwBFGrJw+gYIg/bQL","7cSUDcW0JOLpH40QNT7G7C","a9Uzfx1JZFV4zhnqwA0DYj","farWZFZf9G/4PkVVGnmar4","2ddWdgrRpOMLwJUF9nFmrC","62KlaSek5M8Ll6FqPpUvrH","6fbmhCwRdIfbGIyhaDjn35","ffoWpGAStMJ4djhAP5RK9R","6eWsxc08RHx5ZOFE73M4QO","942lqcSl1Cnaa/Fa/yWila","00I77El3xH7rsxNKS4qA+Q","c9eTQdfMpDDof/JpQ1m5zO","817LGnA8dB/ZsilgK3id7g","e1ymWyY3FHlp81cM7M0sqO","daOLWWhAxHS5xR8QIaehNx","d4dTpN0exAHpkC1fHxfWyQ","7aWUBWnFBHH4fSmwiHZJTm","36q0yRH+RP3rk8jydlno1M","ceaaF0JVNBUpf6wec1m1O4","46JvF/oZtL3L8kdGzi+P3I"],["node","_textureSetter","_spriteFrame","_N$barSprite","scene","_parent","ori_preload_json","local_common_config","local_tuijian_wx"],["cc.Texture2D","cc.SpriteFrame",["cc.Node",["_name","_id","_components","_contentSize","_parent","_trs","_children","_color"],1,9,5,1,7,2,5],["cc.Sprite",["_type","_sizeMode","node","_materials","_spriteFrame"],1,1,3,6],["cc.Label",["_string","_fontSize","_N$horizontalAlign","_N$verticalAlign","_styleFlags","_lineHeight","node","_materials"],-3,1,3],["cc.JsonAsset",["_name","json"],1],["cc.SceneAsset",["_name","asyncLoadAssets"],1],["cc.Node",["_name","_parent","_components","_contentSize","_anchorPoint","_trs"],2,1,2,5,5,7],["cc.Canvas",["_fitWidth","node","_designResolution"],2,1,5],["a5c48R8K+lPv5k2H/CjX6l8",["node","ori_preload_json","local_common_config","local_tuijian_wx"],3,1,6,6,6],["cc.ProgressBar",["_N$totalLength","_N$progress","node","_N$barSprite"],1,1,1],["cc.LabelOutline",["_width","node","_color"],2,1,5],["cc.Button",["zoomScale","_N$transition","node"],1,1],["cc.Scene",["_name","_active","_children","_anchorPoint","_trs"],1,2,5,7],["cc.Camera",["_clearFlags","_depth","node"],1,1]],[[11,0,1,2,2],[2,0,4,2,7,3,5,2],[3,1,2,3,4,2],[2,0,4,6,2,3,5,2],[2,0,4,2,3,5,2],[4,0,1,4,2,3,6,7,6],[5,0,1,3],[3,2,3,4,1],[4,0,1,5,2,3,6,7,6],[6,0,1,3],[2,0,1,6,2,3,5,3],[2,0,4,6,2],[2,0,4,2,3,2],[7,0,1,2,3,4,5,2],[8,0,1,2,2],[9,0,1,2,3,1],[3,0,2,3,4,2],[3,0,1,2,3,3],[10,0,1,2,3,3],[4,0,1,5,4,2,3,6,7,7],[12,0,1,2,3],[13,0,1,2,3,4,3],[14,0,1,2,3]],[[[[6,"shaonaomukuai_common_config",{"bvalid":1,"in_shenhe_kg":1,"min_valid_version":1.1,"gezi_need_zidong_shuaxin":0,"first_enter_dating_hide_qiandao":0,"gezi_zidong_shuaxin_jiange_sec":33,"banner_need_zidong_shuaxin":1,"banner_zidong_shuaxin_jiange_sec":33,"game_suc_dlg_need_fanhuidating_confirm":1,"game_fail_dlg_need_fanhuidating_confirm":1,"game_pause_dlg_need_fanhuidating_confirm":1,"game_suc_dlg_bottom_show_bannertype":0,"game_fail_dlg_bottom_show_bannertype":0,"game_inner_bottom_banner_pos_align_bottom":1,"game_inner_bottom_gezi_pos_align_bottom":1,"game_inner_bottom_gezi_or_banner_type3_change_sec":80,"game_inner_bottom_show_banner_or_gezi_type":2,"ppl_guangbi_self_left_tuijianwei":1,"dating_game_enter_need_shiping_jiesuo":1,"dating_shouchong_libao_auto_pop_type":1,"dating_tili_max":60,"dating_tili_hide_all":0,"dating_tili_show_goumai_dlg_type":1,"regday_unoin_xiaoyu_dest_day_bukou_tili":26201128,"per_game_first_enter_cishu_nei_bukou_tili":4,"longtime_not_play_can_add_max_tili":30,"ingame_play_time_can_add_tili":0,"per_game_perday_first_enter_cishu_nei_bukou_tili":1,"enter_game_perci_sub_tili":3,"goumai_tili_per_ci":30,"qiandao_menu_type":1,"qiandao_dlg_tanchu_type":1,"qiandao_dlg_tanchu_per_guangka":3,"qiandao_dlg_default_gouxuan":1,"qiandao_dlg_next_gouxuan_type":1,"fuhuo_dlg_daojishi_end_show_cancel_btn":1,"fuhuo_dlg_daojishi_all_sec":2,"gamesuc_dlg_delay_show_btn_sec":1.5,"qiandao_dlg_delay_show_btn_sec":2,"gamesuc_lingquwuping_dlg_delay_show_btn_sec":1.2,"gamefail_dlg_delay_show_btn_sec":1.5,"quanpingguangao_dlg_delay_show_btn_sec":1,"shoukanfuli_libao_dlg_delay_show_btn_sec":1.2,"fanhuidating_queren_dlg_delay_show_btn_sec":1.5,"sanxiaoxiao_gamefuhuo_dlg_delay_show_btn_sec":1.2,"sanxiaoxiao_goumaidaoju_dlg_delay_show_btn_sec":1.2,"gamefail_continue_chongwan_dlg_delay_show_btn_sec":1.2,"banner_gezi_all_default_shuaxin_sec":35,"hmk_need_finger_yingdao":1,"all_game_banner_mng_time_sec_default":1,"huamukuai_first_use_yudingyi_gk_c":9,"fanhuidating_queren_dlg_mode":2,"all_game_bottom_chaogaoping_show_juzhen_gezi":1,"huamukuai_jiesuo_nandu_need_shiping":0,"gamesuc_dlg_tuijianwei_show":1,"gamefail_dlg_tuijianwei_show":1,"chaping_min_show_jiange_sec":30,"game_continue_fail_dlg_tuijianwei_show":1,"gamesuc_dlg_com_lingqu_need_show_gamelingqu_dlg":1,"game_end_lingqu_dlg_tuijianwei_show":1,"watch_video_guangao_qufen_mingxi":1,"watch_video_not_same_need_destroy_prev":0,"dating_show_gamebtn_caidan_mode":2,"banner_id_autoshuaxin":[[62,1],[83,1],[89,1],[68,1],[12,1],[51,1],[52,1],[73,1]],"dating_game_need_shiping_jiesuo_subgametypelist":[5,6],"dating_bottom_tip_list":["欢迎来到烧脑木块","每个玩法每日第一次进入游戏不扣体力"],"fuhuo_dlg_gametype_show_cancel_btn_sec_conf":[[2,0,8],[3,1,3],[6,1,3],[7,1,3],[12,1,3]],"gamesuc_dlg_video_config":{"gamesuc_dlg_default_gouxuan":1,"gamesuc_dlg_next_gouxuan_type":1,"gamesuc_dlg_recheck_gouxuan_need_jiange_gk":4,"gamesuc_dlg_first_check_min_gk":2,"gamesuc_dlg_default_use_menu_type":4,"minsec_jiange_from_last_watch_video_default_check":5,"aotu_uncheck_gouxuan_type":2,"game_end_pop_success_dlg_dealy_sec":3.8,"game_end_need_pop_animate":1,"gametype_rang_gouxuan_btn_conf":[[[1000,1000],1,1,1,1]]},"per_gametype_shouci_libao_pop_delay_sec":[],"range_gametype_shouci_libao_pop_delay_sec":[[[1,1000],0.2]],"per_gametype_shouci_libao_show_type":[[8,1,2]],"banner_gezi_shuaxin_sec_list":[],"banner_gezi_need_pingbi_id_list":[],"banner_manual_destroy_config":[{"sec":36,"ds":3,"c":2,"re":4,"il":[]}],"shoukan_libao_config":[{"libaotype":1,"show_type":4,"startgk":3,"jianggegk":4,"endgk":1000,"gt":[[1,30],[103,110],[131,131]]},{"libaotype":3,"show_type":0,"startgk":6,"jianggegk":8,"endgk":1000,"canmulcount":1,"muljiangegk":8,"all_jiangli_can_mul_count":0,"gt":[]}],"special_dating_gamebtn_caidan":[{"startday":20230330,"endday":20230331,"mode":1}],"shangcheng_config":{"bottomtip":"商城内每个道具今日连续视频购买3次赠送1次","lianxureward":[{"t":3,"c":1}]},"enter_game_bk_create_gezi_list":[{"t":0,"l":[[41,2],[42,2]]}],"sanxiaoxiao_daojutype_pershiping_goumai_count":[{"t":0,"c":3},{"t":1,"c":3}],"quanping_gezi_chaiping_config":{"in_shenhe":0,"level_min":2,"min_sec_after_startgame":60,"min_sec_after_reg":60,"min_jiange_sec":60,"manual_deatroy_need_auto_recreate":1,"valid_type_arr":[],"valid_subgametype_range":[[1,10000]],"subgame_level_valid":[{"minl":3,"jiangel":1,"srange":[[1,3],[131,1000]]},{"minl":3,"jiangel":0,"srange":[[4,130]]}],"dating_level_valid":[{"minl":3,"jiangel":1,"srange":[[1,3],[131,1000]]},{"minl":3,"jiangel":0,"srange":[[4,130]]}]},"watch_video_fail_dlg":[{"sec":28,"ntype":[[0,0],[1,100]]},{"sec":30,"ntype":[[101,1000000]]}],"choujiang_config":[{"sec":300,"jl":[{"t":11,"c":1},{"t":12,"c":1},{"t":13,"c":1},{"t":14,"c":1},{"t":1,"c":200}]},{"sec":1200,"jl":[{"t":11,"c":1},{"t":12,"c":1},{"t":13,"c":1},{"t":14,"c":1},{"t":1,"c":200}]}]}]],0,0,[],[],[]],[["0,9729,9729,33071,33071,0,0,1",-1],[0],0,[],[],[]],[[{"name":"wanfa2","rect":[0,0,268,190],"offset":[0,0],"originalSize":[268,190],"capInsets":[0,0,0,0]}],[1],0,[0],[1],[1]],[["0,9729,9729,33071,33071,0,0,1",-1],[0],0,[],[],[]],[["0,9729,9729,33071,33071,0,0,1",-1],[0],0,[],[],[]],[["0,9729,9729,33071,33071,0,0,1",-1],[0],0,[],[],[]],[[{"name":"yidiangongji","rect":[0,0,200,200],"offset":[0,0],"originalSize":[200,200],"capInsets":[0,0,0,0]}],[1],0,[0],[1],[2]],[[{"name":"progress1","rect":[0,0,423,23],"offset":[0,0],"originalSize":[423,23],"capInsets":[0,0,0,0]}],[1],0,[0],[1],[3]],[[{"name":"l4","rect":[0,0,200,198],"offset":[0,0],"originalSize":[200,198],"capInsets":[0,0,0,0]}],[1],0,[0],[1],[4]],[[[9,"loading",null],[10,"Canvas","a5esZu+45LA5mBpvttspPD",[-3,-4,-5,-6,-7,-8,-9,-10,-11],[[14,true,-1,[5,720,1280]],[15,-2,30,31,32]],[5,720,1280],[360,640,0,0,0,0,1,1,1,1]],[11,"center",1,[-12,-13,-14,-15,-16,-17,-18]],[3,"progress",1,[-22],[[16,1,-19,[25],26],[18,423,0.3,-21,-20]],[5,423,23],[0,-486.202,0,0,0,0,1,1,1,1]],[3,"loading1",2,[-24],[[2,0,-23,[5],6]],[5,200,200],[-230,159,0,0,0,0,1,1,1,1]],[1,"t",4,[[5,"木块训练",30,1,1,1,-25,[4]],[0,2,-26,[4,4278190080]]],[4,4278220287],[5,124,54.4],[0,-141,0,0,0,0,1,1,1,1]],[3,"luosi",2,[-28],[[2,0,-27,[8],9]],[5,200,200],[230,159,0,0,0,0,1,1,1,1]],[1,"t",6,[[5,"螺丝训练",30,1,1,1,-29,[7]],[0,2,-30,[4,4278190080]]],[4,4278220287],[5,124,54.4],[0,-141,0,0,0,0,1,1,1,1]],[3,"21",2,[-32],[[2,0,-31,[11],12]],[5,200,200],[-230,-169.163,0,0,0,0,1,1,1,1]],[1,"t",8,[[5,"酒杯训练",30,1,1,1,-33,[10]],[0,2,-34,[4,4278190080]]],[4,4278220287],[5,124,54.4],[0,-141,0,0,0,0,1,1,1,1]],[3,"22",2,[-36],[[2,0,-35,[14],15]],[5,200,200],[0,-169.163,0,0,0,0,1,1,1,1]],[1,"t",10,[[5,"怪兽训练",30,1,1,1,-37,[13]],[0,2,-38,[4,4278190080]]],[4,4278220287],[5,124,54.4],[0,-141,0,0,0,0,1,1,1,1]],[3,"23",2,[-40],[[2,0,-39,[17],18]],[5,200,200],[230,-169.163,0,0,0,0,1,1,1,1]],[1,"t",12,[[5,"一亿伤害训练",26,1,1,1,-41,[16]],[0,2,-42,[4,4278190080]]],[4,4278220287],[5,160,54.4],[0,-141,0,0,0,0,1,1,1,1]],[1,"t2",2,[[5,"数字华容道",30,1,1,1,-43,[21]],[0,2,-44,[4,4278190080]]],[4,4278220287],[5,154,54.4],[0,18,0,0,0,0,1,1,1,1]],[4,"slts",1,[[7,-45,[22],23],[20,1.1,3,-46]],[5,130,167],[290.211,542.044,0,0,0,0,1,0.8,0.8,0]],[4,"v",1,[[8,"v:1.51",18,20,1,1,-47,[27]],[0,2,-48,[4,4278190080]]],[5,53,29.2],[-14,-414.184,0,0,0,0,1,1,1,1]],[1,"prolb",1,[[8,"正在加载资源 .",24,24,1,1,-49,[28]],[0,2,-50,[4,4278190080]]],[4,4282300915],[5,162,34.239999999999995],[0,-448.365,0,0,0,0,1,1,1,1]],[4,"tip",1,[[19,"健康游戏忠告\n抵制不良游戏  拒绝盗版游戏  注意自我保护  谨防受骗上当\n适度游戏益脑  沉迷游戏伤身  合理安排时间  享受健康生活",24,30,1,1,1,-51,[29]],[0,3,-52,[4,4278190080]]],[5,624,103.8],[0,-562.219,0,0,0,0,1,1,1,1]],[21,"New Node",false,[1],[0,0,0],[0,0,0,0,0,0,1,1,1,1]],[4,"Main Camera",1,[[22,7,-1,-53]],[5,960,640],[0,0,523.9453692895854,0,0,0,1,1,1,1]],[12,"bjt",1,[[2,0,-54,[0],1]],[5,1440,1920]],[4,"snmk_biaoti",1,[[7,-55,[2],3]],[5,299,203],[3.276,428.572,0,0,0,0,1,1,1,1]],[4,"l4",2,[[2,0,-56,[19],20]],[5,200,200],[0,159,0,0,0,0,1,1,1,1]],[13,"bar",3,[-57],[5,126.89999999999999,26],[0,0,0.5],[-210,0,0,0,0,0,1,1,1,1]],[17,1,0,24,[24]]],0,[0,0,1,0,0,1,0,-1,20,0,-2,21,0,-3,22,0,-4,2,0,-5,15,0,-6,3,0,-7,16,0,-8,17,0,-9,18,0,-1,4,0,-2,6,0,-3,8,0,-4,10,0,-5,12,0,-6,23,0,-7,14,0,0,3,0,3,25,0,0,3,0,-1,24,0,0,4,0,-1,5,0,0,5,0,0,5,0,0,6,0,-1,7,0,0,7,0,0,7,0,0,8,0,-1,9,0,0,9,0,0,9,0,0,10,0,-1,11,0,0,11,0,0,11,0,0,12,0,-1,13,0,0,13,0,0,13,0,0,14,0,0,14,0,0,15,0,0,15,0,0,16,0,0,16,0,0,17,0,0,17,0,0,18,0,0,18,0,0,20,0,0,21,0,0,22,0,0,23,0,-1,25,0,4,19,1,5,19,57],[0,0,0,0,0,0,0,0,0,0,0,0,0,0,0,0,0,0,0,0,0,0,0,0,0,0,0,0,0,0,0,0,0,25],[-1,2,-1,2,-1,-1,2,-1,-1,2,-1,-1,2,-1,-1,2,-1,-1,2,-1,2,-1,-1,2,-1,-1,2,-1,-1,-1,6,7,8,2],[0,5,0,6,0,0,7,0,0,8,0,0,9,0,0,10,0,0,11,0,12,0,0,13,0,0,14,0,0,0,15,16,17,18]],[["0,9729,9729,33071,33071,0,0,1",-1],[0],0,[],[],[]],[[{"name":"loading1","rect":[0,0,200,199],"offset":[0,0],"originalSize":[200,199],"capInsets":[0,0,0,0]}],[1],0,[0],[1],[19]],[["0,9729,9729,33071,33071,0,0,1",-1],[0],0,[],[],[]],[[{"name":"progress2","rect":[0,0,423,23],"offset":[0,0],"originalSize":[423,23],"capInsets":[0,0,0,0]}],[1],0,[0],[1],[20]],[[[6,"shaonaomukuai_preload",{"bvalid":1,"bk_load_max_sec":20,"preload":[{"bundle":"music","bdir":1,"waitall":0,"fl":["com","flaybird","mishi"]},{"bundle":"image","bdir":1,"waitall":0,"fl":["common","dlg","game","huamukuai","huarongdao","loading","main","mishitaotou","selguanka","start","tuixiangzi"]},{"bundle":"newimage","bdir":1,"waitall":0,"fl":["dating","donghua","game","huamukuai","selnandu","shuzihuarongdao"]},{"bundle":"resources","bdir":1,"waitall":0,"fl":["comdefine","conf","daoju","game","preab","tiles","txz"]}],"load":[{"bundle":"resources","bdir":1,"waitall":0,"fl":["preab"]}],"pre_scence":["huamukuai"],"dating_scence":[]}]],0,0,[],[],[]],[[{"name":"luosixunlian","rect":[0,0,200,200],"offset":[0,0],"originalSize":[200,200],"capInsets":[0,0,0,0]}],[1],0,[0],[1],[21]],[[{"name":"logo","rect":[1,0,299,203],"offset":[0.5,0],"originalSize":[300,203],"capInsets":[0,0,0,0]}],[1],0,[0],[1],[22]],[[[6,"shaonaomukuai_tuijian_wx",{"allpingbiguanggao":1,"update_icon_sec":10,"show_icon_pos_show_seq":{},"tuijianweiinfolist":[{"name":"shengli1","showseq":1,"pos_range":[[11000,11999],[42000,42999],[52000,52999],[62000,62999]],"applist":[{"togameid":"guaishoudaxiaochu","toAppPath":"?wxgamecid=sm1","toName":"怪兽大消除","toAppID":"wx0718c2639902aedc","icon":"https://outercoms.zfgame123.com/config/pic/guaishoudaxiaochu.png","addtiond":"111"},{"togameid":"daoyuzhanzheng","toAppPath":"?wxgamecid=sm2","toName":"岛屿战争","toAppID":"wxf7606eb1aadd9a1b","icon":"https://outercoms.zfgame123.com/config/pic/daoyuzhanz.png","addtiond":"111"}]},{"name":"shengli2","showseq":1,"pos_range":[[12000,12999],[41000,41999],[51000,51999],[61000,61999]],"applist":[{"togameid":"fengyunxiangqi","toAppPath":"?wxgamecid=sm1","toName":"风云象棋","toAppID":"wxece7e9429381bfbe","icon":"https://outercoms.zfgame123.com/config/xiaojiangshi/pic/fengyunxiangqi.png","addtiond":"111"},{"togameid":"xiaobingdazhanjiangshi","toAppPath":"?wxgamecid=sm2","toName":"小兵大战僵尸","toAppID":"wx553ebd44ec20a9af","icon":"https://outercoms.zfgame123.com/config/xiaojiangshi/pic/xiaobingdazhanjiangshi.png","addtiond":"111"}]},{"name":"领取1","showseq":1,"pos_range":[[22000,22999],[31000,31999]],"applist":[{"togameid":"daoyuzhanzheng","toAppPath":"?wxgamecid=sm2","toName":"岛屿战争","toAppID":"wxf7606eb1aadd9a1b","icon":"https://outercoms.zfgame123.com/config/pic/daoyuzhanz.png","addtiond":"111"},{"togameid":"guaishouifangweizhan","toAppPath":"?wxgamecid=sm2","toName":"怪兽防卫战","toAppID":"wx61653cb69e41c1dc","icon":"https://outercoms.zfgame123.com/config/xiaojiangshi/pic/guaishou.png","addtiond":"111"}]},{"name":"lq2","showseq":1,"pos_range":[[21000,21999],[32000,32999]],"applist":[{"togameid":"fengyunxiangqi","toAppPath":"?wxgamecid=sm1","toName":"风云象棋","toAppID":"wxece7e9429381bfbe","icon":"https://outercoms.zfgame123.com/config/xiaojiangshi/pic/fengyunxiangqi.png","addtiond":"111"},{"togameid":"guaishoudaxiaochu","toAppPath":"?wxgamecid=sm1","toName":"怪兽大消除","toAppID":"wx0718c2639902aedc","icon":"https://outercoms.zfgame123.com/config/pic/guaishoudaxiaochu.png","addtiond":"111"}]},{"name":"gametype_1_inner_list_pos_1","pos":1,"showseq":1,"posarr":[21311,21312],"applist":[{"togameid":"guaishoudaxiaochu","toAppPath":"?wxgamecid=sm1","toName":"怪兽大消除","toAppID":"wx0718c2639902aedc","icon":"https://outercoms.zfgame123.com/config/pic/guaishoudaxiaochu.png","addtiond":"111"},{"togameid":"guaishouifangweizhan","toAppPath":"?wxgamecid=sm2","toName":"怪兽防卫战","toAppID":"wx61653cb69e41c1dc","icon":"https://outercoms.zfgame123.com/config/xiaojiangshi/pic/guaishou.png","addtiond":"111"},{"togameid":"xiaobingdazhanjiangshi","toAppPath":"?wxgamecid=sm2","toName":"小兵大战僵尸","toAppID":"wx553ebd44ec20a9af","icon":"https://outercoms.zfgame123.com/config/xiaojiangshi/pic/xiaobingdazhanjiangshi.png","addtiond":"111"},{"togameid":"daoyuzhanzheng","toAppPath":"?wxgamecid=sm2","toName":"岛屿战争","toAppID":"wxf7606eb1aadd9a1b","icon":"https://outercoms.zfgame123.com/config/pic/daoyuzhanz.png","addtiond":"111"},{"togameid":"fengyunxiangqi","toAppPath":"?wxgamecid=sm1","toName":"风云象棋","toAppID":"wxece7e9429381bfbe","icon":"https://outercoms.zfgame123.com/config/xiaojiangshi/pic/fengyunxiangqi.png","addtiond":"111"}]},{"name":"gametype_1_inner_list_pos_2","pos":2,"applist":[{"togameid":"xiaobingdazhanjiangshi","toAppPath":"?wxgamecid=sm2","toName":"小兵大战僵尸","toAppID":"wx553ebd44ec20a9af","icon":"https://outercoms.zfgame123.com/config/xiaojiangshi/pic/xiaobingdazhanjiangshi.png","addtiond":"111"},{"togameid":"fengyunxiangqi","toAppPath":"?wxgamecid=sm1","toName":"风云象棋","toAppID":"wxece7e9429381bfbe","icon":"https://outercoms.zfgame123.com/config/xiaojiangshi/pic/fengyunxiangqi.png","addtiond":"111"},{"togameid":"guaishouifangweizhan","toAppPath":"?wxgamecid=sm2","toName":"怪兽防卫战","toAppID":"wx61653cb69e41c1dc","icon":"https://outercoms.zfgame123.com/config/xiaojiangshi/pic/guaishou.png","addtiond":"111"},{"togameid":"guaishoudaxiaochu","toAppPath":"?wxgamecid=sm1","toName":"怪兽大消除","toAppID":"wx0718c2639902aedc","icon":"https://outercoms.zfgame123.com/config/pic/guaishoudaxiaochu.png","addtiond":"111"},{"togameid":"daoyuzhanzheng","toAppPath":"?wxgamecid=sm2","toName":"岛屿战争","toAppID":"wxf7606eb1aadd9a1b","icon":"https://outercoms.zfgame123.com/config/pic/daoyuzhanz.png","addtiond":"111"}]},{"name":"dating_inner_list_pos_1","pos":3,"showseq":1,"applist":[{"togameid":"guaishoudaxiaochu","toAppPath":"?wxgamecid=sm1","toName":"怪兽大消除","toAppID":"wx0718c2639902aedc","icon":"https://outercoms.zfgame123.com/config/pic/guaishoudaxiaochu.png","addtiond":"111"},{"togameid":"guaishouifangweizhan","toAppPath":"?wxgamecid=sm2","toName":"怪兽防卫战","toAppID":"wx61653cb69e41c1dc","icon":"https://outercoms.zfgame123.com/config/xiaojiangshi/pic/guaishou.png","addtiond":"111"},{"togameid":"daoyuzhanzheng","toAppPath":"?wxgamecid=sm2","toName":"岛屿战争","toAppID":"wxf7606eb1aadd9a1b","icon":"https://outercoms.zfgame123.com/config/pic/daoyuzhanz.png","addtiond":"111"},{"togameid":"fengyunxiangqi","toAppPath":"?wxgamecid=sm1","toName":"风云象棋","toAppID":"wxece7e9429381bfbe","icon":"https://outercoms.zfgame123.com/config/xiaojiangshi/pic/fengyunxiangqi.png","addtiond":"111"}]},{"name":"dating_inner_list_pos_2","pos":4,"applist":[{"togameid":"xiaobingdazhanjiangshi","toAppPath":"?wxgamecid=sm2","toName":"小兵大战僵尸","toAppID":"wx553ebd44ec20a9af","icon":"https://outercoms.zfgame123.com/config/xiaojiangshi/pic/xiaobingdazhanjiangshi.png","addtiond":"111"},{"togameid":"daoyuzhanzheng","toAppPath":"?wxgamecid=sm2","toName":"岛屿战争","toAppID":"wxf7606eb1aadd9a1b","icon":"https://outercoms.zfgame123.com/config/pic/daoyuzhanz.png","addtiond":"111"},{"togameid":"fengyunxiangqi","toAppPath":"?wxgamecid=sm1","toName":"风云象棋","toAppID":"wxece7e9429381bfbe","icon":"https://outercoms.zfgame123.com/config/xiaojiangshi/pic/fengyunxiangqi.png","addtiond":"111"},{"togameid":"guaishoudaxiaochu","toAppPath":"?wxgamecid=sm1","toName":"怪兽大消除","toAppID":"wx0718c2639902aedc","icon":"https://outercoms.zfgame123.com/config/pic/guaishoudaxiaochu.png","addtiond":"111"}]},{"name":"dating_inner_list_pos_5","pos":5,"showseq":1,"applist":[{"togameid":"guaishoudaxiaochu","toAppPath":"?wxgamecid=sm1","toName":"怪兽大消除","toAppID":"wx0718c2639902aedc","icon":"https://outercoms.zfgame123.com/config/pic/guaishoudaxiaochu.png","addtiond":"111"},{"togameid":"guaishouifangweizhan","toAppPath":"?wxgamecid=sm2","toName":"怪兽防卫战","toAppID":"wx61653cb69e41c1dc","icon":"https://outercoms.zfgame123.com/config/xiaojiangshi/pic/guaishou.png","addtiond":"111"}]},{"name":"dating_inner_list_pos_6","pos":6,"applist":[{"togameid":"xiaobingdazhanjiangshi","toAppPath":"?wxgamecid=sm2","toName":"小兵大战僵尸","toAppID":"wx553ebd44ec20a9af","icon":"https://outercoms.zfgame123.com/config/xiaojiangshi/pic/xiaobingdazhanjiangshi.png","addtiond":"111"},{"togameid":"guaishoudaxiaochu","toAppPath":"?wxgamecid=sm1","toName":"怪兽大消除","toAppID":"wx0718c2639902aedc","icon":"https://outercoms.zfgame123.com/config/pic/guaishoudaxiaochu.png","addtiond":"111"}]}]}]],0,0,[],[],[]],[["1,9729,9729,33071,33071,0,0,1",-1],[0],0,[],[],[]],[["0,9729,9729,33071,33071,0,0,1",-1],[0],0,[],[],[]],[["0,9729,9729,33071,33071,0,0,1",-1],[0],0,[],[],[]],[["0,9729,9729,33071,33071,0,0,1",-1],[0],0,[],[],[]],[["0,9729,9729,33071,33071,0,0,1",-1],[0],0,[],[],[]],[[{"name":"jiubei","rect":[0,0,200,200],"offset":[0,0],"originalSize":[200,200],"capInsets":[0,0,0,0]}],[1],0,[0],[1],[23]],[[{"name":"bjt","rect":[0,0,1080,1440],"offset":[0,0],"originalSize":[1080,1440],"capInsets":[0,0,0,0]}],[1],0,[0],[1],[24]],[[{"name":"slts","rect":[0,0,130,167],"offset":[0,0],"originalSize":[130,167],"capInsets":[0,0,0,0]}],[1],0,[0],[1],[25]]]]