[1,["fcHZ2AOJFC1ZRxQPAzXaEg"],0,[["sp.SkeletonData",["_name","_atlasText","textureNames","_skeletonJson","textures"],-1,3]],[[0,0,1,2,3,4,5]],[[0,"zhalan_1","\nzhalan_1.png\nsize: 403,87\nformat: RGBA8888\nfilter: Linear,Linear\nrepeat: none\nzhalan_diren\n  rotate: true\n  xy: 2, 2\n  size: 83, 245\n  orig: 83, 245\n  offset: 0, 0\n  index: -1\nzhalan_diren2\n  rotate: true\n  xy: 249, 2\n  size: 83, 152\n  orig: 83, 153\n  offset: 0, 0\n  index: -1\n",["zhalan_1.png"],{"skeleton":{"hash":"9645FEeaSeO6snulYvufbVLhq3c","spine":"3.8.75","x":-40.5,"y":-77,"width":83,"height":153,"images":"","audio":""},"bones":[{"name":"root"},{"name":"bone","parent":"root","x":-0.5,"y":-115},{"name":"zhalan_diren","parent":"bone","length":30.02,"rotation":-91.91,"x":-2,"y":98}],"slots":[{"name":"zhalan_diren","bone":"zhalan_diren","attachment":"zhalan_diren"}],"skins":[{"name":"zhalan_1","attachments":{"zhalan_diren":{"zhalan_diren":{"x":-16.61,"y":2.95,"rotation":91.91,"width":83,"height":245}}}},{"name":"zhalan_2","attachments":{"zhalan_diren":{"zhalan_diren":{"name":"zhalan_diren2","x":-16.61,"y":2.95,"rotation":91.91,"width":83,"height":153}}}}],"animations":{"stand":{}}},[0]]],0,0,[0],[-1],[0]]