[1,["bbOIRBW6pFRKKW3YmHIOEE","2fLAHl/l9LzKVW9uhSPPQz","d31uGJinBH4bz1M6ObxH0+","cfzGAb9p9EpaotMuoXlv26","79LlntIwBBQpqbfhXvd0LQ","acoeoYxxFC4bF3c1SXmkNl","18L96jmBhBSZhrYwQTN212","06HLKJPQRKkIUiJ1RvEXC9","84cUYCjKlBw6t98PqVmpc8","23f8NprJZFUbfEdy2GjRcc","51Aq7vgd5AiLp4aS7Q3gSo","f82Acxps9PQpu+QwivSSo1","d26ldGbO9Bv77oTccxcCGq","49cD4jv15G27BD/PqFZ8xA","43GjNLl+hGXo+si+uywVGt","12LeWyGEpMVbldAb0Zndex","0c+dXxKxFI/JXCKxDNX8Mb","55k0pxayhDxqLDWxymUMPc","08QbqODi5IXZOpvVCrM+qv","a0advVp2lL2bXTf7jtHoBb","d1ocLsgXBDWKx7c144cjUP","15/i34urpM1YkZKkmZHcia","7en5uj05hCjJqYdYv+WiiH","73s6WXPO1M1KjH6U+A7XJQ","31Sr7X3RZP476rqjBrg8fK","34VuHtCz9DAK8q8x3UXiV0","fdn91OqkRKKoxXQA8W6dWn","0emCleUpNNh5R9Pe92gwzD","3cNRxpyWhFrIVPwm27ovf8","51L7qX0QBAyqvFYdr2NZ5j"],["_textureSetter","value"],["cc.SpriteFrame",["cc.AnimationClip",["_name","_duration","sample","wrapMode","curveData"],-1,11]],[[1,0,1,2,3,4,5]],[[[{"name":"wudi_05","rect":[0,0,129,116],"offset":[0,0],"originalSize":[129,116],"capInsets":[0,0,0,0]}],[0],0,[0],[0],[0]],[[{"name":"wudi_03","rect":[0,0,129,116],"offset":[0,0],"originalSize":[129,116],"capInsets":[0,0,0,0]}],[0],0,[0],[0],[1]],[[{"name":"wudi_14","rect":[0,0,129,116],"offset":[0,0],"originalSize":[129,116],"capInsets":[0,0,0,0]}],[0],0,[0],[0],[2]],[[{"name":"wudi_02","rect":[0,0,129,116],"offset":[0,0],"originalSize":[129,116],"capInsets":[0,0,0,0]}],[0],0,[0],[0],[3]],[[{"name":"wudi_08","rect":[0,0,129,116],"offset":[0,0],"originalSize":[129,116],"capInsets":[0,0,0,0]}],[0],0,[0],[0],[4]],[[{"name":"wudi_11","rect":[0,0,129,116],"offset":[0,0],"originalSize":[129,116],"capInsets":[0,0,0,0]}],[0],0,[0],[0],[5]],[[{"name":"wudi_12","rect":[0,0,129,116],"offset":[0,0],"originalSize":[129,116],"capInsets":[0,0,0,0]}],[0],0,[0],[0],[6]],[[{"name":"wudi_15","rect":[0,0,129,116],"offset":[0,0],"originalSize":[129,116],"capInsets":[0,0,0,0]}],[0],0,[0],[0],[7]],[[{"name":"wudi_01","rect":[0,0,129,116],"offset":[0,0],"originalSize":[129,116],"capInsets":[0,0,0,0]}],[0],0,[0],[0],[8]],[[{"name":"wudi_04","rect":[0,0,129,116],"offset":[0,0],"originalSize":[129,116],"capInsets":[0,0,0,0]}],[0],0,[0],[0],[9]],[[{"name":"wudi_10","rect":[0,0,129,116],"offset":[0,0],"originalSize":[129,116],"capInsets":[0,0,0,0]}],[0],0,[0],[0],[10]],[[{"name":"wudi_09","rect":[0,0,129,116],"offset":[0,0],"originalSize":[129,116],"capInsets":[0,0,0,0]}],[0],0,[0],[0],[11]],[[{"name":"wudi_06","rect":[0,0,129,116],"offset":[0,0],"originalSize":[129,116],"capInsets":[0,0,0,0]}],[0],0,[0],[0],[12]],[[{"name":"wudi_07","rect":[0,0,129,116],"offset":[0,0],"originalSize":[129,116],"capInsets":[0,0,0,0]}],[0],0,[0],[0],[13]],[[[0,"wudi",0.5,30,2,[{},"paths",11,[{},"zhaozi",11,[{},"comps",11,[{},"cc.Sprite",11,[{},"spriteFrame",12,[[[{"frame":0},"value",6,0],[{"frame":0.03333333333333333},"value",6,1],[{"frame":0.06666666666666667},"value",6,2],[{"frame":0.1},"value",6,3],[{"frame":0.13333333333333333},"value",6,4],[{"frame":0.16666666666666666},"value",6,5],[{"frame":0.2},"value",6,6],[{"frame":0.23333333333333334},"value",6,7],[{"frame":0.26666666666666666},"value",6,8],[{"frame":0.3},"value",6,9],[{"frame":0.3333333333333333},"value",6,10],[{"frame":0.36666666666666664},"value",6,11],[{"frame":0.4},"value",6,12],[{"frame":0.43333333333333335},"value",6,13],[{"frame":0.4666666666666667},"value",6,14]],11,11,11,11,11,11,11,11,11,11,11,11,11,11,11]]]]]]]],0,0,[0,0,0,0,0,0,0,0,0,0,0,0,0,0,0],[1,1,1,1,1,1,1,1,1,1,1,1,1,1,1],[14,15,16,17,18,19,20,21,22,23,24,25,26,27,28]],[[{"name":"wudi_13","rect":[0,0,129,116],"offset":[0,0],"originalSize":[129,116],"capInsets":[0,0,0,0]}],[0],0,[0],[0],[29]]]]