[1,["ecpdLyjvZBwrvm+cedCcQy","3ae7efMv1CLq2ilvUY/tQi","a9Ay8Y+05DmbuxJkDqJI7w","81Jc+1vXlEGbhHS0Nzkx/x","13R5VcNy1MQpDjT38iOKYO","b8MZeTKB9NTJZdrL328HSu","dbc3qfm6tHR7yYrm81xNaF","a2orvdZeFPTK7eUbd1gczA","f7quvCl1lOYYy9c9eKPPjj","528v5VOfJMyLB0e+dCQ6YJ","d5VtVmTSlCm6S+zToyQnxt","6a8mOhjT9E4r+Fkl6uZQ+r","caSY47oMRE2pA1UyKvfLGM","a2MjXRFdtLlYQ5ouAFv/+R","530DSKGSZPF5A/RDv1FPDx","aeotz1rYdB0Jtpq7wQ9rUw","90xkZSWapFSIxcf0sHkbwG","dc7ECZSE9GppwpBc5IcC4k","24+t+HCSlHmLXExQVb6OcW","5cwE1Y775NM6WOF9S9l6gy","533IR/0llD8qLQeyBooM2v"],["node","_spriteFrame","_textureSetter","_parent","root","exitbtn","_N$target","data"],[["cc.Node",["_name","_opacity","_active","_prefab","_parent","_components","_contentSize","_children","_trs","_color"],0,4,1,9,5,2,7,5],"cc.SpriteFrame",["cc.PrefabInfo",["fileId","root","asset"],2,1,1],["cc.Sprite",["_sizeMode","node","_materials","_spriteFrame"],2,1,3,6],["cc.Button",["zoomScale","_N$transition","node","_N$target"],1,1,1],["cc.LabelOutline",["_width","_enabled","node","_color"],1,1,5],["cc.Prefab",["_name"],2],["ca966QzSppLHYFm8m8/0jbW",["node","exitbtn"],3,1,1],["6ef4aC+VGpP9ozVI7YZOJfZ",["node"],3,1],["cc.Label",["_string","_fontSize","_lineHeight","_styleFlags","_N$horizontalAlign","_N$verticalAlign","node","_materials"],-3,1,3]],[[2,0,1,2,2],[0,0,4,5,3,6,8,2],[3,0,1,2,3,2],[9,0,1,2,3,4,5,6,7,7],[5,0,2,3,2],[0,0,4,7,3,8,2],[0,0,2,4,7,3,8,3],[0,0,4,5,3,6,2],[3,1,2,3,1],[4,0,1,2,3],[0,0,4,5,3,9,6,8,2],[0,0,7,5,3,6,8,2],[5,1,0,2,3,3],[6,0,2],[0,0,7,5,3,6,2],[0,0,4,7,3,2],[0,0,1,4,5,3,9,6,3],[0,0,4,7,5,3,6,8,2],[7,0,1,1],[8,0,1],[2,1,2,1],[4,2,3,1]],[[[{"name":"com_btn","rect":[0,0,156,70],"offset":[0,0],"originalSize":[156,70],"capInsets":[0,0,0,0]}],[1],0,[0],[2],[5]],[[{"name":"coin03","rect":[0,0,122,100],"offset":[0,0],"originalSize":[122,100],"capInsets":[0,0,0,0]}],[1],0,[0],[2],[6]],[[{"name":"tqhykk","rect":[0,0,626,567],"offset":[-0.5,0],"originalSize":[627,567],"capInsets":[0,0,0,0]}],[1],0,[0],[2],[7]],[[{"name":"button_01","rect":[0,1,306,115],"offset":[0,-0.5],"originalSize":[306,116],"capInsets":[0,0,0,0]}],[1],0,[0],[2],[8]],[[{"name":"board","rect":[0,0,110,110],"offset":[0,0],"originalSize":[110,110],"capInsets":[0,0,0,0]}],[1],0,[0],[2],[9]],[[{"name":"coin01","rect":[0,0,68,70],"offset":[0,0],"originalSize":[68,70],"capInsets":[0,0,0,0]}],[1],0,[0],[2],[10]],[[{"name":"button_grey","rect":[0,0,136,71],"offset":[0,0],"originalSize":[136,71],"capInsets":[0,0,0,0]}],[1],0,[0],[2],[11]],[[{"name":"coin02","rect":[0,0,102,74],"offset":[0,0],"originalSize":[102,74],"capInsets":[0,0,0,0]}],[1],0,[0],[2],[12]],[[[13,"yaoqing_dlg"],[14,"yaoqing_dlg",[-5,-6],[[18,-3,-2],[19,-4]],[20,-1,0],[5,720,1280]],[15,"panel",1,[-7,-8,-9,-10,-11,-12,-13],[0,"42IOKSfZpBb5ZXbjBsgmWd",1,0]],[5,"1",2,[-14,-15,-16,-17,-18,-19],[0,"bdgrNzBSxLioaqDXfQNOpL",1,0],[-175,-42,0,0,0,0,1,1,1,1]],[5,"2",2,[-20,-21,-22,-23,-24,-25],[0,"97j/W8cnlGJoqmx9v5verY",1,0],[0,-42,0,0,0,0,1,1,1,1]],[5,"3",2,[-26,-27,-28,-29,-30,-31],[0,"a25OF5tZREFaTT5Kckta69",1,0],[175,-42,0,0,0,0,1,1,1,1]],[16,"menghui",160,1,[[2,0,-32,[0],1],[21,-34,-33]],[0,"38hje6GrlFtLNPCwBs2kLr",1,0],[4,4278190080],[5,1000,2000]],[1,"guanbi",2,[[8,-35,[4],5],[9,1.1,3,-36]],[0,"0cC0tT9vtFfo34ZAfco1nt",1,0],[5,64,64],[276.98,254.231,0,0,0,0,1,1,1,0]],[11,"lingqubtn",[-39],[[2,0,-37,[18],19],[9,1.1,3,-38]],[0,"8aLGnChK1Gl4LUEr8cf9Iu",1,0],[5,140,70],[0,0,0,0,0,0,1,1,1,0]],[11,"lingqubtn",[-42],[[2,0,-40,[32],33],[9,1.1,3,-41]],[0,"cbTfCnN5pE+56VzarwR5po",1,0],[5,140,70],[0,0,0,0,0,0,1,1,1,0]],[11,"lingqubtn",[-45],[[2,0,-43,[46],47],[9,1.1,3,-44]],[0,"911hP5H99PwYjgFBQQa2YW",1,0],[5,140,70],[0,0,0,0,0,0,1,1,1,0]],[17,"yaoqinghaoyoubtn",2,[-48],[[8,-46,[51],52],[9,1.1,3,-47]],[0,"8995X3DCtIgaA8WhhKysTC",1,0],[5,306,115],[0,-350.152,0,0,0,0,1,1,1,0]],[10,"c",3,[[3,"x100",28,28,1,1,1,-49,[10]],[12,false,2,-50,[4,4289075862]]],[0,"4e7brEqUFKhLHopZqi/o5G",1,0],[4,4280506806],[5,62.29,35.28],[0,49,0,0,0,0,1,1,1,1]],[6,"yiwancheng",false,3,[-51,-52],[0,"d9mRxi9C1DYIN1x+iiu+QK",1,0],[0,-26,0,0,0,0,1,1,1,1]],[1,"c",13,[[3,"已领取\n(1/1)",20,24,1,1,1,-53,[13]],[4,2,-54,[4,4285427310]]],[0,"16Rzy9Kl9PPYZfm/IjFyN3",1,0],[5,64,58.24],[0,4,0,0,0,0,1,1,1,1]],[5,"weiwancheng",3,[-55,-56],[0,"817jMi96dAzZiPS3tz3Pb+",1,0],[0,-26,0,0,0,0,1,1,1,1]],[1,"c",15,[[3,"邀请(0/1)",20,20,1,1,1,-57,[16]],[4,2,-58,[4,4285427310]]],[0,"b16VUphqBE25Rjxbqor0Wn",1,0],[5,85.12,29.2],[0,2,0,0,0,0,1,1,1,1]],[1,"c",8,[[3,"领取奖励",20,20,1,1,1,-59,[17]],[4,2,-60,[4,4285427310]]],[0,"8aICoAs29Bv54jWVxb1L3G",1,0],[5,84,29.2],[0,2,0,0,0,0,1,1,1,1]],[10,"c",4,[[3,"x300",28,28,1,1,1,-61,[24]],[12,false,2,-62,[4,4289075862]]],[0,"a0n/8tMg1I4bygem1b2aj8",1,0],[4,4280506806],[5,62.29,35.28],[0,49,0,0,0,0,1,1,1,1]],[6,"yiwancheng",false,4,[-63,-64],[0,"19KMXem9tM956k8vJAbZ9H",1,0],[0,-26,0,0,0,0,1,1,1,1]],[1,"c",19,[[3,"已领取\n(1/1)",20,24,1,1,1,-65,[27]],[4,2,-66,[4,4285427310]]],[0,"31wmb80k5LNKuXuI3fUkSE",1,0],[5,64,58.24],[0,4,0,0,0,0,1,1,1,1]],[5,"weiwancheng",4,[-67,-68],[0,"d6xG67+0tIoI0XMvAyWDsT",1,0],[0,-26,0,0,0,0,1,1,1,1]],[1,"c",21,[[3,"邀请(0/1)",20,20,1,1,1,-69,[30]],[4,2,-70,[4,4285427310]]],[0,"5b6oIVXz1Hp582zc8ZVT+A",1,0],[5,85.12,29.2],[0,2,0,0,0,0,1,1,1,1]],[1,"c",9,[[3,"领取奖励",20,20,1,1,1,-71,[31]],[4,2,-72,[4,4285427310]]],[0,"082DVHTvxKBaLj+ertS32u",1,0],[5,84,29.2],[0,2,0,0,0,0,1,1,1,1]],[10,"c",5,[[3,"x500",28,28,1,1,1,-73,[38]],[12,false,2,-74,[4,4289075862]]],[0,"d43mRVDStLbKqWDaLTzJzB",1,0],[4,4280506806],[5,62.29,35.28],[0,49,0,0,0,0,1,1,1,1]],[6,"yiwancheng",false,5,[-75,-76],[0,"e6lHXs3+tIx4C0vvtBbjWw",1,0],[0,-26,0,0,0,0,1,1,1,1]],[1,"c",25,[[3,"已领取\n(1/1)",20,24,1,1,1,-77,[41]],[4,2,-78,[4,4285427310]]],[0,"76E3zQJlFHxKR/JIiC0bSU",1,0],[5,64,58.24],[0,4,0,0,0,0,1,1,1,1]],[5,"weiwancheng",5,[-79,-80],[0,"11argXZodLIpKndmWwsBgt",1,0],[0,-26,0,0,0,0,1,1,1,1]],[1,"c",27,[[3,"邀请(0/1)",20,20,1,1,1,-81,[44]],[4,2,-82,[4,4285427310]]],[0,"1fXM9ppXJFRZmrEknOWcgt",1,0],[5,85.12,29.2],[0,2,0,0,0,0,1,1,1,1]],[1,"c",10,[[3,"领取奖励",20,20,1,1,1,-83,[45]],[4,2,-84,[4,4285427310]]],[0,"10aoKpgepKSJxL0blsJM8l",1,0],[5,84,29.2],[0,2,0,0,0,0,1,1,1,1]],[1,"kk",2,[[8,-85,[2],3]],[0,"54dGwaUglJ6J2aV09z/DB8",1,0],[5,626,567],[0,50,0,0,0,0,1,1,1,1]],[1,"board",3,[[2,0,-86,[6],7]],[0,"b9z8ny/u9NwZoHTv8WTIxb",1,0],[5,140,140],[-1,95,0,0,0,0,1,1,1,1]],[1,"coin01",3,[[2,0,-87,[8],9]],[0,"61R1RasLNLI5U+HpRaSvOY",1,0],[5,70,70],[0,121,0,0,0,0,1,1,1,1]],[7,"btn",13,[[2,0,-88,[11],12]],[0,"02OJptBLJJXq7SEBxr4mxs",1,0],[5,140,70]],[7,"btn",15,[[2,0,-89,[14],15]],[0,"80edDhHphFh534tBjL1fiy",1,0],[5,140,70]],[6,"lingqu",false,3,[8],[0,"c6aiu1QRVETrFIUv/Rwyrg",1,0],[0,-26,0,0,0,0,1,1,1,1]],[1,"board",4,[[2,0,-90,[20],21]],[0,"74iGKWillCWaAG/0/9lXy+",1,0],[5,140,140],[-2,95,0,0,0,0,1,1,1,1]],[1,"coin01",4,[[8,-91,[22],23]],[0,"5a/Gxh7l9NCKB3uHdwASXu",1,0],[5,102,74],[0,108,0,0,0,0,1,1,1,1]],[7,"btn",19,[[2,0,-92,[25],26]],[0,"e46bFc+XtHkqaGKxgbUv9h",1,0],[5,140,70]],[7,"btn",21,[[2,0,-93,[28],29]],[0,"e6ql+MAuhJHK6ZC43jmNul",1,0],[5,140,70]],[6,"lingqu",false,4,[9],[0,"16FYFtUoRIcqFAx2EAgmeN",1,0],[0,-26,0,0,0,0,1,1,1,1]],[1,"board",5,[[2,0,-94,[34],35]],[0,"57BYVRYzlKjaulR/JtwNkE",1,0],[5,140,140],[-2,95,0,0,0,0,1,1,1,1]],[1,"coin01",5,[[2,0,-95,[36],37]],[0,"deuqrc+ztCEpP6Lmxs8+Iv",1,0],[5,110,90],[0,116,0,0,0,0,1,1,1,1]],[7,"btn",25,[[2,0,-96,[39],40]],[0,"7dMm4+2D1JAoFin+r3jY/E",1,0],[5,140,70]],[7,"btn",27,[[2,0,-97,[42],43]],[0,"03r7msoNhFGLb1dILtTfEP",1,0],[5,140,70]],[6,"lingqu",false,5,[10],[0,"29gmXTTn5Gva/s6Da5BpfV",1,0],[0,-26,0,0,0,0,1,1,1,1]],[10,"tip",2,[[3,"邀请好友，即可获得金币大奖\n每日首次分享游戏即可获得50金币奖励",26,36,1,1,1,-98,[48]]],[0,"ddVBOvN81Bra9bvDeVTPwt",1,0],[4,4280506806],[5,444.92,81.36],[16.234,174.757,0,0,0,0,1,1,1,1]],[1,"lingqu",11,[[8,-99,[49],50]],[0,"18cqu6CRhDqY0Yc8BhtNcj",1,0],[5,102,61],[-118.52,36.134,0,0,0,0,1,1,1,1]]],0,[0,4,1,0,5,7,0,0,1,0,0,1,0,-1,6,0,-2,2,0,-1,30,0,-2,7,0,-3,3,0,-4,4,0,-5,5,0,-6,46,0,-7,11,0,-1,31,0,-2,32,0,-3,12,0,-4,13,0,-5,15,0,-6,35,0,-1,36,0,-2,37,0,-3,18,0,-4,19,0,-5,21,0,-6,40,0,-1,41,0,-2,42,0,-3,24,0,-4,25,0,-5,27,0,-6,45,0,0,6,0,6,6,0,0,6,0,0,7,0,0,7,0,0,8,0,0,8,0,-1,17,0,0,9,0,0,9,0,-1,23,0,0,10,0,0,10,0,-1,29,0,0,11,0,0,11,0,-1,47,0,0,12,0,0,12,0,-1,33,0,-2,14,0,0,14,0,0,14,0,-1,34,0,-2,16,0,0,16,0,0,16,0,0,17,0,0,17,0,0,18,0,0,18,0,-1,38,0,-2,20,0,0,20,0,0,20,0,-1,39,0,-2,22,0,0,22,0,0,22,0,0,23,0,0,23,0,0,24,0,0,24,0,-1,43,0,-2,26,0,0,26,0,0,26,0,-1,44,0,-2,28,0,0,28,0,0,28,0,0,29,0,0,29,0,0,30,0,0,31,0,0,32,0,0,33,0,0,34,0,0,36,0,0,37,0,0,38,0,0,39,0,0,41,0,0,42,0,0,43,0,0,44,0,0,46,0,0,47,0,7,1,8,3,35,9,3,40,10,3,45,99],[0,0,0,0,0,0,0,0,0,0,0,0,0,0,0,0,0,0,0,0,0,0,0,0,0,0,0,0,0,0,0,0,0,0,0,0,0,0,0,0,0,0,0,0,0,0,0,0,0,0,0,0,0],[-1,1,-1,1,-1,1,-1,1,-1,1,-1,-1,1,-1,-1,1,-1,-1,-1,1,-1,1,-1,1,-1,-1,1,-1,-1,1,-1,-1,-1,1,-1,1,-1,1,-1,-1,1,-1,-1,1,-1,-1,-1,1,-1,-1,1,-1,1],[0,13,0,14,0,15,0,3,0,16,0,1,2,0,1,2,0,0,0,4,0,3,0,17,0,1,2,0,1,2,0,0,0,4,0,3,0,18,0,1,2,0,1,2,0,0,0,4,0,0,19,0,20]]]]