[1,["ecpdLyjvZBwrvm+cedCcQy","78ftlhgy1DLbovEpZPXeVs","a2MjXRFdtLlYQ5ouAFv/+R","08ev/mvK5EFZcMYpcjUJ4a"],["node","_spriteFrame","_textureSetter","root","_N$target","data"],[["cc.Node",["_name","_active","_opacity","_prefab","_contentSize","_parent","_components","_children","_color"],0,4,5,1,9,2,5],["cc.PrefabInfo",["fileId","root","asset"],2,1,1],["cc.Sprite",["_sizeMode","node","_materials","_spriteFrame"],2,1,3,6],"cc.SpriteFrame",["cc.Prefab",["_name"],2],["cc.Button",["node","_N$target"],3,1,1],["cc.Label",["_string","_fontSize","_N$horizontalAlign","_N$verticalAlign","_N$overflow","node","_materials"],-2,1,3]],[[1,0,1,2,2],[0,0,5,6,3,4,2],[4,0,2],[0,0,7,3,4,2],[0,0,1,2,5,6,3,8,4,4],[1,1,2,1],[2,0,1,2,3,2],[2,1,2,3,1],[5,0,1,1],[6,0,1,2,3,4,5,6,6]],[[[{"name":"titiao","rect":[53,0,599,113],"offset":[12,0],"originalSize":[681,113],"capInsets":[0,0,0,0]}],[3],0,[0],[2],[1]],[[[2,"tipuidlg"],[3,"txt_tipui",[-2,-3,-4],[5,-1,0],[5,720,60]],[4,"bg",false,220,1,[[6,0,-5,[0],1],[8,-7,-6]],[0,"4a2rNNe1pP15HY7AOzbo9J",1,0],[4,4278190080],[5,720,60]],[1,"titiao",1,[[7,-8,[2],3]],[0,"907mU98w1F7Ywz+bkD4cvg",1,0],[5,599,113]],[1,"txt_info",1,[[9,"tishi",30,1,1,3,-9,[4]]],[0,"35L76Yvb9EaaxatR8qh6XJ",1,0],[5,700,50.4]]],0,[0,3,1,0,-1,2,0,-2,3,0,-3,4,0,0,2,0,4,2,0,0,2,0,0,3,0,0,4,0,5,1,9],[0,0,0,0,0],[-1,1,-1,1,-1],[0,2,0,3,0]]]]