[1,["ecpdLyjvZBwrvm+cedCcQy","a2MjXRFdtLlYQ5ouAFv/+R","c2SjqWhYFFaIuRsXGzEsHK","e3jmQcbjRA36/EQyDFTBx2","63X1RATnBBMJXt5oGfL3gC","2eziRzOrVNor0yX+LdStaF"],["node","_spriteFrame","_textureSetter","root","data"],[["cc.Node",["_name","_opacity","_prefab","_components","_contentSize","_parent","_children","_trs","_color"],1,4,9,5,1,2,7,5],["cc.Label",["_string","_N$horizontalAlign","_N$verticalAlign","_styleFlags","_fontSize","_lineHeight","_N$overflow","node","_materials"],-4,1,3],"cc.SpriteFrame",["cc.PrefabInfo",["fileId","root","asset"],2,1,1],["cc.Button",["zoomScale","_N$transition","node"],1,1],["cc.Prefab",["_name"],2],["a9037ENm5RLprik8GtnHNwW",["node"],3,1],["cc.Sprite",["_sizeMode","node","_materials","_spriteFrame"],2,1,3,6],["cc.LabelOutline",["_width","node","_color"],2,1,5]],[[3,0,1,2,2],[7,0,1,2,3,2],[0,0,5,3,2,4,2],[8,0,1,2,2],[5,0,2],[0,0,6,3,2,4,2],[0,0,5,6,2,2],[0,0,5,6,3,2,4,7,2],[0,0,1,5,3,2,8,4,3],[0,0,5,3,2,4,7,2],[0,0,5,3,2,8,4,7,2],[6,0,1],[3,1,2,1],[4,0,1,2,3],[4,2,1],[1,0,3,1,2,7,8,5],[1,0,4,5,3,1,2,7,8,7],[1,0,4,5,1,2,6,7,8,7]],[[[[4,"showtiptishidlg"],[5,"showtiptishidlg",[-3,-4],[[11,-2]],[12,-1,0],[5,720,1280]],[6,"panel",1,[-5,-6,-7,-8],[0,"c7krZh21FOv600LGhOQq5j",1,0]],[7,"confirm",2,[-11],[[1,0,-9,[7],8],[13,1.1,3,-10]],[0,"21tu3hOwZNrrxNDctrrLAZ",1,0],[5,180,70],[9.765,-154.395,0,0,0,0,1,1,1,0]],[8,"bk",200,1,[[1,0,-12,[0],1],[14,-13]],[0,"f2YaArhsVAOo7mVKQyYO1t",1,0],[4,4278190080],[5,1000,1600]],[9,"title",2,[[15,"标题",1,1,1,-14,[4]],[3,2,-15,[4,4278190080]]],[0,"063dYYrtNBkYzco1E9cgYx",1,0],[5,84,54.4],[0,169.164,0,0,0,0,1,1,1,1]],[2,"t",3,[[16,"确 定",26,26,1,1,1,-16,[6]],[3,3,-17,[4,4278190080]]],[0,"22+T2Dd11LsJpW0YAe7zAV",1,0],[5,65.22,38.76]],[2,"k",2,[[1,0,-18,[2],3]],[0,"7cBOP6SPVK6K9EDdoGNwqD",1,0],[5,500,400]],[10,"content",2,[[17,"恭喜获得:dsdsdsasdasasas\ndssdsd\newe",26,30,1,1,3,-19,[5]]],[0,"02VY/kxfRAAJhwNHiUZEGv",1,0],[4,4278190080],[5,420,97.8],[8.997,0,0,0,0,0,1,1,1,1]]],0,[0,3,1,0,0,1,0,-1,4,0,-2,2,0,-1,7,0,-2,5,0,-3,8,0,-4,3,0,0,3,0,0,3,0,-1,6,0,0,4,0,0,4,0,0,5,0,0,5,0,0,6,0,0,6,0,0,7,0,0,8,0,4,1,19],[0,0,0,0,0,0,0,0,0],[-1,1,-1,1,-1,-1,-1,-1,1],[0,1,0,2,0,0,0,0,3]],[[{"name":"k","rect":[0,0,426,346],"offset":[0,0],"originalSize":[426,346],"capInsets":[0,0,0,0]}],[2],0,[0],[2],[4]],[[{"name":"cs","rect":[0,0,250,84],"offset":[0,0],"originalSize":[250,84],"capInsets":[0,0,0,0]}],[2],0,[0],[2],[5]]]]