[1,["ecpdLyjvZBwrvm+cedCcQy","a2MjXRFdtLlYQ5ouAFv/+R","46EfbabEJDj6/NFaEl/PPa","408aoF+CZFSI2aim5snAA1","eehYmpmJBMw4q5eYsfY4n5","7bPkyRhIROsakQRx42jaHq","405BLkS2tAO7yR8/fAHAfc"],["node","_spriteFrame","_textureSetter","root","data","_parent"],[["cc.Node",["_name","_opacity","_active","_prefab","_components","_contentSize","_parent","_trs","_children","_color"],0,4,9,5,1,7,2,5],["cc.Label",["_string","_N$horizontalAlign","_N$verticalAlign","_fontSize","_styleFlags","_lineHeight","node","_materials"],-3,1,3],["cc.PrefabInfo",["fileId","root","asset"],2,1,1],["cc.Sprite",["_sizeMode","node","_materials","_spriteFrame"],2,1,3,6],["cc.Button",["zoomScale","_N$transition","node"],1,1],"cc.SpriteFrame",["cc.Prefab",["_name"],2],["89f7a0QUxdKiLpM53DUVXRO",["node"],3,1],["cc.BlockInputEvents",["node"],3,1]],[[2,0,1,2,2],[3,0,1,2,3,2],[0,0,6,4,3,5,7,2],[0,0,6,4,3,9,5,7,2],[3,1,2,3,1],[4,0,1,2,3],[1,0,3,4,1,2,6,7,6],[6,0,2],[0,0,8,4,3,2],[0,0,8,4,3,5,7,2],[0,0,6,8,3,7,2],[0,0,1,6,4,3,9,5,3],[0,0,2,6,8,4,3,5,7,3],[0,0,6,8,4,3,9,5,7,2],[0,0,6,4,3,9,5,2],[7,0,1],[2,1,2,1],[4,2,1],[8,0,1],[1,0,3,5,1,2,6,7,6],[1,0,1,2,6,7,4]],[[[{"name":"aixin","rect":[0,0,74,64],"offset":[0,0],"originalSize":[74,64],"capInsets":[0,0,0,0]}],[5],0,[0],[2],[2]],[[[7,"com_fuhuo"],[8,"com_fuhuo",[-3,-4],[[15,-2]],[16,-1,0]],[9,"goumai",[-7,-8,-9],[[1,0,-5,[11],12],[5,1.1,3,-6]],[0,"66vjEIIwtHOqqdLRFkMiIK",1,0],[5,220,160],[5.147,-120.539,0,0,0,0,1,1,1,0]],[10,"node_ui",1,[-10,-11,2,-12],[0,"81X53698hG3byi5zA80T2Z",1,0],[0,60,0,0,0,0,1,1,1,0]],[11,"bk",200,1,[[1,0,-13,[0],1],[18,-14],[17,-15]],[0,"d2sjuDLihB5KpqXIikgn+1",1,0],[4,4278190080],[5,1000,2000]],[12,"cancel",false,3,[-18],[[1,0,-16,[14],15],[5,1.1,3,-17]],[0,"f2nunV9IJHcLLrdOQvZkse",1,0],[5,160,80],[3.431,34.385,0,0,0,0,1,1,1,0]],[13,"yuan",3,[-20],[[1,0,-19,[4],5]],[0,"0eIo3xPThNIo+Wh8WKL1CI",1,0],[4,4289391103],[5,150,40],[0,33.553,0,0,0,0,1,1,1,1]],[2,"tip",3,[[6,"游戏闯关失败,\n是否复活继续游戏?",28,1,1,1,-21,[2]]],[0,"ebEa0U9lpG8rxzJ11HEDzl",1,0],[5,241.1,90.4],[0,195.033,0,0,0,0,1,1,1,1]],[14,"leftt",6,[[19,"5",32,32,1,1,-22,[3]]],[0,"95MD5c48lKx6/t07M1eUSe",1,0],[4,4278190080],[5,17.8,40.32]],[2,"aixin",2,[[4,-23,[6],7]],[0,"b2eHTFy9tLDbC2NT3ECVXC",1,0],[5,74,64],[1.715,29.161,0,0,0,0,1,1,1,1]],[2,"sp",2,[[4,-24,[8],9]],[0,"0dZeKN1sNDR42zC5DfkD7V",1,0],[5,38,30],[-60.038,-36.023,0,0,0,0,1,1,1,1]],[3,"t",2,[[20,"复活",1,1,-25,[10]]],[0,"d6Dkv4NUJFQoVNYpZ3SM0Z",1,0],[4,4279055705],[5,80,50.4],[18.869,-34.308,0,0,0,0,1,1,1,1]],[3,"desc",5,[[6,"取消",28,1,1,1,-26,[13]]],[0,"acMZ898sVEbpXdcK/Hyu3m",1,0],[4,4279057241],[5,56,50.4],[0,4.575,0,0,0,0,1,1,1,1]]],0,[0,3,1,0,0,1,0,-1,4,0,-2,3,0,0,2,0,0,2,0,-1,9,0,-2,10,0,-3,11,0,-1,7,0,-2,6,0,-4,5,0,0,4,0,0,4,0,0,4,0,0,5,0,0,5,0,-1,12,0,0,6,0,-1,8,0,0,7,0,0,8,0,0,9,0,0,10,0,0,11,0,0,12,0,4,1,2,5,3,26],[0,0,0,0,0,0,0,0,0,0,0,0,0,0,0,0],[-1,1,-1,-1,-1,1,-1,1,-1,1,-1,-1,1,-1,-1,1],[0,1,0,0,0,1,0,3,0,4,0,0,5,0,0,6]]]]