[1,["ecpdLyjvZBwrvm+cedCcQy","a2MjXRFdtLlYQ5ouAFv/+R","d1D1+Sw7hD8blRCFxfutei","41EXptiLJLEYjzAd1Mgjjq","56mhbsc1lL/IIJIizeVMjp","68KQ3pje5KFKJ/PZ4lA2pC","3aGKfFHoRAxaYcGMaRlOMM"],["node","_spriteFrame","_textureSetter","root","Bg","Tip","data"],[["cc.Node",["_name","_groupIndex","_opacity","_active","_components","_prefab","_contentSize","_parent","_trs","_color","_children","_anchorPoint"],-1,9,4,5,1,7,5,2,5],"cc.SpriteFrame",["cc.PrefabInfo",["fileId","root","asset"],2,1,1],["cc.Sprite",["_sizeMode","node","_materials","_spriteFrame"],2,1,3,6],["cc.Button",["node","clickEvents"],3,1,9],["cc.Label",["_string","_fontSize","_N$verticalAlign","_N$overflow","_isSystemFontUsed","_styleFlags","_N$horizontalAlign","node","_materials"],-4,1,3],["cc.Prefab",["_name"],2],["cc.Node",["_name","_groupIndex","_parent","_components","_prefab","_color","_contentSize","_trs"],1,1,12,4,5,5,7],["0afc6L9Uo5Mnr69kM/PyVis",["node","Tip","Bg"],3,1,1,1],["cc.Widget",["_alignFlags","_originalWidth","node"],1,1],["cc.ClickEvent",["_componentId","handler","target"],1,1],["cc.LabelOutline",["node","_color"],3,1,5]],[[2,0,1,2,2],[3,0,1,2,3,2],[3,1,2,3,1],[6,0,2],[0,0,1,10,4,5,6,3],[0,0,1,7,10,4,5,6,8,3],[0,0,2,7,4,5,9,6,3],[0,0,3,1,7,4,5,9,6,8,4],[0,0,7,4,5,6,8,2],[0,0,7,4,5,9,6,11,8,2],[7,0,1,2,3,4,5,6,7,3],[8,0,1,2,1],[2,1,2,1],[9,0,1,2,3],[4,0,1,1],[4,0,1],[10,0,1,2,3],[11,0,1,1],[5,0,1,2,3,7,8,5],[5,0,1,4,5,6,2,7,8,7]],[[[[3,"yingdaotipdlg"],[4,"yingdaotipdlg",1,[-5,-6],[[11,-4,-3,-2]],[12,-1,0],[5,720,1280]],[5,"dlg",1,1,[-10,-11,-12,-13],[[1,0,-7,[8],9],[13,40,100,-8],[14,-9,[[16,"94c7aDdgglPhbidrZB8cgYJ","close",1]]]],[0,"96CK8RIM9AeafCtazkaicG",1,0],[5,720,196],[0,-437.954,0,0,0,0,1,1,1,1]],[6,"bk",160,1,[[1,0,-14,[0],1],[15,-15]],[0,"f5yf1ZK6tHo50e/x/P3j+O",1,0],[4,4278190080],[5,1000,1600]],[10,"t",1,2,[[-16,[17,-17,[4,847593507]]],1,4],[0,"237r7w2+JOxbHUTcNlBBDl",1,0],[4,4286922787],[5,640,92.39999999999999],[0,5.244,0,0,0,0,1,1,1,1]],[7,"jt",false,1,2,[[2,-18,[2],3]],[0,"d8InGMF99FUKnSMTwHinSr",1,0],[4,4282409587],[5,91,37],[302.508,-69.453,0,0,0,0,1,1,1,1]],[8,"jc",2,[[2,-19,[4],5]],[0,"b9vz5T4YxKBLqxrmR4PWgS",1,0],[5,107,161],[-273.094,135.168,0,0,0,0,1,1,1,1]],[18,"训练场可以解锁更多兵种\n多兵种配合游戏更容易",30,1,3,4,[6]],[9,"y",2,[[19,"按下任意处继续",20,false,1,1,1,-20,[7]]],[0,"d1052DjL5PB4Ub1hwM1onS",1,0],[4,4278190080],[5,140,50.4],[0,1,0.5],[348.953,-68.963,0,0,0,0,1,1,1,1]]],0,[0,3,1,0,4,3,0,5,7,0,0,1,0,-1,3,0,-2,2,0,0,2,0,0,2,0,0,2,0,-1,5,0,-2,6,0,-3,4,0,-4,8,0,0,3,0,0,3,0,-1,7,0,0,4,0,0,5,0,0,6,0,0,8,0,6,1,20],[0,0,0,0,0,0,0,0,0,0],[-1,1,-1,1,-1,1,-1,-1,-1,1],[0,1,0,2,0,3,0,0,0,4]],[[{"name":"yingdaos","rect":[0,0,720,190],"offset":[0,0],"originalSize":[720,190],"capInsets":[0,0,0,0]}],[1],0,[0],[2],[5]],[[{"name":"continue","rect":[0,0,91,37],"offset":[0,0],"originalSize":[91,37],"capInsets":[0,0,0,0]}],[1],0,[0],[2],[6]]]]