[1,["ecpdLyjvZBwrvm+cedCcQy","a2MjXRFdtLlYQ5ouAFv/+R","f2ZzJ+8cJDyaMb6E3nuYYD","eaoYK4MhpD24tIvfWqaJIM","10QKxue59Fq7MNPh4qeRkn","74ug/ysftA/ILEizkvv1Mb","e8gF2wvO5FZJPy474zDd9V","43iDQYBFVJOoUmlpbqKPd4","70c7RW3+9Pkqm4zQJwxwLC","03o+OsHANAAqdA02LN7/L7","38FhihaP5GkY10DO5405yB","b8zl7qZUVHzb67Jzs33Jrq","e1c3oPZa9NsLASbBTxOk41","50pPF89UVFRbDbJi1+ZWE8","05oGcOvBRHaZo7LmyHTEvB","99IbOtcwRKq4kt0lUVpuyB","7cMia6YBhFV428xNi0EBeg","f9Lc6Gh71HlYUX+a0ary7b","6agNYohWBEmKX4W8ynEFTG","abpelgtFROX65Faeg3VC15","4a+kcNAOtH3JjhGnRymijJ","02FcXAa0dD8ZUIYaBdUOeL","0dNAeb1gtKCqlcaRg2FMUW","00b0TjMxhBuq3jnWvf8S5S","a2T4nUMoVN6bi0E2OdVVaR","81bS/rN4xObpT8uOiYc8FO","7aZmORbi5Cx5fIWktxWVx5","6eUAnmz2pGhLLAmDsomzef","acjRBagP5MPrBkDajlPSf5","a0WpfLWblCI5nUsNMi+CO1","5beryh1W5Bm7rzlaygLTN5","00IQPJQYNCNqmqXoxXTgLF","74Up0jVt5I174jeVFcAv8T","09PfTX5WdAhZzSvPWXYfaR","d8q2d1jy9Pc6W+i79K5cli","50j5SkiXdGsKXtO5/z9Xn7","e4GVAXjfdMlqT557J44j1p","96nAYEts9EXL2yo1vAzZGR","50lllOKAxMvrxthlM1Pei6","79NBhe4L9Fy4GzTamdve0r","80k+cw7WtCtpP/3ixC3xzr","45In5tNYNJNrBCx/bWuJuT","a1BYzvOLVB6ZVk+eMGDu7q","339mdjK1ZAIIVNskh5BXZl","0c0g7dzatJiKh3N4nZJ7PD","71KWTufsFJEoHZvoOo6pK8","d8bJH5c91EnK/sbE0CoK+Y","15zZtjw1pLmoMid/e1WayJ","3fr2fEBzhG4JbwGRFaq8pl","f7dcmZEoFI54SfPv4msmhI","eaWm2QPhJH/7cSP82Fa7Vb","d1B6G6/DJK+LTm40RDPTMr","f6fwaKLPtBRKmMzCuiAeGt","389Iufji9KPoAvjn8p9mSr","31TBEemHVIc6v17lD9gDbY","c42QYchXNFY63X6yg6F8GB","73OWd22vlNV5/dzmHiqPkz","7cF9IyVxhEVrNqiqEriRm8","2cFHrxRzNHnYLKNnH3ToCR","7cJ1+mhKpCxI2cLiG7Yyv3","2atb1FGj5BxoMjVvaHvzDf","6bg/sS/iBOmpzpy4QxpTvs","93OvKseVlNAYOtLNtPEHU9","2djjaaV/ZMhKzF1BJUvnBB","17acw4rstO+Z9auObA73/S","f6hP+Z+w5N2YQLLl1Rukbq","f4ZTf0plZDOrjAcH+o/rT0","4br3s++4FHxK96htpyr+Tk","8bz2V/gDpBj5mSD3PBHQFr","17DH/UIfNHmbnl49hq5dF0","9fb3qZgK1EcaApRap1IyxS","c79aVjT4FFCLrdsV2QkmmY","491BObS7NJ6aulGyyuZmIU","35oqRda15Gv6OdV689PwTt","c7Eg5iseFCY4NHZO61uzgp"],["node","_spriteFrame","_textureSetter","_parent","root","data","exitbtn2","exitbtn","scene","paixu_luosi_zhuang","paixu_luosi","pausedlg","game_end_animate","gamesuccess_new","tiaozhanchang_jiangli_tip_dlg","fuhuo_sel_dlg","chuangong_fail_dlg","huoqu_daoju_dlg","delaytimeDlg","yingdao_shou_dianji","xingxing_animate1","luosi_manzhuang_animate"],[["cc.Node",["_name","_active","_opacity","_id","_components","_contentSize","_parent","_children","_prefab","_trs","_color","_anchorPoint"],-1,9,5,1,2,4,7,5,5],"cc.SpriteFrame",["cc.Label",["_string","_N$verticalAlign","_styleFlags","_N$horizontalAlign","_fontSize","_lineHeight","node","_materials"],-3,1,3],["cc.Button",["_N$transition","zoomScale","node"],1,1],["cc.ParticleSystem",["_custom","totalParticles","duration","emissionRate","lifeVar","angleVar","startSize","startSizeVar","endSize","endSizeVar","startSpinVar","endSpin","endSpinVar","_positionType","speed","speedVar","tangentialAccel","tangentialAccelVar","radialAccelVar","angle","_dstBlendFactor","node","_materials","_startColor","_startColorVar","_endColor","_endColorVar","gravity","_spriteFrame"],-18,1,3,8,8,8,8,5,6],["cc.PrefabInfo",["fileId","root","asset"],2,1,1],["cc.Sprite",["_sizeMode","node","_materials","_spriteFrame"],2,1,3,6],["cc.Widget",["_alignFlags","_left","_right","_top","_bottom","node"],-2,1],["cc.LabelOutline",["_width","node","_color"],2,1,5],["cc.Prefab",["_name"],2],["cc.Node",["_name","_parent","_children"],2,1,12],["ea9baeSSulJubE9QYE3gDKd",["node"],3,1],["cc.BlockInputEvents",["node"],3,1],["921a8PLRA9D9b2OwEgv7wjn",["node"],3,1],["ca966QzSppLHYFm8m8/0jbW",["node","exitbtn","exitbtn2"],3,1,1,1],["cc.SceneAsset",["_name","asyncLoadAssets"],1],["cc.Canvas",["_fitWidth","node","_designResolution"],2,1,5],["ab719nHPgBAMpY+KJ34TQJV",["node","paixu_luosi_zhuang","paixu_luosi","pausedlg","game_end_animate","gamesuccess_new","tiaozhanchang_jiangli_tip_dlg","fuhuo_sel_dlg","chuangong_fail_dlg","huoqu_daoju_dlg","delaytimeDlg","yingdao_shou_dianji","xingxing_animate1","luosi_manzhuang_animate"],3,1,6,6,6,6,6,6,6,6,6,6,6,6,6],["cc.Scene",["_name","_active","_children","_anchorPoint","_trs"],1,2,5,7],["cc.Camera",["_clearFlags","_depth","node"],1,1]],[[5,0,1,2,2],[6,0,1,2,3,2],[0,0,6,4,8,5,2],[6,1,2,3,1],[3,1,0,2,3],[2,0,4,5,2,3,1,6,7,7],[0,0,6,4,8,10,5,9,2],[0,0,6,4,5,9,2],[0,0,6,7,8,2],[0,0,6,4,5,2],[9,0,2],[0,0,6,4,8,5,9,2],[0,0,6,7,4,5,9,2],[5,1,2,1],[0,0,6,4,8,2],[2,0,2,3,1,6,7,5],[8,0,1,2,2],[0,0,6,7,8,9,2],[0,0,7,4,5,9,2],[0,0,6,7,2],[0,0,6,4,10,5,9,2],[12,0,1],[3,2,1],[2,0,4,5,3,1,6,7,6],[0,0,7,4,8,5,2],[0,0,2,6,4,8,10,5,3],[0,0,7,4,8,5,9,2],[0,0,6,4,8,10,5,2],[0,0,7,8,2],[0,0,1,6,7,4,5,9,3],[0,0,6,2],[7,0,1,2,3,4,5,6],[3,0,2,2],[8,1,2,1],[4,0,1,2,3,4,5,6,7,8,9,10,11,12,13,14,15,16,17,18,21,22,23,24,25,26,27,28,20],[0,0,7,8,5,2],[0,0,3,7,4,5,9,3],[0,0,1,2,7,4,10,5,4],[0,0,6,4,5,11,9,2],[0,0,1,6,4,5,9,3],[0,0,1,6,4,5,3],[10,0,1,2,2],[11,0,1],[7,0,5,2],[2,0,2,1,6,7,4],[13,0,1],[14,0,1,2,1],[4,0,1,2,3,4,19,5,6,7,8,9,10,11,12,13,14,15,16,17,18,21,22,23,24,25,26,27,28,21],[4,20,0,1,2,3,4,19,5,6,7,8,9,10,11,12,13,14,15,16,17,18,21,22,23,24,25,26,27,28,22],[15,0,1,3],[16,0,1,2,2],[17,0,1,2,3,4,5,6,7,8,9,10,11,12,13,1],[18,0,1,2,3,4,3],[19,0,1,2,3]],[[[{"name":"zx_tk_dlg_bk","rect":[0,0,696,973],"offset":[0,0],"originalSize":[696,973],"capInsets":[0,0,0,0]}],[1],0,[0],[2],[6]],[[[10,"chuangong_fail_dlg"],[24,"chuangong_fail_dlg",[-3,-4],[[42,-2]],[13,-1,0],[5,720,1280]],[8,"panel",1,[-5,-6,-7,-8,-9,-10],[0,"1fQEW8quJFBKaUG1w4D7/2",1,0]],[25,"bk",200,1,[[1,0,-11,[0],1],[31,45,-280,-280,-360,-360,-12],[21,-13],[22,-14]],[0,"d0a+RuepRJDaxv2XFlyJFH",1,0],[4,4278190080],[5,1280,2000]],[26,"addchuizi",[-16,-17],[[4,1.1,3,-15]],[0,"c2xFRuQJdDcpzrp2yX1q/X",1,0],[5,224,51],[-185.963,397.459,0,0,0,0,1,1,1,0]],[26,"addzuanshi",[-19,-20],[[4,1.1,3,-18]],[0,"545PUeb8lFrKjPbk+lbPN0",1,0],[5,224,51],[91.263,397.459,0,0,0,0,1,1,1,0]],[11,"quedingbtn",2,[[1,0,-21,[4],5],[4,1.1,3,-22]],[0,"3c93UyHFhL8La3su2+AoI0",1,0],[5,260,100],[6.132,-314.365,0,0,0,0,1,1,1,0]],[17,"top",2,[4,5],[0,"a728TwPFBNFKp+q+gTQUY5",1,0],[0,72,0,0,0,0,1,1,1,1]],[11,"cgkk",2,[[3,-23,[2],3]],[0,"a2Ckc6XNRFD6vDN8QcJbO9",1,0],[5,557,526],[0,72,0,0,0,0,1,1,1,1]],[2,"1tiao",4,[[3,-24,[6],7]],[0,"184/FN6Y9B4aQeD2le5cOS",1,0],[5,208,57]],[27,"c",4,[[5,"100",30,30,1,1,1,-25,[8]]],[0,"d0EgChKhhNK63RsJ/tzOZ7",1,0],[4,4288887728],[5,50.05,37.8]],[2,"1tiao",5,[[3,-26,[9],10]],[0,"d2Y4xVEBRNGYydPlt053MB",1,0],[5,208,57]],[27,"c",5,[[5,"100",30,30,1,1,1,-27,[11]]],[0,"c9bHRuMXhPyY7Jdoa2/sUw",1,0],[4,4288887728],[5,50.05,37.8]],[6,"gamename",2,[[15,"三消消挑战失败",1,1,1,-28,[12]]],[0,"7fKn3BhS9FH6lJ+baI8Bia",1,0],[4,4282280358],[5,280,50.4],[7.978,173.062,0,0,0,0,1,1,1,1]],[6,"failtip",2,[[15,"今日已闯关挑战7次",1,1,1,-29,[13]]],[0,"7f3VRQP6VCR7QLd6DQ2UOD",1,0],[4,4278190335],[5,342.25,50.4],[-5.745,71.292,0,0,0,0,1,1,1,1]],[6,"failtip2",2,[[15,"成功0次，失败0次",1,1,1,-30,[14]]],[0,"f8NvsVqBZBqJiPkyABIOJ/",1,0],[4,4278190335],[5,324.49,50.4],[-5.745,-13.707999999999998,0,0,0,0,1,1,1,1]]],0,[0,4,1,0,0,1,0,-1,3,0,-2,2,0,-1,8,0,-2,6,0,-3,7,0,-4,13,0,-5,14,0,-6,15,0,0,3,0,0,3,0,0,3,0,0,3,0,0,4,0,-1,9,0,-2,10,0,0,5,0,-1,11,0,-2,12,0,0,6,0,0,6,0,0,8,0,0,9,0,0,10,0,0,11,0,0,12,0,0,13,0,0,14,0,0,15,0,5,1,4,3,7,5,3,7,30],[0,0,0,0,0,0,0,0,0,0,0,0,0,0,0],[-1,1,-1,1,-1,1,-1,1,-1,-1,1,-1,-1,-1,-1],[0,1,0,7,0,4,0,5,0,0,5,0,0,0,0]],[[{"name":"com_btn","rect":[0,0,156,70],"offset":[0,0],"originalSize":[156,70],"capInsets":[0,0,0,0]}],[1],0,[0],[2],[8]],[[{"name":"tiaozhengbtn_invalid","rect":[0,0,204,210],"offset":[0,0],"originalSize":[204,210],"capInsets":[0,0,0,0]}],[1],0,[0],[2],[9]],[[[10,"com_px_luosi"],[28,"paixu_luosi",[-2,-3],[13,-1,0]],[8,"quan",1,[-4,-5,-6,-7,-8,-9,-10,-11,-12,-13],[0,"1fHfCbEq9GRKYdr1ANCOSh",1,0]],[8,"que",1,[-14,-15,-16,-17,-18,-19,-20,-21,-22,-23],[0,"94vmFnN7JNqa4GrHwbcq7v",1,0]],[2,"1",2,[[1,0,-24,[0],1]],[0,"d77J4qqghAeIb9OsK1bFnZ",1,0],[5,82,70]],[2,"2",2,[[1,0,-25,[2],3]],[0,"3fVp8jn9FN4YC+Rvhq5ZOU",1,0],[5,82,70]],[2,"3",2,[[1,0,-26,[4],5]],[0,"43rTPZe59EApQT2lyPahdz",1,0],[5,82,70]],[2,"4",2,[[1,0,-27,[6],7]],[0,"3aDRKA3PVD5bEGNtCBCyCx",1,0],[5,82,70]],[2,"5",2,[[1,0,-28,[8],9]],[0,"b25u6dFB5Ec5bRAWddj9Pc",1,0],[5,82,70]],[2,"6",2,[[1,0,-29,[10],11]],[0,"49XiNCxatIXIcGSEeB3NqX",1,0],[5,82,70]],[2,"7",2,[[1,0,-30,[12],13]],[0,"9eyzE0G7pG1qvR6CLthdfZ",1,0],[5,82,70]],[2,"8",2,[[1,0,-31,[14],15]],[0,"cfZckAzhZFS56xtQ60aRMa",1,0],[5,82,70]],[2,"9",2,[[1,0,-32,[16],17]],[0,"5efTGwyNVG5YsMVbBjDMwK",1,0],[5,82,70]],[2,"10",2,[[1,0,-33,[18],19]],[0,"73cs3PAWlKF6KRsPtgk4l3",1,0],[5,82,70]],[2,"1",3,[[1,0,-34,[20],21]],[0,"fbjAnraK5J9YAoVoZBpccd",1,0],[5,78,66]],[2,"2",3,[[1,0,-35,[22],23]],[0,"83OndfdjlKFKkDQkBXX1RW",1,0],[5,78,66]],[2,"3",3,[[1,0,-36,[24],25]],[0,"77ysk9wI5NsImbJCIalZBO",1,0],[5,78,66]],[2,"4",3,[[1,0,-37,[26],27]],[0,"5aMhBinE5Ppb44gOsql7E2",1,0],[5,78,66]],[2,"5",3,[[1,0,-38,[28],29]],[0,"4cQlBPGWNNj6UaE67mnTeo",1,0],[5,78,66]],[2,"6",3,[[1,0,-39,[30],31]],[0,"daQ/ftsPxCsZc43vcIFsjT",1,0],[5,78,66]],[2,"7",3,[[1,0,-40,[32],33]],[0,"56ftyBil9JQJtVm9JsuTKD",1,0],[5,78,66]],[2,"8",3,[[1,0,-41,[34],35]],[0,"4eJbdsv/FARqWKvBUj5pMa",1,0],[5,78,66]],[2,"9",3,[[1,0,-42,[36],37]],[0,"c31taczYxIyJTNHkgVscIt",1,0],[5,78,66]],[2,"10",3,[[1,0,-43,[38],39]],[0,"dbsNxjn/BDq5VmNTh7dwvg",1,0],[5,78,66]]],0,[0,4,1,0,-1,2,0,-2,3,0,-1,4,0,-2,5,0,-3,6,0,-4,7,0,-5,8,0,-6,9,0,-7,10,0,-8,11,0,-9,12,0,-10,13,0,-1,14,0,-2,15,0,-3,16,0,-4,17,0,-5,18,0,-6,19,0,-7,20,0,-8,21,0,-9,22,0,-10,23,0,0,4,0,0,5,0,0,6,0,0,7,0,0,8,0,0,9,0,0,10,0,0,11,0,0,12,0,0,13,0,0,14,0,0,15,0,0,16,0,0,17,0,0,18,0,0,19,0,0,20,0,0,21,0,0,22,0,0,23,0,5,1,43],[0,0,0,0,0,0,0,0,0,0,0,0,0,0,0,0,0,0,0,0,0,0,0,0,0,0,0,0,0,0,0,0,0,0,0,0,0,0,0,0],[-1,1,-1,1,-1,1,-1,1,-1,1,-1,1,-1,1,-1,1,-1,1,-1,1,-1,1,-1,1,-1,1,-1,1,-1,1,-1,1,-1,1,-1,1,-1,1,-1,1],[0,10,0,11,0,12,0,13,0,14,0,15,0,16,0,17,0,18,0,19,0,20,0,21,0,22,0,23,0,24,0,25,0,26,0,27,0,28,0,29]],[[{"name":"huiche_invalid","rect":[0,0,205,211],"offset":[0,0],"originalSize":[205,211],"capInsets":[0,0,0,0]}],[1],0,[0],[2],[30]],[[{"name":"clock","rect":[0,0,57,54],"offset":[0,0],"originalSize":[57,54],"capInsets":[0,0,0,0]}],[1],0,[0],[2],[31]],[[{"name":"sbkk","rect":[0,0,557,526],"offset":[0,0],"originalSize":[557,526],"capInsets":[0,0,0,0]}],[1],0,[0],[2],[32]],[[[10,"tiaozhanchang_jiangli_tip_dlg"],[24,"tiaozhanchang_jiangli_tip_dlg",[-6,-7],[[45,-2],[46,-5,-4,-3]],[13,-1,0],[5,720,1280]],[8,"panel",1,[-8,-9,-10,-11,-12,-13,-14],[0,"1fQEW8quJFBKaUG1w4D7/2",1,0]],[25,"bk",200,1,[[1,0,-15,[0],1],[31,45,-280,-280,-360,-360,-16],[21,-17],[22,-18]],[0,"d0a+RuepRJDaxv2XFlyJFH",1,0],[4,4278190080],[5,1280,2000]],[11,"gb",2,[[1,0,-19,[5],6],[32,3,-20]],[0,"3ahb1DxDpIIJalXWnSI3jP",1,0],[5,70,70],[-278.638,389.911,0,0,0,0,1,1,1,0]],[11,"quedingbtn",2,[[3,-21,[14],15],[4,1.1,3,-22]],[0,"a7mzSkNXRAgZTS8BVQymsr",1,0],[5,385,154],[13.744,-302.495,0,0,0,0,1,1,1,0]],[11,"title",2,[[5,"奖励",50,50,1,1,1,-23,[4]],[33,-24,[4,4278190080]]],[0,"53v2ajcRNLoqnjFcdSBJg3",1,0],[5,102,65],[-9.306000000000001,356.523,0,0,0,0,1,1,1,1]],[8,"wuping",2,[-25,-26],[0,"8epWTJt9tP+Ih1DbCMkvtO",1,0]],[17,"1",7,[-27,-28],[0,"8d5wkeoo1LqIqEeQkCUH5T",1,0],[-125,170,0,0,0,0,1,1,1,1]],[6,"c",8,[[5,"+100",60,60,1,1,1,-29,[9]],[16,4,-30,[4,4280051897]]],[0,"32Z57NYF9Ala+PwAi+el+G",1,0],[4,4278635254],[5,143.15,83.6],[0,-101.753,0,0,0,0,1,1,1,1]],[17,"2",7,[-31,-32],[0,"8arp8kCuhEz74KAkfHmN9T",1,0],[125,170,0,0,0,0,1,1,1,1]],[6,"c",10,[[5,"+50",60,60,1,1,1,-33,[12]],[16,4,-34,[4,4280051897]]],[0,"9ccfakZQdMxKFepec60Fjh",1,0],[4,4278635254],[5,109.78,83.6],[0,-101.753,0,0,0,0,1,1,1,1]],[2,"zx_tk_dlg_bk",2,[[1,0,-35,[2],3]],[0,"14tcMRUgVPkJy1JKMaopcU",1,0],[5,600,834]],[2,"icon",8,[[1,0,-36,[7],8]],[0,"6flktTMfROEI+Lj5zlPrl6",1,0],[5,100,116]],[2,"icon",10,[[1,0,-37,[10],11]],[0,"03TblEW51J9bABo8syI8vm",1,0],[5,110,100]],[6,"tip",2,[[5,"通关挑战可获得奖励",50,60,1,1,1,-38,[13]]],[0,"5buvRVDFdHrL6NA2sGjLNO",1,0],[4,4278190335],[5,450,75.6],[0,-54.226,0,0,0,0,1,1,1,1]],[6,"tip2",2,[[15,"今日通关次数+1",1,1,1,-39,[16]]],[0,"0akgha39xF/acAemVEF19K",1,0],[4,4282280358],[5,285.61,50.4],[10.258,-159.738,0,0,0,0,1,1,1,1]]],0,[0,4,1,0,0,1,0,6,4,0,7,5,0,0,1,0,-1,3,0,-2,2,0,-1,12,0,-2,6,0,-3,4,0,-4,7,0,-5,15,0,-6,5,0,-7,16,0,0,3,0,0,3,0,0,3,0,0,3,0,0,4,0,0,4,0,0,5,0,0,5,0,0,6,0,0,6,0,-1,8,0,-2,10,0,-1,13,0,-2,9,0,0,9,0,0,9,0,-1,14,0,-2,11,0,0,11,0,0,11,0,0,12,0,0,13,0,0,14,0,0,15,0,0,16,0,5,1,39],[0,0,0,0,0,0,0,0,0,0,0,0,0,0,0,0,0],[-1,1,-1,1,-1,-1,1,-1,1,-1,-1,1,-1,-1,-1,1,-1],[0,1,0,33,0,0,34,0,35,0,0,36,0,0,0,4,0]],[[{"name":"gaonengyujing","rect":[0,0,750,211],"offset":[0,0],"originalSize":[750,211],"capInsets":[0,0,0,0]}],[1],0,[0],[2],[37]],[[{"name":"shuaxinbtn_invalid","rect":[0,0,205,210],"offset":[0,0],"originalSize":[205,210],"capInsets":[0,0,0,0]}],[1],0,[0],[2],[38]],[[{"name":"shuaxinbtn","rect":[0,0,205,210],"offset":[0,0],"originalSize":[205,210],"capInsets":[0,0,0,0]}],[1],0,[0],[2],[39]],[[{"name":"tiaozhengbtn","rect":[0,0,204,210],"offset":[0,0],"originalSize":[204,210],"capInsets":[0,0,0,0]}],[1],0,[0],[2],[40]],[[[10,"paixu_luosi_zhuang"],[35,"paixu_luosi_zhuang",[-2,-3],[13,-1,0],[5,92,220]],[2,"luosi_zhuang",1,[[3,-4,[0],1]],[0,"1bjTRxe6ZLwLNKYO6VUxyP",1,0],[5,91,200]],[2,"btn",1,[[22,-5]],[0,"f6GkMuAepEKo7sz5In7R5W",1,0],[5,100,200]]],0,[0,4,1,0,-1,2,0,-2,3,0,0,2,0,0,3,0,5,1,5],[0,0],[-1,1],[0,41]],[[{"name":"huiche","rect":[0,0,205,211],"offset":[0,0],"originalSize":[205,211],"capInsets":[0,0,0,0]}],[1],0,[0],[2],[42]],[[[10,"luosi_manzhuang_animate"],[28,"luosi_manzhuang_animate",[-2],[13,-1,0]],[8,"particle",1,[-3,-4,-5,-6],[0,"9enSAgDflJ/qn89G6/GzKL",1,0]],[14,"red",2,[[47,true,30,0.25,100,0.5,40,120,40,20,20,10,100,100,200,1,20,500,0,300,100,-7,[0],[4,4285098495],[4,0],[4,1685748479],[4,0],[0,0,300],1]],[0,"f0iZ0+J7tIQpJ5xVl2J5r4",1,0]],[14,"bule",2,[[34,true,30,0.25,100,0.5,120,40,20,20,10,100,100,200,1,20,500,0,300,100,-8,[2],[4,4294957670],[4,0],[4,1694493045],[4,0],[0,0,300],3]],[0,"67vMmwuV9LRbFpmtWVrwG2",1,0]],[14,"yellow",2,[[34,true,30,0.25,100,0.5,120,60,30,30,15,180,180,360,1,20,500,0,300,100,-9,[4],[4,4284804351],[4,0],[4,1683813119],[4,0],[0,0,300],5]],[0,"2dpDNn/PtMsKrXGtWGmqz1",1,0]],[14,"star",2,[[48,1,true,30,0.25,100,0.3,360,360,90,30,50,25,100,100,20,1,20,500,0,300,100,-10,[6],[4,2516639999],[4,0],[4,2516637439],[4,4278190080],[0,0,300],7]],[0,"1dVYJIOX5CI4j3waatqwwy",1,0]]],0,[0,4,1,0,-1,2,0,-1,3,0,-2,4,0,-3,5,0,-4,6,0,0,3,0,0,4,0,0,5,0,0,6,0,5,1,10],[0,0,0,0,0,0,0,0],[-1,1,-1,1,-1,1,-1,1],[0,43,0,44,0,45,0,46]],[[[49,"luosipaixu",null],[36,"Canvas","a5esZu+45LA5mBpvttspPD",[-4,-5,-6,-7,-8,-9],[[50,true,-1,[5,720,1280]],[43,45,-2],[51,-3,51,52,53,54,55,56,57,58,59,60,61,62,63]],[5,720,1280],[360,640,0,0,0,0,1,1,1,1]],[18,"1",[-12,-13,-14],[[1,0,-10,[23],24],[4,1.1,3,-11]],[5,140,140],[-210,-545,0,0,0,0,1,1,1,0]],[18,"2",[-17,-18,-19],[[1,0,-15,[32],33],[4,1.1,3,-16]],[5,140,140],[0,-545,0,0,0,0,1,1,1,0]],[18,"3",[-22,-23,-24],[[1,0,-20,[41],42],[4,1.1,3,-21]],[5,140,140],[210,-545,0,0,0,0,1,1,1,0]],[19,"top",1,[-25,-26,-27,-28]],[37,"tiaozhenbk",false,220,[-31,-32],[[1,0,-29,[47],48],[21,-30]],[4,4278190080],[5,1000,2000]],[12,"daojishi",5,[-34,-35],[[3,-33,[5],6]],[5,252,78],[0,530.244,0,0,0,0,1,1,1,1]],[12,"pauesebtn",5,[-38],[[1,0,-36,[8],9],[32,3,-37]],[5,80,80],[-297.723,546.018,0,0,0,0,1,1,1,0]],[29,"zhuangxiubtn",false,5,[-41],[[1,0,-39,[14],15],[4,1.1,3,-40]],[5,80,82],[-194.941,542.09,0,0,0,0,1,1,1,0]],[19,"menu",1,[2,3,4]],[41,"center",1,[[6,[30,"zhuang",-42],[30,"anim",-43]],1,4,4]],[29,"quxiaobtn",false,6,[-46],[[3,-44,[44],45],[4,1.1,3,-45]],[5,156,70],[-10,543.577,0,0,0,0,1,1,1,0]],[38,"left_c",7,[[44,"09:45",1,1,-47,[4]],[16,2,-48,[4,4278190080]]],[5,106.3,54.4],[0,0,0.5],[-32.465,2,0,0,0,0,1,1,1,1]],[7,"t",8,[[5,"设置",22,22,1,1,1,-49,[7]],[16,2,-50,[4,4288414869]]],[5,48,31.72],[-0.73,-25.725,0,0,0,0,1,1,1,1]],[39,"btn_paihangbang",false,5,[[1,0,-51,[10],11],[4,1.1,3,-52]],[5,70,73],[-197.771,545.64,0,0,0,0,1,1,1,0]],[12,"count",2,[-54],[[3,-53,[19],20]],[5,42,42],[49.823,39.641,0,0,0,0,1,1,1,1]],[12,"count",3,[-56],[[3,-55,[28],29]],[5,42,42],[49.823,39.641,0,0,0,0,1,1,1,1]],[12,"count",4,[-58],[[3,-57,[37],38]],[5,42,42],[49.823,39.641,0,0,0,0,1,1,1,1]],[9,"t",12,[[5,"取消",24,24,1,1,1,-59,[43]],[33,-60,[4,4278190080]]],[5,50,32.239999999999995]],[52,"New Node",false,[1],[0,0,0],[0,0,0,0,0,0,1,1,1,1]],[9,"Main Camera",1,[[53,7,-1,-61]],[5,720,1280]],[9,"bj",1,[[1,0,-62,[0],1]],[5,1000,1600]],[7,"clock",7,[[3,-63,[2],3]],[5,57,54],[-75.365,2.159,0,0,0,0,1,1,1,1]],[7,"hongdian",9,[[1,0,-64,[12],13]],[5,30,30],[24.037,27.93,0,0,0,0,1,1,1,1]],[9,"invalid",2,[[1,0,-65,[16],17]],[5,140,140]],[20,"c",16,[[23,"2",30,32,1,1,-66,[18]]],[4,4282992973],[5,16.68,40.32],[0,0,0,0,0,0,1,1,1,0]],[7,"add",2,[[1,0,-67,[21],22]],[5,40,40],[50.12,39.574,0,0,0,0,1,1,1,1]],[9,"invalid",3,[[1,0,-68,[25],26]],[5,140,140]],[20,"c",17,[[23,"2",30,32,1,1,-69,[27]]],[4,4282992973],[5,16.68,40.32],[0,0,0,0,0,0,1,1,1,0]],[7,"add",3,[[1,0,-70,[30],31]],[5,40,40],[50.12,39.574,0,0,0,0,1,1,1,1]],[9,"invalid",4,[[1,0,-71,[34],35]],[5,140,140]],[20,"c",18,[[23,"2",30,32,1,1,-72,[36]]],[4,4282992973],[5,16.68,40.32],[0,0,0,0,0,0,1,1,1,0]],[7,"add",4,[[1,0,-73,[39],40]],[5,40,40],[50.12,39.574,0,0,0,0,1,1,1,1]],[7,"t",6,[[5,"选择一根螺栓,将最上方螺丝移至任意空位",26,26,1,1,1,-74,[46]]],[5,475.22,32.76],[0,-514.256,0,0,0,0,1,1,1,1]],[19,"gaoneng",1,[-75]],[40,"gaonengyujing",false,35,[[3,-76,[49],50]],[5,750,211]]],0,[0,0,1,0,0,1,0,0,1,0,-1,21,0,-2,22,0,-3,5,0,-4,10,0,-5,11,0,-6,35,0,0,2,0,0,2,0,-1,25,0,-2,16,0,-3,27,0,0,3,0,0,3,0,-1,28,0,-2,17,0,-3,30,0,0,4,0,0,4,0,-1,31,0,-2,18,0,-3,33,0,-1,7,0,-2,8,0,-3,15,0,-4,9,0,0,6,0,0,6,0,-1,12,0,-2,34,0,0,7,0,-1,23,0,-2,13,0,0,8,0,0,8,0,-1,14,0,0,9,0,0,9,0,-1,24,0,3,11,0,3,11,0,0,12,0,0,12,0,-1,19,0,0,13,0,0,13,0,0,14,0,0,14,0,0,15,0,0,15,0,0,16,0,-1,26,0,0,17,0,-1,29,0,0,18,0,-1,32,0,0,19,0,0,19,0,0,21,0,0,22,0,0,23,0,0,24,0,0,25,0,0,26,0,0,27,0,0,28,0,0,29,0,0,30,0,0,31,0,0,32,0,0,33,0,0,34,0,-1,36,0,0,36,0,8,20,1,3,20,2,3,10,3,3,10,4,3,10,6,3,11,76],[0,0,0,0,0,0,0,0,0,0,0,0,0,0,0,0,0,0,0,0,0,0,0,0,0,0,0,0,0,0,0,0,0,0,0,0,0,0,0,0,0,0,0,0,0,0,0,0,0,0,0,0,0,0,0,0,0,0,0,0,0,0,0,0],[-1,1,-1,1,-1,-1,1,-1,-1,1,-1,1,-1,1,-1,1,-1,1,-1,-1,1,-1,1,-1,1,-1,1,-1,-1,1,-1,1,-1,1,-1,1,-1,-1,1,-1,1,-1,1,-1,-1,1,-1,-1,1,-1,1,9,10,11,12,13,14,15,16,17,18,19,20,21],[0,47,0,48,0,0,49,0,0,50,0,51,0,52,0,53,0,54,0,0,2,0,3,0,55,0,56,0,0,2,0,3,0,57,0,58,0,0,2,0,3,0,59,0,0,60,0,0,1,0,61,62,63,64,65,66,67,68,69,70,71,72,73,74]]]]