[1,["ecpdLyjvZBwrvm+cedCcQy","f2ZzJ+8cJDyaMb6E3nuYYD","98UKNyapNBkbLvXLLMRy1N","a1jcvlHoJNobt/jGyjtSn9","0cCcyWOAtAV4QLGBXMjUx8","9fcHyshzRAuo6cUnA3Gktf","c9Tvxo7UlIzanbuJeGkk+T","8cC+INT3xPYr5paokpI1Ww","3aAswSZNFH0Ij3ECdULZl/","29zexdw7xPRqp03wI3CwdD","61ozx114NO4Y8eAWwQCvnQ","73STurnftC9JFHKq76x4g4","a55WxbeC9O/4gmxFQ19sMh","05PaxCeeFDw4PnBbtvNZAJ","6cIk0XpwNNLpUAEAZgbAtV","3d/gwm4hFBHZdWTBXpyisl","78VfF7w5hC/YDXAJ+SvK/u","d1s5t5yb1Er43ScErMuiBq","48utAALV1MxLCZXvp7Ow4l","a58kP+t4FHkI6UgDLnjQuu","f3oUxt7qVEzarLdfFXDZIJ","333OvwHYZAGaU5PNJcFkVG","d8N35cYEtANID6hvCCU7hO","e4Ik/i77BM/IewskCmukoo","6dpexskPZIYLqj3DuYL3Y+","1cRq+by4JOl7AWjic5DkDx","7fv7+jLMpAubejzCuHWze8","a2MjXRFdtLlYQ5ouAFv/+R","c6kFzxNhVDAqro4H7AhbZd","69TL30WRZEUZTWPGr2xNZy","c3jLJC/YdHWYJ454uVkVYI","32a0xV06dJKb7VWZbALQcs","8e1nqq/AJMSJ1FgQ0+IEoz","51SCunx9BK9pzkho1ICPJ+","6eWsxc08RHx5ZOFE73M4QO","817LGnA8dB/ZsilgK3id7g","12/yGoXq5CFLkCX/npa9tl","d2rCyoJhdPcol9hjJtQnSv","84tnEeY9FHzZ8Qou15nu5f","1epf0a4BhAn4PcUns2RNLV","eehYmpmJBMw4q5eYsfY4n5","e3PxLK8UZHfK9ybe3iddjQ","7bt/IEBxlIQpzC08l7ktnp","bafEenQ2VGqq4DU7lgW2YR","2eEPNwCddHJ6aqpHQmfBcT","c2jUdFcHlDiqmHDtaX9YCc","b4TBC29gJLpbMt6Il3KxMY","f4ZTf0plZDOrjAcH+o/rT0","33n84rKSJGq6QkcIe07Fag","9aabaxMwlK8ZBeZ2gqUxgM","81xK3wH/JBWbprwJyg/wdM","1d0w8aJGxPS5s9QydjjEG+"],["node","_spriteFrame","_textureSetter","_parent","targetNode","tileContainer","scene","_N$normalSprite","_N$pressedSprite","_N$hoverSprite","_N$disabledSprite","tilePrefab","gamesuccess_new","game_fuhuo","game_fail_new","game_end_animate"],[["cc.Node",["_name","_active","_id","_objFlags","_components","_parent","_contentSize","_trs","_children","_color","_anchorPoint"],-1,9,1,5,7,2,5,5],"cc.SpriteFrame",["cc.Sprite",["_sizeMode","_enabled","_isTrimmedMode","_type","node","_materials","_spriteFrame"],-1,1,3,6],["cc.Widget",["_alignFlags","_bottom","_enabled","_top","_originalHeight","_left","_right","node"],-4,1],["cc.Button",["_N$transition","zoomScale","node","_N$normalSprite","_N$pressedSprite","_N$hoverSprite","_N$disabledSprite"],1,1,6,6,6,6],["7633c/ow0xHYZwa4BLlsdtU",["algintop","heipingalgintop","node"],1,1],["cc.Node",["_name","_parent","_children","_components","_contentSize","_trs"],2,1,12,9,5,7],["cc.Label",["_string","_fontSize","_lineHeight","_N$horizontalAlign","_N$verticalAlign","_styleFlags","node","_materials"],-3,1,3],["cc.LabelOutline",["_width","node","_color"],2,1,5],["cc.SceneAsset",["_name","asyncLoadAssets"],1],["cc.Canvas",["_fitWidth","node","_designResolution"],2,1,5],["76477N68FZC2qmCyq4aiZYf",["node","tileContainer","targetNode","tilePrefab","gamesuccess_new","game_fuhuo","game_fail_new","game_end_animate"],3,1,1,1,6,6,6,6,6],["ff98bVcthdOwosyW7LL1LKn",["alginright","node"],2,1],["d54b7xydL5EN4iJaNkioL8x",["alginleft","node"],2,1],["cc.Scene",["_name","_active","_children","_anchorPoint","_trs"],1,2,5,7],["cc.Camera",["_clearFlags","_depth","node"],1,1]],[[2,4,5,6,1],[2,0,4,5,6,2],[0,0,5,4,6,7,2],[0,0,5,8,4,6,7,2],[4,0,2,2],[0,0,1,5,4,6,3],[0,0,1,5,4,6,7,3],[0,0,5,4,9,6,7,2],[4,1,0,2,3],[7,0,1,2,3,4,6,7,6],[0,0,5,8,4,7,2],[0,0,5,4,6,2],[2,1,4,5,6,2],[5,0,1,2,3],[7,0,1,2,5,3,4,6,7,7],[0,0,5,2],[0,0,5,4,6,10,7,2],[0,0,1,5,4,9,6,7,3],[5,1,2,2],[9,0,1,3],[0,0,2,8,4,6,7,3],[0,0,8,4,6,7,2],[0,0,5,7,2],[0,0,8,4,7,2],[0,0,1,8,4,6,7,3],[0,0,8,4,2],[0,0,5,4,9,6,2],[0,0,1,5,4,6,10,7,3],[0,0,5,4,2],[0,0,5,8,2],[0,0,3,1,5,4,6,7,4],[6,0,1,2,3,4,5,2],[6,0,1,2,3,2],[10,0,1,2,2],[3,0,7,2],[3,2,0,3,1,4,7,6],[3,2,0,1,7,4],[3,0,5,6,3,1,7,6],[3,7,1],[11,0,1,2,3,4,5,6,7,1],[2,1,0,4,5,3],[2,0,2,4,5,6,3],[2,3,0,4,5,6,3],[2,4,5,1],[4,0,2,3,4,5,6,2],[5,0,2,2],[12,0,1,2],[13,0,1,2],[8,0,1,2,2],[8,1,2,1],[14,0,1,2,3,4,3],[15,0,1,2,3]],[[[{"name":"yc_2","rect":[0,0,130,100],"offset":[0,0],"originalSize":[130,100],"capInsets":[0,0,0,0]}],[1],0,[0],[2],[12]],[[{"name":"warning","rect":[0,13,563,217],"offset":[-6.5,0],"originalSize":[576,243],"capInsets":[0,0,0,0]}],[1],0,[0],[2],[13]],[[{"name":"ch","rect":[0,0,130,100],"offset":[0,0],"originalSize":[130,100],"capInsets":[0,0,0,0]}],[1],0,[0],[2],[14]],[[{"name":"sj","rect":[0,0,130,100],"offset":[0,0],"originalSize":[130,100],"capInsets":[0,0,0,0]}],[1],0,[0],[2],[15]],[[{"name":"fx1","rect":[0,0,74,74],"offset":[0,0],"originalSize":[74,74],"capInsets":[0,0,0,0]}],[1],0,[0],[2],[16]],[[{"name":"ts","rect":[0,0,130,100],"offset":[0,0],"originalSize":[130,100],"capInsets":[0,0,0,0]}],[1],0,[0],[2],[17]],[[{"name":"icon_undo","rect":[0,0,56,51],"offset":[0,0],"originalSize":[56,51],"capInsets":[0,0,0,0]}],[1],0,[0],[2],[18]],[[{"name":"help","rect":[0,0,58,77],"offset":[0,0],"originalSize":[58,77],"capInsets":[0,0,0,0]}],[1],0,[0],[2],[19]],[[{"name":"xy","rect":[0,0,100,68],"offset":[0,0],"originalSize":[100,68],"capInsets":[0,0,0,0]}],[1],0,[0],[2],[20]],[[{"name":"star_y","rect":[0,0,52,50],"offset":[0,0],"originalSize":[52,50],"capInsets":[0,0,0,0]}],[1],0,[0],[2],[21]],[[{"name":"yc","rect":[0,0,130,100],"offset":[0,0],"originalSize":[130,100],"capInsets":[0,0,0,0]}],[1],0,[0],[2],[22]],[[{"name":"star_w","rect":[0,0,79,77],"offset":[0,0],"originalSize":[79,77],"capInsets":[0,0,0,0]}],[1],0,[0],[2],[23]],[[{"name":"back_icon","rect":[0,0,60,53],"offset":[0,0],"originalSize":[60,53],"capInsets":[0,0,0,0]}],[1],0,[0],[2],[24]],[[{"name":"bkg_top","rect":[0,0,893,110],"offset":[0,0.5],"originalSize":[893,111],"capInsets":[0,0,0,0]}],[1],0,[0],[2],[25]],[[{"name":"gamebj","rect":[0,0,1440,1920],"offset":[0,0],"originalSize":[1440,1920],"capInsets":[0,0,0,0]}],[1],0,[0],[2],[26]],[[[19,"sanxiaoxiaoGame",null],[20,"Canvas","41RZWUq3tG/JxLthx+TtPA",[-6,-7,-8,-9,-10,-11,-12,-13,-14,-15],[[33,true,-1,[5,720,1280]],[34,45,-2],[39,-5,-4,-3,100,101,102,103,104]],[5,720,1280],[360,640,0,0,0,0,1,1,1,1]],[21,"game2",[-18,-19,-20,-21,-22,-23],[[40,false,0,-16,[53]],[8,1.1,3,-17]],[5,92,115],[105.508,568.526,0,0,0,0,1,1,1,0]],[31,"node_item",1,[[-26,-27,-28,-29,-30,[22,"toppos",-31,[-327.058,1095,0,0,0,0,1,1,1,1]]],1,1,1,1,1,4],[[35,false,4,1018.996,40.867999999999995,200,-24],[13,1165,1185,-25]],[5,383,200],[0,-525,0,0,0,0,1,1,1,1]],[23,"right",[-33,-34,-35,-36,-37,-38],[[46,360,-32]],[0,-40,0,0,0,0,1,1,1,1]],[3,"btn_yichu",3,[-41,-42,-43,-44,-45],[[1,0,-39,[74],75],[44,2,-40,76,77,78,79]],[5,117,90],[-80,-63,0,0,0,0,1,1,1,0]],[10,"node_top",1,[-47,-48,-49,-50,4],[[13,0,20,-46]],[0,667,0,0,0,0,1,1,1,1]],[24,"game1",false,[-52,-53,-54,-55],[[8,1.1,3,-51]],[5,92,115],[-91.018,557.298,0,0,0,0,1,1,1,0]],[10,"downPos",1,[-58,-59],[[36,false,4,251.801,-56],[13,1110,1130,-57]],[14.512,-470,0,0,0,0,1,1,1,1]],[3,"btn_undo",3,[-62,-63,-64],[[1,0,-60,[63],64],[4,3,-61]],[5,117,90],[-240,-63,0,0,0,0,1,1,1,0]],[3,"btn_hint",3,[-67,-68,-69],[[1,0,-65,[85],86],[4,3,-66]],[5,117,90],[80,-63,0,0,0,0,1,1,1,0]],[3,"btn_shuffle",3,[-72,-73,-74],[[1,0,-70,[92],93],[4,3,-71]],[5,117,90],[240,-63,0,0,0,0,1,1,1,0]],[10,"left",6,[-76,-77],[[47,360,-75]],[0,-12,0,0,0,0,1,1,1,1]],[3,"btn_set",12,[-80],[[0,-78,[14],15],[4,3,-79]],[5,85,85],[-310.034,-72.712,0,0,0,0,1,1,1,0]],[3,"btn_help",12,[-83],[[0,-81,[18],19],[4,3,-82]],[5,85,85],[-219.357,-72.712,0,0,0,0,1,1,1,0]],[25,"othergame",[7,2],[[18,660,-84]]],[10,"yichumenu",1,[-86,-87],[[45,680,-85]],[0,-40,0,0,0,0,1,1,1,1]],[32,"titleparent",1,[[[15,"srccontain",-89],-90],4,1],[[18,660,-88]]],[26,"New Sprite(Splash)",1,[[1,0,-91,[0],1],[37,45,-140,-140,-360,-360,-92]],[4,4278190080],[5,1000,2000]],[27,"bkg_top",false,6,[[1,0,-93,[6],7],[38,-94]],[5,1000,200],[0,0.5,0],[-4.281,-119.031,0,0,0,0,1,1,1,1]],[6,"btn_fx",false,6,[[0,-95,[8],9],[4,3,-96]],[5,74,74],[309.212,-76.322,0,0,0,0,1,1,1,0]],[6,"btn_xieyi",false,6,[[0,-97,[10],11],[4,3,-98]],[5,100,68],[309.212,-76.322,0,0,0,0,1,1,1,0]],[16,"txt_title",4,[[14,"第2关",32,32,1,1,1,-99,[20]],[48,2,-100,[4,4283593885]]],[5,85.8,44.32],[0,1,0.5],[322.099,-24.921999999999997,0,0,0,0,1,1,1,1]],[3,"star_w1",4,[-102],[[12,false,-101,[27],28]],[5,79,77],[219.949,-73.881,0,0,0,0,1,0.7,0.7,0.7]],[3,"star_w2",4,[-104],[[12,false,-103,[31],32]],[5,79,77],[277.949,-73.881,0,0,0,0,1,0.7,0.7,0.7]],[3,"star_w3",4,[-106],[[12,false,-105,[35],36]],[5,79,77],[332.269,-73.881,0,0,0,0,1,0.7,0.7,0.7]],[17,"title",false,2,[[9,"推荐游戏",20,20,1,1,-107,[51]],[49,-108,[4,4278190080]]],[4,4278245375],[5,82,27.2],[0,65.055,0,0,0,0,1,1,1,1]],[6,"btn_hide_yichu",false,5,[[1,2,-109,[69],70],[4,2,-110]],[5,144,112],[0,0,0,0,0,0,1,1,1,0]],[2,"tuijianyouxi",3,[[0,-111,[94],95],[8,1.1,3,-112]],[5,110,86],[-330.927,182.449,0,0,0,0,1,1,1,0]],[2,"right",16,[[0,-113,[96],97],[8,1.1,3,-114]],[5,47,53],[345.452,-386.661,0,0,0,0,1,1,1,0]],[2,"left",16,[[0,-115,[98],99],[8,1.1,3,-116]],[5,47,53],[-337.548,-391.661,0,0,0,0,1,-1,1,0]],[50,"New Node",false,[1],[0,0,0],[0,0,0,0,0,0,1,1,1,1]],[28,"Main Camera",1,[[51,7,-1,-117]]],[11,"bkg_center",1,[[41,2,false,-118,[2],3]],[5,1440,1920]],[5,"tiaozhan_center",false,1,[[0,-119,[4],5]],[5,1440,1920]],[11,"icon_menu",13,[[0,-120,[12],13]],[5,62,49]],[2,"icon_menu",14,[[0,-121,[16],17]],[5,58,77],[0,0,0,0,0,0,1,0.7,0.7,1]],[2,"progress1",4,[[1,0,-122,[21],22]],[5,150,23],[276.529,-74.211,0,0,0,0,1,1,1,1]],[16,"node_progress",4,[[42,1,0,-123,[23],24]],[5,150,23],[0,0,0.5],[202.168,-74.193,0,0,0,0,1,0.5,1,0.5]],[2,"node_star1",23,[[1,0,-124,[25],26]],[5,30,30],[1.089,1.09,0,0,0,0,1,1,1,1]],[2,"node_star2",24,[[1,0,-125,[29],30]],[5,30,30],[1.089,1.09,0,0,0,0,1,1,1,1]],[2,"node_star3",25,[[1,0,-126,[33],34]],[5,30,30],[1.089,1.09,0,0,0,0,1,1,1,1]],[29,"node_other_tuijian2",1,[15]],[11,"tuijian_bs",7,[[1,0,-127,[37],38]],[5,113,130]],[2,"icon",7,[[1,0,-128,[39],40]],[5,90,90],[0,11.707,0,0,0,0,1,1,1,1]],[7,"name",7,[[14,"怪兽防卫战",20,22,1,1,1,-129,[41]]],[4,4278190080],[5,100,27.72],[0.32399999999999984,-49.703,0,0,0,0,1,1,1,1]],[2,"n",7,[[0,-130,[42],43]],[5,61,32],[-47.125,63.815,0,0,0,0,1,1,1,1]],[11,"tuijian_bs",2,[[1,0,-131,[44],45]],[5,113,130]],[2,"icon",2,[[1,0,-132,[46],47]],[5,90,90],[0,11.707,0,0,0,0,1,1,1,1]],[7,"name",2,[[14,"怪兽防卫战",20,22,1,1,1,-133,[48]]],[4,4278190080],[5,100,27.72],[0.32399999999999984,-49.703,0,0,0,0,1,1,1,1]],[6,"n",false,2,[[0,-134,[49],50]],[5,61,32],[-47.125,63.815,0,0,0,0,1,1,1,1]],[30,"hytj",512,false,2,[[43,-135,[52]]],[5,23,87],[-56.065,3.242,0,0,0,0,1,1,1,1]],[5,"node_warning",false,8,[[1,0,-136,[54],55]],[5,800,243]],[2,"bk",8,[[1,0,-137,[56],57]],[5,600,106],[-10,-5,0,0,0,0,1,1,1,1]],[5,"icon_undo",false,9,[[12,false,-138,[58],59]],[5,56,51]],[2,"circle",9,[[0,-139,[60],61]],[5,42,42],[43.741,34.573,0,0,0,0,1,1,1,1]],[7,"txt_undo",9,[[9,"2",30,32,1,1,-140,[62]]],[4,4282992973],[5,16.68,40.32],[42.741,35.573,0,0,0,0,1,1,1,0]],[2,"sp",5,[[1,0,-141,[65],66]],[5,34,30],[46.078,35.393,0,0,0,0,1,1,1,1]],[5,"icon_help",false,5,[[0,-142,[67],68]],[5,61,73]],[6,"circle",false,5,[[0,-143,[71],72]],[5,42,42],[37,43,0,0,0,0,1,1,1,1]],[17,"txt_yichu",false,5,[[9,"2",30,32,1,1,-144,[73]]],[4,4282992973],[5,16.68,40.32],[36,44,0,0,0,0,1,1,1,1]],[5,"icon_help",false,10,[[0,-145,[80],81]],[5,58,77]],[2,"circle",10,[[0,-146,[82],83]],[5,42,42],[45.427,32.888,0,0,0,0,1,1,1,1]],[7,"txt_hint",10,[[9,"2",30,32,1,1,-147,[84]]],[4,4282992973],[5,16.68,40.32],[44.427,33.888,0,0,0,0,1,1,1,1]],[5,"icon_refresh",false,11,[[0,-148,[87],88]],[5,60,53]],[2,"circle",11,[[0,-149,[89],90]],[5,42,42],[47.112,32.888,0,0,0,0,1,1,1,1]],[7,"txt_shuffle",11,[[9,"2",30,32,1,1,-150,[91]]],[4,4282992973],[5,16.68,40.32],[46.112,33.888,0,0,0,0,1,1,1,1]],[15,"tileContainer",17]],0,[0,0,1,0,0,1,0,4,8,0,5,67,0,0,1,0,-1,32,0,-2,18,0,-3,33,0,-4,34,0,-5,6,0,-6,42,0,-7,8,0,-8,3,0,-9,16,0,-10,17,0,0,2,0,0,2,0,-1,47,0,-2,48,0,-3,49,0,-4,50,0,-5,26,0,-6,51,0,0,3,0,0,3,0,-1,9,0,-2,5,0,-3,10,0,-4,11,0,-5,28,0,3,3,0,0,4,0,-1,22,0,-2,37,0,-3,38,0,-4,23,0,-5,24,0,-6,25,0,0,5,0,0,5,0,-1,57,0,-2,58,0,-3,27,0,-4,59,0,-5,60,0,0,6,0,-1,19,0,-2,20,0,-3,21,0,-4,12,0,0,7,0,-1,43,0,-2,44,0,-3,45,0,-4,46,0,0,8,0,0,8,0,-1,52,0,-2,53,0,0,9,0,0,9,0,-1,54,0,-2,55,0,-3,56,0,0,10,0,0,10,0,-1,61,0,-2,62,0,-3,63,0,0,11,0,0,11,0,-1,64,0,-2,65,0,-3,66,0,0,12,0,-1,13,0,-2,14,0,0,13,0,0,13,0,-1,35,0,0,14,0,0,14,0,-1,36,0,0,15,0,0,16,0,-1,29,0,-2,30,0,0,17,0,3,17,0,-2,67,0,0,18,0,0,18,0,0,19,0,0,19,0,0,20,0,0,20,0,0,21,0,0,21,0,0,22,0,0,22,0,0,23,0,-1,39,0,0,24,0,-1,40,0,0,25,0,-1,41,0,0,26,0,0,26,0,0,27,0,0,27,0,0,28,0,0,28,0,0,29,0,0,29,0,0,30,0,0,30,0,0,32,0,0,33,0,0,34,0,0,35,0,0,36,0,0,37,0,0,38,0,0,39,0,0,40,0,0,41,0,0,43,0,0,44,0,0,45,0,0,46,0,0,47,0,0,48,0,0,49,0,0,50,0,0,51,0,0,52,0,0,53,0,0,54,0,0,55,0,0,56,0,0,57,0,0,58,0,0,59,0,0,60,0,0,61,0,0,62,0,0,63,0,0,64,0,0,65,0,0,66,0,6,31,1,3,31,2,3,15,4,3,6,7,3,15,15,3,42,150],[0,0,0,0,0,0,0,0,0,0,0,0,0,0,0,0,0,0,0,0,0,0,0,0,0,0,0,0,0,0,0,0,0,0,0,0,0,0,0,0,0,0,0,0,0,0,0,0,0,0,0,0,0,0,0,0,0,0,0,0,0,0,0,0,0,0,0,0,0,0,0,0,0,0,0,0,0,0,0,0,0,0,0,0,0,0,0,0,0,0,0,0,0,0,0,0,0,0,0,0,0,0,0,0,0],[-1,1,-1,1,-1,1,-1,1,-1,1,-1,1,-1,1,-1,1,-1,1,-1,1,-1,-1,1,-1,1,-1,1,-1,1,-1,1,-1,1,-1,1,-1,1,-1,1,-1,1,-1,-1,1,-1,1,-1,1,-1,-1,1,-1,-1,-1,-1,1,-1,1,-1,1,-1,1,-1,-1,1,-1,1,-1,1,-1,1,-1,1,-1,-1,1,7,8,9,10,-1,1,-1,1,-1,-1,1,-1,1,-1,1,-1,-1,1,-1,1,-1,1,-1,1,11,12,13,14,15],[0,27,0,28,0,29,0,30,0,31,0,32,0,33,0,6,0,7,0,6,0,0,34,0,35,0,2,0,3,0,2,0,3,0,2,0,3,0,8,0,9,0,0,10,0,8,0,9,0,0,10,0,0,0,0,36,0,37,0,38,0,1,0,0,39,0,40,0,41,0,4,0,1,0,0,5,5,4,5,4,0,7,0,1,0,0,42,0,43,0,1,0,0,44,0,45,0,11,0,11,46,47,48,49,50]],[[{"name":"icon_help","rect":[0,0,61,73],"offset":[0,0],"originalSize":[61,73],"capInsets":[0,0,0,0]}],[1],0,[0],[2],[51]]]]