[1,["ecpdLyjvZBwrvm+cedCcQy","2eDM8Db2RCIaZ3cEFstFlj","a2MjXRFdtLlYQ5ouAFv/+R","a19BC5uHBGioMbxbNIny7x","620eP6xLVGUIG7tibf9fUA","d6rAMLFj9EFpxg0TFIjeDI","e37DEbWN1A7IxSZXQ5wMK5","2bKUW70pNNBKiJmuru0n13","a6MlvXFZtMa6Kbc59V4K2x","cb+OV0GAxOy7Y3NpXmrE5T","3cxr9d+ElH2Z78IrAtWqPx","0eaxQTs0tPQ4L1Lv356tgB","fcqF0ygLJArr8EuCikuZX8","1azQH2jbZOOYEJmUKNt8cs","a1kjC+JbpENpK9mtSwxu3P","2fjyvPrd1KvqxUF6zVNvfo","19V6Cf8cFAKpbStWC2vcwE","96Tea6DftM67Soi0rapK13"],["node","_spriteFrame","_textureSetter","root","data"],[["cc.Node",["_name","_opacity","_active","_prefab","_parent","_components","_contentSize","_trs","_children","_color","_anchorPoint"],0,4,1,9,5,7,2,5,5],"cc.SpriteFrame",["cc.Button",["_N$transition","zoomScale","node"],1,1],["cc.PrefabInfo",["fileId","root","asset"],2,1,1],["cc.Sprite",["_sizeMode","node","_materials","_spriteFrame"],2,1,3,6],["cc.Label",["_string","_fontSize","_lineHeight","_N$horizontalAlign","_N$verticalAlign","_styleFlags","node","_materials"],-3,1,3],["cc.Prefab",["_name"],2],["6c194G8A2xDorhWtZPx+g7Z",["node"],3,1],["cc.LabelOutline",["_width","node","_color"],2,1,5],["ee03dbX+yBHkZp/SVkY6kxG",["node"],3,1]],[[3,0,1,2,2],[4,1,2,3,1],[0,0,4,5,3,6,7,2],[0,0,4,8,3,2],[2,1,0,2,3],[6,0,2],[0,0,8,5,3,2],[0,0,4,5,3,9,6,7,2],[3,1,2,1],[4,0,1,2,3,2],[2,2,1],[2,0,2,2],[5,0,1,2,5,3,4,6,7,7],[5,0,1,2,3,4,6,7,6],[0,0,1,4,5,3,9,6,7,3],[0,0,4,8,5,3,6,7,2],[0,0,4,5,3,9,6,10,7,2],[0,0,4,5,3,6,2],[0,0,4,5,3,6,10,7,2],[0,0,1,4,5,3,9,6,3],[0,0,2,4,8,3,7,3],[0,0,4,8,3,7,2],[7,0,1],[8,0,1,2,2],[9,0,1]],[[[{"name":"icon_fuhuo","rect":[0,0,130,130],"offset":[0,0],"originalSize":[130,130],"capInsets":[0,0,0,0]}],[1],0,[0],[2],[3]],[[{"name":"shibai","rect":[0,0,83,46],"offset":[0,0],"originalSize":[83,46],"capInsets":[0,0,0,0]}],[1],0,[0],[2],[4]],[[{"name":"sb_1","rect":[0,0,96,122],"offset":[0,0],"originalSize":[96,122],"capInsets":[0,0,0,0]}],[1],0,[0],[2],[5]],[[[5,"game_fail_dlg"],[6,"game_fail_dlg",[-3,-4],[[22,-2]],[8,-1,0]],[3,"panel",1,[-5,-6,-7,-8,-9,-10,-11],[0,"29tUucL8VOQI3h20vIeNSg",1,0]],[14,"bk",180,1,[[9,0,-12,[0],1],[4,1.1,3,-13],[10,-14]],[0,"a9tyoPddZGTKm2pcpI3DQN",1,0],[4,4278190080],[5,1000,2000],[0,0,0,0,0,0,1,1,1,0]],[3,"1",2,[-15,-16,-17],[0,"6f4HL02+xJPpJi5gDIHG8l",1,0]],[15,"iconpo_heart",2,[-19],[[1,-18,[7],8]],[0,"21wXbmHqlLVLAjdGUQNyY0",1,0],[5,39,30],[-86.906,-59.034,0,0,0,0,1,1,1,1]],[16,"gk",2,[[12,"第1天",28,28,1,1,1,-20,[9]],[23,2,-21,[4,4278190080]]],[0,"3fksYqcMZKwL0o4WZ+C9YE",1,0],[4,4280785885],[5,75.57,39.28],[0,0,0.5],[-198.068,184.868,0,0,0,0,1,1,1,1]],[2,"backbtn",2,[[1,-22,[16],17],[4,1.1,3,-23]],[0,"e5wLTvdm1OdIjEVJWO72fB",1,0],[5,198,74],[-116,-161,0,0,0,0,1,1,1,0]],[2,"retrybtn",2,[[1,-24,[18],19],[4,1.1,3,-25]],[0,"b2zirLrRJLBJ4zBms8Io8i",1,0],[5,198,74],[123,-161,0,0,0,0,1,1,1,0]],[17,"tongyongk",2,[[1,-26,[2],3]],[0,"7atwt4cVtEQYSvoUGn19C2",1,0],[5,498,451]],[2,"shibai",2,[[1,-27,[4],5]],[0,"70s4JVINpHOIWtPXBhqbaO",1,0],[5,83,46],[0,182.549,0,0,0,0,1,1,1,1]],[18,"tip",5,[[12,"不哭，下次接着干",22,28,1,1,1,-28,[6]]],[0,"ef6vASfZtJO6OBQnI5IdZ4",1,0],[5,176,35.28],[0,0,0.5],[29.807,3.4299999999999997,0,0,0,0,1,1,1,1]],[2,"sb_1",4,[[1,-29,[10],11]],[0,"cdZkq114JGf7ybxBTeTNvU",1,0],[5,96,122],[-135,48,0,0,0,0,1,-0.8,0.8,1]],[2,"sb_1",4,[[1,-30,[12],13]],[0,"bc3fWhZr9HL7T+cCLbjKyV",1,0],[5,96,122],[0,48,0,0,0,0,1,-0.8,0.8,1]],[2,"sb_1",4,[[1,-31,[14],15]],[0,"e8LoL4QgBLlabz/PJ/erKy",1,0],[5,96,122],[140,48,0,0,0,0,1,-0.8,0.8,1]]],0,[0,3,1,0,0,1,0,-1,3,0,-2,2,0,-1,9,0,-2,10,0,-3,5,0,-4,6,0,-5,4,0,-6,7,0,-7,8,0,0,3,0,0,3,0,0,3,0,-1,12,0,-2,13,0,-3,14,0,0,5,0,-1,11,0,0,6,0,0,6,0,0,7,0,0,7,0,0,8,0,0,8,0,0,9,0,0,10,0,0,11,0,0,12,0,0,13,0,0,14,0,4,1,31],[0,0,0,0,0,0,0,0,0,0,0,0,0,0,0,0,0,0,0,0],[-1,1,-1,1,-1,1,-1,-1,1,-1,-1,1,-1,1,-1,1,-1,1,-1,1],[0,2,0,6,0,7,0,0,8,0,0,1,0,1,0,1,0,9,0,10]],[[{"name":"button_fh","rect":[0,0,198,74],"offset":[0,0],"originalSize":[198,74],"capInsets":[0,0,0,0]}],[1],0,[0],[2],[11]],[[{"name":"fhk","rect":[0,0,498,500],"offset":[0,0],"originalSize":[498,500],"capInsets":[0,0,0,0]}],[1],0,[0],[2],[12]],[[{"name":"iconpo_heart","rect":[0,0,39,30],"offset":[0,0],"originalSize":[39,30],"capInsets":[0,0,0,0]}],[1],0,[0],[2],[13]],[[[5,"juba_fuhuo_sel"],[6,"juba_fuhuo_sel",[-3,-4],[[24,-2]],[8,-1,0]],[3,"panel",1,[-5,-6,-7,-8,-9],[0,"29tUucL8VOQI3h20vIeNSg",1,0]],[19,"bk",180,1,[[9,0,-10,[0],1],[10,-11]],[0,"a9tyoPddZGTKm2pcpI3DQN",1,0],[4,4278190080],[5,1000,2000]],[2,"exitbtn",2,[[1,-12,[4],5],[11,3,-13]],[0,"76igTDaO9M/4ZF3BrixNPs",1,0],[5,52,55],[232.132,344.764,0,0,0,0,1,1,1,0]],[20,"1",false,2,[-14,-15],[0,"54WaSgpCpC/6q8fVyuqpkd",1,0],[0,110,0,0,0,0,1,1,1,1]],[2,"fuhuobtn",2,[[1,-16,[9],10],[11,3,-17]],[0,"72qp6rnWFNH4HXz/bc5O29",1,0],[5,198,74],[4.048,-73.726,0,0,0,0,1,1,1,0]],[2,"fhk",2,[[1,-18,[2],3]],[0,"81QC94239Ikp2GRudSF6+p",1,0],[5,498,500],[0,110,0,0,0,0,1,1,1,1]],[2,"icon_fuhuo",5,[[1,-19,[6],7]],[0,"56lffYkvhEBJuTUqc8X6De",1,0],[5,130,130],[-3.705,71.615,0,0,0,0,1,1,1,1]],[7,"t",5,[[13,"是否复活并清除一列",28,28,1,1,-20,[8]]],[0,"2bk8uqN9RNtopxd1dvAt+E",1,0],[4,4294436325],[5,252,35.28],[0,-49.261,0,0,0,0,1,1,1,1]],[21,"2",2,[-21],[0,"2cts4mh9RKjbHS+w7a1TVW",1,0],[0,110,0,0,0,0,1,1,1,1]],[7,"t",10,[[13,"确定退出吗?\n(你的关卡进度将清空哦!)",30,42,1,1,-22,[11]]],[0,"eb0zD1L/pMQaz6y5/5doPF",1,0],[4,4294436325],[5,328.32,94.92],[0,35.808,0,0,0,0,1,1,1,1]]],0,[0,3,1,0,0,1,0,-1,3,0,-2,2,0,-1,7,0,-2,4,0,-3,5,0,-4,6,0,-5,10,0,0,3,0,0,3,0,0,4,0,0,4,0,-1,8,0,-2,9,0,0,6,0,0,6,0,0,7,0,0,8,0,0,9,0,-1,11,0,0,11,0,4,1,22],[0,0,0,0,0,0,0,0,0,0,0,0],[-1,1,-1,1,-1,1,-1,1,-1,-1,1,-1],[0,2,0,14,0,15,0,16,0,0,17,0]]]]