{
    "description": "项目配置文件。",
    "miniprogramRoot": "./",
    "setting": {
        "urlCheck": true,
        "es6": true,
        "postcss": true,
        "minified": false,
        "newFeature": false
    },
    "compileType": "game",
    "libVersion": "latest",
    "appid": "wxc5c5bac259ded771",
    "projectname": "naoli_heji_mukuai_jiubei",
    "condition": {
        "search": {
            "current": -1,
            "list": []
        },
        "conversation": {
            "current": -1,
            "list": []
        },
        "game": {
            "currentL": -1,
            "list": [],
            "current": -1
        },
        "miniprogram": {
            "current": -1,
            "list": []
        }
    }
}